pan_id,date,season,temperature_c,humidity_pct,wind_speed_kmh,rainfall_mm,sunshine_hours,water_depth_cm,brine_density_be,salt_thickness_mm,days_since_last_rain,precipitation_7d_forecast_mm,precipitation_probability_pct,next7d_rain_mm,harvest_readiness,climate_risk,harvest_ready_flag,yield_kg,action_recorded,area_m2,latitude,longitude
PAN-1,2021-01-01,other,26.79,66.48,28.16,0.0,7.43,13.33,3.68,0.0,13,39.32,46.6,47.65,0.0,0.3356,0,0.0,,2400.0,8.7642,78.1348
PAN-1,2021-01-02,other,25.84,84.49,22.38,0.0,7.71,13.08,3.75,0.0,14,24.79,23.9,25.42,0.0,0.2568,0,0.0,,2400.0,8.7642,78.1348
PAN-1,2021-01-03,other,23.32,77.31,27.47,0.97,9.94,12.68,3.87,0.0,15,60.46,56.5,54.38,0.0,0.4118,0,0.0,,2400.0,8.7642,78.1348
PAN-1,2021-01-04,other,25.34,77.62,25.35,1.3,9.8,12.4,3.96,0.0,0,6.73,9.7,6.86,0.0,0.0993,0,0.0,,2400.0,8.7642,78.1348
PAN-1,2021-01-05,other,26.93,67.12,28.16,38.11,8.48,15.52,3.5,0.0,0,47.51,44.9,41.57,0.0192,0.2386,0,0.0,,2400.0,8.7642,78.1348
PAN-1,2021-01-06,other,28.38,78.09,23.97,0.0,9.86,15.06,3.61,0.0,1,22.71,27.4,26.43,0.0604,0.2536,0,0.0,,2400.0,8.7642,78.1348
PAN-1,2021-01-07,other,25.55,67.99,29.13,0.0,8.69,14.42,3.77,0.0,2,69.58,90.1,96.26,0.0,0.613,0,0.0,,2400.0,8.7642,78.1348
PAN-1,2021-01-08,other,28.17,76.21,32.61,0.0,10.1,13.78,3.95,0.0,3,35.35,31.9,30.51,0.0,0.3031,0,0.0,,2400.0,8.7642,78.1348
PAN-1,2021-01-09,other,26.4,83.19,31.66,22.81,9.05,15.68,3.5,0.0,0,43.43,62.0,46.46,0.0174,0.3314,0,0.0,,2400.0,8.7642,78.1348
PAN-1,2021-01-10,other,27.93,64.58,29.46,0.0,9.28,14.84,3.7,0.0,1,40.72,48.8,44.18,0.0075,0.2713,0,0.0,,2400.0,8.7642,78.1348
PAN-1,2021-01-11,other,27.07,77.44,27.56,0.0,7.6,14.39,3.82,0.0,2,68.45,73.7,73.95,0.0,0.5278,0,0.0,,2400.0,8.7642,78.1348
PAN-1,2021-01-12,other,29.75,68.41,21.99,38.76,8.16,17.64,3.5,0.0,0,30.26,40.0,32.11,0.0599,0.2378,0,0.0,,2400.0,8.7642,78.1348
PAN-1,2021-01-13,other,26.63,77.96,31.12,14.13,6.21,18.6,3.5,0.0,0,70.38,62.1,66.27,0.0,0.4962,0,0.0,,2400.0,8.7642,78.1348
PAN-1,2021-01-14,other,26.95,68.69,40.73,0.0,10.61,17.63,3.69,0.0,1,40.8,40.6,39.76,0.0,0.326,0,0.0,,2400.0,8.7642,78.1348
PAN-1,2021-01-15,other,26.69,71.43,34.19,8.03,8.48,17.74,3.67,0.0,0,42.46,32.8,38.61,0.0,0.2762,0,0.0,,2400.0,8.7642,78.1348
PAN-1,2021-01-16,other,27.61,77.78,29.3,0.0,9.27,17.22,3.78,0.0,1,56.06,67.9,57.2,0.0,0.4539,0,0.0,,2400.0,8.7642,78.1348
PAN-1,2021-01-17,other,27.38,76.34,33.72,0.0,10.56,16.58,3.93,0.0,2,50.08,49.4,46.02,0.0253,0.2862,0,0.0,,2400.0,8.7642,78.1348
PAN-1,2021-01-18,other,28.49,73.65,32.1,20.64,8.6,17.97,3.63,0.0,0,35.73,38.6,39.84,0.0217,0.2661,0,0.0,,2400.0,8.7642,78.1348
PAN-1,2021-01-19,other,28.79,67.01,33.53,0.0,12.05,16.96,3.85,0.0,1,63.41,74.3,73.03,0.0,0.5024,0,0.0,,2400.0,8.7642,78.1348
PAN-1,2021-01-20,other,30.45,81.51,40.58,0.0,7.72,16.33,4.0,0.0,2,47.41,52.8,55.28,0.0,0.3447,0,0.0,,2400.0,8.7642,78.1348
PAN-1,2021-01-21,other,26.43,69.49,44.72,0.0,8.59,15.4,4.24,0.0,3,69.41,68.9,66.15,0.0,0.521,0,0.0,,2400.0,8.7642,78.1348
PAN-1,2021-01-22,other,29.62,71.36,37.36,0.0,8.4,14.51,4.5,0.0,4,50.2,53.6,67.88,0.0318,0.5097,0,0.0,,2400.0,8.7642,78.1348
PAN-1,2021-01-23,other,28.86,65.96,35.23,12.99,8.31,14.85,4.4,0.0,0,52.06,72.4,59.42,0.0131,0.4119,0,0.0,,2400.0,8.7642,78.1348
PAN-1,2021-01-24,other,30.16,74.32,34.49,0.0,7.49,14.11,4.63,0.0,1,67.1,68.2,67.17,0.0,0.6133,0,0.0,,2400.0,8.7642,78.1348
PAN-1,2021-01-25,other,25.79,83.72,41.13,32.54,8.41,16.93,3.86,0.0,0,108.39,72.9,86.61,0.0,0.6753,0,0.0,,2400.0,8.7642,78.1348
PAN-1,2021-01-26,other,29.53,78.62,36.24,0.0,9.95,16.25,4.02,0.0,1,48.43,59.0,54.73,0.0,0.3698,0,0.0,,2400.0,8.7642,78.1348
PAN-1,2021-01-27,other,31.55,72.62,39.24,5.77,6.76,15.9,4.11,0.0,0,27.63,32.1,26.61,0.0631,0.1696,0,0.0,,2400.0,8.7642,78.1348
PAN-1,2021-01-28,other,28.82,82.12,41.0,4.65,9.15,15.77,4.14,0.0,0,39.88,39.9,36.58,0.0955,0.2365,0,0.0,,2400.0,8.7642,78.1348
PAN-1,2021-01-29,other,28.84,86.5,40.75,7.89,8.0,16.13,4.05,0.0,0,14.26,14.2,14.46,0.0051,0.1102,0,0.0,,2400.0,8.7642,78.1348
PAN-1,2021-01-30,other,28.18,77.86,30.65,1.06,10.33,15.66,4.17,0.0,0,86.02,60.0,64.33,0.0029,0.4175,0,0.0,,2400.0,8.7642,78.1348
PAN-1,2021-01-31,other,32.3,81.13,37.17,7.8,9.82,15.72,4.15,0.0,0,61.0,60.9,58.11,0.0035,0.4505,0,0.0,,2400.0,8.7642,78.1348
PAN-1,2021-02-01,summer,28.87,83.3,32.34,6.47,7.3,15.95,4.09,0.0,0,76.46,70.2,80.82,0.0,0.6436,0,0.0,,2400.0,8.7642,78.1348
PAN-1,2021-02-02,summer,30.52,71.68,38.35,0.0,9.05,14.98,4.35,0.0,1,13.21,19.4,15.44,0.0,0.1544,0,0.0,,2400.0,8.7642,78.1348
PAN-1,2021-02-03,summer,28.39,70.31,34.83,0.0,9.6,14.14,4.61,0.0,2,99.56,85.3,100.4,0.0,0.6183,0,0.0,,2400.0,8.7642,78.1348
PAN-1,2021-02-04,summer,24.96,73.23,33.74,0.0,8.43,13.56,4.81,0.0,3,57.92,62.4,56.84,0.0311,0.426,0,0.0,,2400.0,8.7642,78.1348
PAN-1,2021-02-05,summer,28.9,66.96,37.38,0.0,9.79,12.53,5.21,0.0,4,16.85,17.0,16.22,0.0,0.164,0,0.0,,2400.0,8.7642,78.1348
PAN-1,2021-02-06,summer,31.37,73.16,40.36,4.55,8.09,12.01,5.43,0.0,0,19.7,28.5,25.34,0.0006,0.2035,0,0.0,,2400.0,8.7642,78.1348
PAN-1,2021-02-07,summer,28.49,66.68,34.41,10.93,8.3,12.2,5.34,0.0,0,11.09,24.5,11.16,0.0,0.1125,0,0.0,,2400.0,8.7642,78.1348
PAN-1,2021-02-08,summer,31.27,53.3,39.02,8.69,9.57,12.0,5.62,0.0,0,82.37,68.5,70.75,0.0198,0.5447,0,0.0,,2400.0,8.7642,78.1348
PAN-1,2021-02-09,summer,29.64,72.29,43.57,9.37,8.92,12.0,5.64,0.0,0,65.42,51.4,68.33,0.0202,0.4748,0,0.0,,2400.0,8.7642,78.1348
PAN-1,2021-02-10,summer,30.33,68.32,33.25,0.0,7.28,12.0,5.9,0.0,1,48.23,53.7,46.68,0.0,0.3644,0,0.0,,2400.0,8.7642,78.1348
PAN-1,2021-02-11,summer,31.38,61.58,36.99,0.0,12.26,12.0,6.34,0.0,2,17.08,17.0,15.56,0.0306,0.1089,0,0.0,,2400.0,8.7642,78.1348
PAN-1,2021-02-12,summer,32.42,83.29,33.21,0.0,8.51,12.0,6.5,0.0,3,37.25,53.0,38.7,0.0,0.3311,0,0.0,,2400.0,8.7642,78.1348
PAN-1,2021-02-13,summer,27.53,66.48,31.6,9.13,10.02,12.07,6.46,0.0,0,10.95,17.8,9.53,0.0,0.1574,0,0.0,,2400.0,8.7642,78.1348
PAN-1,2021-02-14,summer,29.68,76.51,32.6,16.84,8.65,13.1,5.95,0.0,0,22.69,18.7,25.99,0.0515,0.1773,0,0.0,,2400.0,8.7642,78.1348
PAN-1,2021-02-15,summer,30.72,61.91,33.61,5.35,8.3,12.49,6.24,0.0,0,33.2,36.3,33.66,0.0283,0.2677,0,0.0,,2400.0,8.7642,78.1348
PAN-1,2021-02-16,summer,28.8,64.38,32.37,21.46,9.06,13.68,5.7,0.0,0,60.21,59.7,62.03,0.0,0.5982,0,0.0,,2400.0,8.7642,78.1348
PAN-1,2021-02-17,summer,31.95,61.47,33.5,20.98,10.17,14.45,5.4,0.0,0,44.53,31.6,34.27,0.0392,0.3241,0,0.0,,2400.0,8.7642,78.1348
PAN-1,2021-02-18,summer,29.26,67.5,30.73,0.0,9.62,13.58,5.75,0.0,1,18.92,26.6,18.26,0.0057,0.1457,0,0.0,,2400.0,8.7642,78.1348
PAN-1,2021-02-19,summer,30.55,57.64,32.34,17.11,10.21,13.98,5.58,0.0,0,14.2,16.2,14.92,0.0657,0.2058,0,0.0,,2400.0,8.7642,78.1348
PAN-1,2021-02-20,summer,31.29,60.6,29.6,0.0,11.34,12.75,6.12,0.0,1,75.94,55.2,59.01,0.0,0.3852,0,0.0,,2400.0,8.7642,78.1348
PAN-1,2021-02-21,summer,35.53,67.67,28.24,0.0,10.28,12.0,6.63,0.0,2,5.1,9.9,5.71,0.008,0.0606,0,0.0,,2400.0,8.7642,78.1348
PAN-1,2021-02-22,summer,32.31,64.86,32.56,14.77,9.11,12.32,6.46,0.0,0,49.74,45.6,40.06,0.0,0.2893,0,0.0,,2400.0,8.7642,78.1348
PAN-1,2021-02-23,summer,32.93,67.83,28.13,12.34,8.32,12.61,6.31,0.0,0,41.98,36.1,43.35,0.0,0.3355,0,0.0,,2400.0,8.7642,78.1348
PAN-1,2021-02-24,summer,32.6,63.58,30.51,8.75,8.31,12.36,6.44,0.0,0,32.11,45.2,36.61,0.0187,0.2258,0,0.0,,2400.0,8.7642,78.1348
PAN-1,2021-02-25,summer,33.89,74.56,31.17,0.0,9.73,12.0,6.79,0.0,1,39.94,58.4,59.6,0.0,0.4088,0,0.0,,2400.0,8.7642,78.1348
PAN-1,2021-02-26,summer,33.75,55.85,25.81,0.35,7.14,12.0,7.14,0.0,2,50.52,53.0,48.86,0.0026,0.3422,0,0.0,,2400.0,8.7642,78.1348
PAN-1,2021-02-27,summer,31.42,57.47,25.71,4.24,9.34,12.0,7.34,0.0,0,0.0,11.9,0.13,0.0,0.0,0,0.0,,2400.0,8.7642,78.1348
PAN-1,2021-02-28,summer,31.48,58.11,26.46,0.0,8.97,12.0,7.66,0.0,1,0.57,8.8,0.0,0.0491,0.0404,0,0.0,,2400.0,8.7642,78.1348
PAN-1,2021-03-01,summer,31.87,63.16,20.54,0.0,10.27,12.0,7.91,0.0,2,7.46,24.7,9.66,0.0375,0.0291,0,0.0,,2400.0,8.7642,78.1348
PAN-1,2021-03-02,summer,31.62,62.55,25.94,0.0,10.61,12.0,8.21,0.0,3,6.46,13.6,6.51,0.0263,0.0484,0,0.0,,2400.0,8.7642,78.1348
PAN-1,2021-03-03,summer,32.32,51.85,16.66,21.87,7.64,13.31,7.4,0.0,0,17.35,12.5,18.72,0.0136,0.178,0,0.0,,2400.0,8.7642,78.1348
PAN-1,2021-03-04,summer,33.34,43.83,24.83,6.9,12.28,12.25,8.04,0.0,0,44.65,58.1,50.23,0.0252,0.4217,0,0.0,,2400.0,8.7642,78.1348
PAN-1,2021-03-05,summer,34.56,47.76,20.98,0.0,8.49,12.0,8.52,0.0,1,22.26,31.8,24.09,0.0055,0.1832,0,0.0,,2400.0,8.7642,78.1348
PAN-1,2021-03-06,summer,30.62,53.34,15.86,0.0,13.0,12.0,8.78,0.0,2,10.39,17.9,9.66,0.0099,0.0696,0,0.0,,2400.0,8.7642,78.1348
PAN-1,2021-03-07,summer,33.85,70.52,18.42,0.0,9.61,12.0,8.98,0.0,3,13.32,28.9,15.02,0.073,0.0825,0,0.0,,2400.0,8.7642,78.1348
PAN-1,2021-03-08,summer,32.08,50.02,26.25,3.88,10.99,12.0,9.29,0.0,0,0.0,2.2,0.0,0.0857,0.0311,0,0.0,,2400.0,8.7642,78.1348
PAN-1,2021-03-09,summer,31.36,58.86,19.43,0.0,10.1,12.0,9.55,0.0,1,10.74,13.9,10.37,0.0563,0.1275,0,0.0,,2400.0,8.7642,78.1348
PAN-1,2021-03-10,summer,35.06,42.67,17.71,0.0,9.83,12.0,9.95,0.0,2,33.44,32.9,36.77,0.0302,0.3104,0,0.0,,2400.0,8.7642,78.1348
PAN-1,2021-03-11,summer,34.89,49.84,17.49,0.0,10.95,12.0,10.31,0.0,3,1.02,4.0,0.0,0.0118,0.0556,0,0.0,,2400.0,8.7642,78.1348
PAN-1,2021-03-12,summer,32.53,51.38,18.91,4.94,9.38,12.0,10.47,0.0,0,0.12,10.2,0.0,0.0,0.0,0,0.0,,2400.0,8.7642,78.1348
PAN-1,2021-03-13,summer,31.47,38.52,12.39,0.0,10.3,12.0,10.75,0.0,1,3.56,10.5,3.6,0.0,0.0538,0,0.0,,2400.0,8.7642,78.1348
PAN-1,2021-03-14,summer,32.86,43.25,19.77,0.0,9.57,12.0,11.13,0.0,2,0.02,4.8,0.51,0.0451,0.0922,0,0.0,,2400.0,8.7642,78.1348
PAN-1,2021-03-15,summer,31.94,38.34,10.66,1.99,10.48,12.0,11.33,0.0,0,1.05,10.8,1.19,0.0,0.0,0,0.0,,2400.0,8.7642,78.1348
PAN-1,2021-03-16,summer,33.12,46.1,16.63,0.0,10.78,12.0,11.67,0.0,1,9.03,18.7,8.72,0.0,0.0939,0,0.0,,2400.0,8.7642,78.1348
PAN-1,2021-03-17,summer,35.84,50.15,13.42,0.0,10.29,12.0,11.98,0.0,2,32.9,29.3,29.8,0.0,0.2049,0,0.0,,2400.0,8.7642,78.1348
PAN-1,2021-03-18,summer,34.05,48.89,9.9,0.0,9.51,12.0,12.21,0.0,3,1.26,10.0,0.0,0.0,0.0563,0,0.0,,2400.0,8.7642,78.1348
PAN-1,2021-03-19,summer,33.57,40.19,10.74,6.08,9.62,12.0,12.3,0.0,0,0.0,3.5,0.0,0.0338,0.0219,0,0.0,,2400.0,8.7642,78.1348
PAN-1,2021-03-20,summer,32.76,52.67,10.29,0.0,10.49,12.0,12.51,0.0,1,3.65,7.2,3.93,0.0619,0.0629,0,0.0,,2400.0,8.7642,78.1348
PAN-1,2021-03-21,summer,35.92,34.37,8.98,0.0,8.96,12.0,12.81,0.0,2,0.06,1.5,0.0,0.017,0.041,0,0.0,,2400.0,8.7642,78.1348
PAN-1,2021-03-22,summer,36.22,37.95,4.93,0.0,9.39,12.0,13.02,0.0,3,0.26,6.1,0.0,0.0704,0.0,0,0.0,,2400.0,8.7642,78.1348
PAN-1,2021-03-23,summer,32.44,30.93,9.29,0.0,10.43,12.0,13.3,0.0,4,16.4,25.0,20.0,0.0147,0.1318,0,0.0,,2400.0,8.7642,78.1348
PAN-1,2021-03-24,summer,34.36,29.78,10.76,0.0,11.33,12.0,13.65,0.0,5,0.22,2.6,0.0,0.0,0.0161,0,0.0,,2400.0,8.7642,78.1348
PAN-1,2021-03-25,summer,35.25,34.88,11.2,0.0,12.55,12.0,14.02,0.0,6,0.35,1.4,0.0,0.0,0.0434,0,0.0,,2400.0,8.7642,78.1348
PAN-1,2021-03-26,summer,35.47,50.05,9.55,0.0,11.94,12.0,14.27,0.0,7,15.68,24.3,13.56,0.0741,0.0939,0,0.0,,2400.0,8.7642,78.1348
PAN-1,2021-03-27,summer,29.39,33.87,10.23,8.26,11.79,12.0,14.28,0.0,0,0.0,4.5,0.0,0.0655,0.0834,0,0.0,,2400.0,8.7642,78.1348
PAN-1,2021-03-28,summer,33.41,38.84,8.62,0.0,9.91,12.0,14.52,0.0,1,5.85,30.0,5.73,0.012,0.1597,0,0.0,,2400.0,8.7642,78.1348
PAN-1,2021-03-29,summer,36.28,39.24,4.04,0.0,9.2,12.0,14.71,0.0,2,0.58,5.2,0.0,0.0,0.1388,0,0.0,,2400.0,8.7642,78.1348
PAN-1,2021-03-30,summer,33.08,32.52,7.74,0.0,10.54,12.0,14.96,0.0,3,2.88,9.4,3.07,0.0815,0.0,0,0.0,,2400.0,8.7642,78.1348
PAN-1,2021-03-31,summer,33.8,44.83,2.14,0.0,10.37,12.0,15.09,0.0,4,0.0,7.5,0.0,0.0246,0.1028,0,0.0,,2400.0,8.7642,78.1348
PAN-1,2021-04-01,summer,34.82,33.08,0.0,0.0,11.03,12.0,15.21,0.0,5,8.32,14.0,8.88,0.0,0.093,0,0.0,,2400.0,8.7642,78.1348
PAN-1,2021-04-02,summer,37.72,45.75,9.42,0.0,12.01,12.0,15.52,0.0,6,0.25,10.3,0.0,0.011,0.0153,0,0.0,,2400.0,8.7642,78.1348
PAN-1,2021-04-03,summer,35.85,24.99,7.74,0.0,10.19,12.0,15.84,0.0,7,19.12,21.5,23.85,0.0002,0.1628,0,0.0,,2400.0,8.7642,78.1348
PAN-1,2021-04-04,summer,35.09,23.12,0.0,0.0,12.08,12.0,15.99,0.0,8,10.01,30.5,12.1,0.0122,0.1472,0,0.0,,2400.0,8.7642,78.1348
PAN-1,2021-04-05,summer,32.04,35.63,10.04,0.0,12.29,12.0,16.27,0.0,9,0.01,0.0,0.0,0.0,0.0238,0,0.0,,2400.0,8.7642,78.1348
PAN-1,2021-04-06,summer,35.24,38.74,5.67,0.0,10.78,12.0,16.49,0.0,10,1.27,16.4,0.0,0.0,0.0067,0,0.0,,2400.0,8.7642,78.1348
PAN-1,2021-04-07,summer,33.33,34.83,7.76,0.0,11.46,12.0,16.75,0.0,11,6.6,23.5,8.65,0.0157,0.15,0,0.0,,2400.0,8.7642,78.1348
PAN-1,2021-04-08,summer,35.27,35.62,6.9,0.0,10.63,12.0,17.01,0.0,12,0.0,0.0,0.0,0.0,0.077,0,0.0,,2400.0,8.7642,78.1348
PAN-1,2021-04-09,summer,33.26,41.27,12.43,0.0,11.71,12.0,17.32,0.0,13,11.71,16.3,11.06,0.0,0.1697,0,0.0,,2400.0,8.7642,78.1348
PAN-1,2021-04-10,summer,36.01,44.37,0.27,0.0,11.83,12.0,17.44,0.0,14,22.36,24.3,22.72,0.0055,0.2924,0,0.0,,2400.0,8.7642,78.1348
PAN-1,2021-04-11,summer,34.1,37.0,15.98,0.0,13.0,12.0,17.88,0.0,15,4.86,13.3,6.0,0.0,0.1065,0,0.0,,2400.0,8.7642,78.1348
PAN-1,2021-04-12,summer,36.11,43.87,5.86,0.0,12.63,12.0,18.11,0.0,16,0.0,2.8,0.0,0.0703,0.0,0,0.0,,2400.0,8.7642,78.1348
PAN-1,2021-04-13,summer,33.44,38.76,0.58,0.0,11.75,12.0,18.23,0.0,17,2.38,14.1,2.03,0.0,0.0293,0,0.0,,2400.0,8.7642,78.1348
PAN-1,2021-04-14,summer,30.77,27.04,5.03,0.0,9.87,12.0,18.42,0.0,18,0.22,11.6,0.0,0.0,0.0367,0,0.0,,2400.0,8.7642,78.1348
PAN-1,2021-04-15,summer,37.81,46.6,11.95,0.0,9.79,12.0,18.75,0.0,19,29.38,38.1,28.79,0.0157,0.261,0,0.0,,2400.0,8.7642,78.1348
PAN-1,2021-04-16,summer,35.4,33.2,5.14,0.0,10.6,12.0,18.98,0.0,20,0.0,10.7,0.0,0.046,0.0582,0,0.0,,2400.0,8.7642,78.1348
PAN-1,2021-04-17,summer,35.9,31.57,0.55,0.0,13.0,12.0,19.13,0.0,21,0.51,4.8,0.0,0.0758,0.021,0,0.0,,2400.0,8.7642,78.1348
PAN-1,2021-04-18,summer,33.3,27.43,1.06,0.0,12.65,12.0,19.28,0.0,22,1.91,8.9,0.0,0.0078,0.0,0,0.0,,2400.0,8.7642,78.1348
PAN-1,2021-04-19,summer,33.91,42.35,2.66,0.0,11.04,12.0,19.42,0.0,23,0.99,7.4,0.0,0.006,0.1002,0,0.0,,2400.0,8.7642,78.1348
PAN-1,2021-04-20,summer,35.96,33.89,12.44,0.0,11.38,12.0,19.82,0.0,24,47.0,41.9,49.26,0.0058,0.3684,0,0.0,,2400.0,8.7642,78.1348
PAN-1,2021-04-21,summer,31.53,37.77,11.86,0.0,10.53,12.0,20.1,0.0,25,0.0,0.0,0.0,0.0,0.1077,0,0.0,,2400.0,8.7642,78.1348
PAN-1,2021-04-22,summer,35.77,48.3,8.71,0.0,11.21,12.0,20.35,0.0,26,0.43,16.2,0.0,0.065,0.0554,0,0.0,,2400.0,8.7642,78.1348
PAN-1,2021-04-23,summer,35.99,33.06,10.11,0.0,11.07,12.0,20.7,0.0,27,15.9,15.8,15.66,0.0312,0.0857,0,0.0,,2400.0,8.7642,78.1348
PAN-1,2021-04-24,summer,37.2,31.23,2.39,0.0,10.92,12.0,20.9,0.0,28,0.12,0.0,0.0,0.009,0.0508,0,0.0,,2400.0,8.7642,78.1348
PAN-1,2021-04-25,summer,36.53,38.31,0.0,0.0,9.8,12.0,21.02,0.0,29,0.0,0.0,0.0,0.0311,0.0523,0,0.0,,2400.0,8.7642,78.1348
PAN-1,2021-04-26,summer,36.56,30.31,11.32,0.0,10.12,12.0,21.41,0.0,30,0.47,12.3,0.0,0.0725,0.0269,0,0.0,,2400.0,8.7642,78.1348
PAN-1,2021-04-27,summer,35.39,25.0,6.66,0.0,11.56,12.0,21.71,0.0,31,3.18,15.9,4.06,0.0,0.0406,0,0.0,,2400.0,8.7642,78.1348
PAN-1,2021-04-28,summer,31.24,33.06,13.79,0.0,11.43,12.0,22.05,0.0,32,0.15,3.4,0.0,0.0014,0.0,0,0.0,,2400.0,8.7642,78.1348
PAN-1,2021-04-29,summer,33.05,34.26,11.38,0.0,10.54,12.0,22.36,0.0,33,0.0,16.9,0.0,0.0,0.0764,0,0.0,,2400.0,8.7642,78.1348
PAN-1,2021-04-30,summer,36.37,34.17,6.81,0.0,12.07,12.0,22.65,0.0,34,8.51,17.7,8.72,0.0,0.1665,0,0.0,,2400.0,8.7642,78.1348
PAN-1,2021-05-01,summer,40.58,33.14,7.52,0.0,12.97,12.0,23.05,0.0,35,0.33,18.6,0.0,0.0779,0.0827,0,0.0,,2400.0,8.7642,78.1348
PAN-1,2021-05-02,summer,34.04,27.57,11.91,0.0,10.7,12.0,23.43,0.0,36,0.44,14.9,0.0,0.0,0.1452,0,0.0,,2400.0,8.7642,78.1348
PAN-1,2021-05-03,summer,38.32,32.21,8.14,0.0,10.58,12.0,23.78,0.0,37,0.0,8.1,0.0,0.0,0.0876,0,0.0,,2400.0,8.7642,78.1348
PAN-1,2021-05-04,summer,36.49,31.0,7.0,0.0,10.22,12.0,24.07,0.0,38,20.98,22.9,17.56,0.0,0.2949,0,0.0,,2400.0,8.7642,78.1348
PAN-1,2021-05-05,summer,36.42,36.28,6.71,0.0,10.97,12.0,24.34,0.0,39,6.86,14.6,6.9,0.0,0.1505,0,0.0,,2400.0,8.7642,78.1348
PAN-1,2021-05-06,summer,36.53,37.25,16.92,0.0,12.74,12.0,24.41,0.0,40,12.18,14.6,10.81,0.0497,0.1789,0,0.0,,2400.0,8.7642,78.1348
PAN-1,2021-05-07,summer,37.99,15.0,4.17,0.0,9.7,12.0,24.71,0.0,41,11.25,27.5,10.76,0.1202,0.2454,0,0.0,,2400.0,8.7642,78.1348
PAN-1,2021-05-08,summer,33.84,30.5,7.06,0.0,9.79,12.0,24.96,0.0,42,0.0,8.5,0.0,0.1128,0.0983,0,0.0,,2400.0,8.7642,78.1348
PAN-1,2021-05-09,summer,35.29,39.45,10.81,0.0,10.71,12.0,25.28,0.0,43,0.0,11.3,0.0,0.2309,0.1482,0,0.0,,2400.0,8.7642,78.1348
PAN-1,2021-05-10,summer,32.18,24.58,6.4,0.0,8.93,11.81,24.6,0.0,44,0.67,4.5,0.0,0.0191,0.132,0,0.0,,2400.0,8.7642,78.1348
PAN-1,2021-05-11,summer,30.72,42.09,7.15,0.0,8.93,12.0,24.44,0.0,45,0.0,19.2,0.0,0.0531,0.195,0,0.0,,2400.0,8.7642,78.1348
PAN-1,2021-05-12,summer,32.36,38.01,16.28,0.0,10.68,12.0,24.8,0.0,46,11.06,10.9,10.99,0.1099,0.1898,0,0.0,,2400.0,8.7642,78.1348
PAN-1,2021-05-13,summer,33.88,34.06,8.54,0.0,10.85,12.0,25.08,0.0,47,21.67,25.4,20.49,0.0832,0.3344,0,0.0,,2400.0,8.7642,78.1348
PAN-1,2021-05-14,summer,34.96,32.5,9.92,0.0,11.18,11.75,23.85,0.0,48,0.0,10.8,0.0,0.0,0.1357,0,0.0,,2400.0,8.7642,78.1348
PAN-1,2021-05-15,summer,32.95,34.87,8.21,0.0,11.76,12.0,23.69,0.0,49,18.65,32.8,17.08,0.074,0.2603,0,0.0,,2400.0,8.7642,78.1348
PAN-1,2021-05-16,summer,36.05,33.24,7.83,0.0,11.75,12.0,24.0,0.0,50,0.02,12.2,0.0,0.0433,0.0845,0,0.0,,2400.0,8.7642,78.1348
PAN-1,2021-05-17,summer,32.87,35.3,9.88,0.0,9.93,12.0,24.27,0.0,51,0.0,14.6,0.0,0.0,0.1104,0,0.0,,2400.0,8.7642,78.1348
PAN-1,2021-05-18,summer,36.78,19.79,16.07,0.0,11.17,12.0,23.75,0.0,52,0.62,7.2,0.0,0.035,0.1397,0,0.0,,2400.0,8.7642,78.1348
PAN-1,2021-05-19,summer,34.52,30.1,5.46,0.0,10.95,12.0,23.99,0.0,53,0.31,5.7,0.0,0.0,0.0613,0,0.0,,2400.0,8.7642,78.1348
PAN-1,2021-05-20,summer,33.68,35.19,8.59,0.0,10.49,12.0,24.26,0.0,54,29.51,32.2,25.3,0.0282,0.3088,0,0.0,,2400.0,8.7642,78.1348
PAN-1,2021-05-21,summer,34.75,33.83,9.35,0.0,11.3,12.0,24.57,0.0,55,0.0,11.9,0.0,0.0686,0.1374,0,0.0,,2400.0,8.7642,78.1348
PAN-1,2021-05-22,summer,34.25,29.77,8.46,0.0,11.65,12.0,24.88,0.0,56,0.0,11.3,0.0,0.1268,0.0862,0,0.0,,2400.0,8.7642,78.1348
PAN-1,2021-05-23,summer,35.64,48.43,9.89,0.0,11.81,12.0,25.15,0.0,57,16.43,21.6,18.01,0.1095,0.3225,0,0.0,,2400.0,8.7642,78.1348
PAN-1,2021-05-24,summer,34.53,36.75,6.07,0.0,9.54,11.83,24.51,0.0,58,29.18,41.6,34.79,0.0412,0.3265,0,0.0,,2400.0,8.7642,78.1348
PAN-1,2021-05-25,summer,33.62,44.29,7.84,0.0,10.47,12.0,24.43,0.0,59,0.93,0.0,0.0,0.0173,0.2467,0,0.0,,2400.0,8.7642,78.1348
PAN-1,2021-05-26,summer,33.92,22.54,5.67,0.0,11.29,12.0,24.69,0.0,60,0.65,9.3,0.0,0.1361,0.167,0,0.0,,2400.0,8.7642,78.1348
PAN-1,2021-05-27,summer,34.38,19.55,3.58,0.0,9.14,12.0,24.9,0.0,61,0.0,0.0,0.0,0.1043,0.0504,0,0.0,,2400.0,8.7642,78.1348
PAN-1,2021-05-28,summer,30.99,28.45,14.03,0.0,11.26,12.0,25.26,0.0,62,0.93,10.5,0.0,0.1756,0.2747,0,0.0,,2400.0,8.7642,78.1348
PAN-1,2021-05-29,summer,34.85,27.08,7.22,0.0,10.52,11.76,24.28,0.0,63,0.0,16.1,0.0,0.0342,0.1585,0,0.0,,2400.0,8.7642,78.1348
PAN-1,2021-05-30,summer,35.91,41.02,0.85,0.0,10.45,12.0,23.99,0.0,64,0.0,7.0,0.0,0.0132,0.0583,0,0.0,,2400.0,8.7642,78.1348
PAN-1,2021-05-31,summer,34.17,38.66,1.25,0.0,10.64,12.0,24.12,0.0,65,0.64,7.2,0.0,0.0,0.1481,0,0.0,,2400.0,8.7642,78.1348
PAN-1,2021-06-01,summer,37.97,38.13,12.94,0.0,10.27,12.0,24.53,0.0,66,0.0,4.6,0.0,0.1075,0.1819,0,0.0,,2400.0,8.7642,78.1348
PAN-1,2021-06-02,summer,32.8,31.77,3.37,0.0,12.35,12.0,24.71,0.0,67,0.11,0.0,0.0,0.0882,0.1262,0,0.0,,2400.0,8.7642,78.1348
PAN-1,2021-06-03,summer,33.49,40.67,8.89,0.0,8.68,12.0,24.94,0.0,68,0.0,4.5,0.0,0.0816,0.1862,0,0.0,,2400.0,8.7642,78.1348
PAN-1,2021-06-04,summer,32.38,41.11,11.88,0.0,9.35,12.0,25.2,0.0,69,0.0,8.1,0.0,0.0546,0.1085,0,0.0,,2400.0,8.7642,78.1348
PAN-1,2021-06-05,summer,32.53,43.77,11.98,0.0,11.47,11.78,24.27,0.0,70,0.91,1.1,0.0,0.0,0.0732,0,0.0,,2400.0,8.7642,78.1348
PAN-1,2021-06-06,summer,31.33,27.85,10.49,0.0,10.42,12.0,24.18,0.0,71,12.35,9.4,13.2,0.0584,0.157,0,0.0,,2400.0,8.7642,78.1348
PAN-1,2021-06-07,summer,35.72,32.58,5.84,0.0,11.71,12.0,24.44,0.0,72,0.95,7.2,0.0,0.1242,0.076,0,0.0,,2400.0,8.7642,78.1348
PAN-1,2021-06-08,summer,35.07,41.33,3.73,0.0,11.01,12.0,24.62,0.0,73,0.69,17.4,0.0,0.0466,0.1842,0,0.0,,2400.0,8.7642,78.1348
PAN-1,2021-06-09,summer,31.0,43.32,6.03,0.0,11.74,12.0,24.79,0.0,74,9.28,11.8,8.93,0.1158,0.119,0,0.0,,2400.0,8.7642,78.1348
PAN-1,2021-06-10,summer,34.71,47.95,14.52,0.0,9.34,12.0,25.1,0.0,75,0.43,14.2,0.0,0.0405,0.0753,0,0.0,,2400.0,8.7642,78.1348
PAN-1,2021-06-11,summer,33.3,43.64,5.94,0.0,11.87,11.85,24.57,0.0,76,12.66,19.6,11.19,0.0305,0.1758,0,0.0,,2400.0,8.7642,78.1348
PAN-1,2021-06-12,summer,30.29,38.96,7.21,0.0,12.9,12.0,24.51,0.0,77,0.0,1.8,0.0,0.0658,0.1261,0,0.0,,2400.0,8.7642,78.1348
PAN-1,2021-06-13,summer,30.3,42.4,4.72,0.0,10.58,12.0,24.65,0.0,78,9.81,13.7,9.63,0.0902,0.1191,0,0.0,,2400.0,8.7642,78.1348
PAN-1,2021-06-14,summer,35.64,40.44,5.32,0.0,10.37,12.0,24.86,0.0,79,0.0,10.8,0.0,0.0998,0.1912,0,0.0,,2400.0,8.7642,78.1348
PAN-1,2021-06-15,summer,32.46,40.6,10.43,0.0,10.91,12.0,25.12,0.0,80,1.35,21.4,0.0,0.2053,0.1806,0,0.0,,2400.0,8.7642,78.1348
PAN-1,2021-06-16,summer,32.99,47.74,7.62,0.0,12.8,11.84,24.52,0.0,81,0.55,0.0,0.0,0.0462,0.1092,0,0.0,,2400.0,8.7642,78.1348
PAN-1,2021-06-17,summer,36.53,26.08,7.62,0.0,10.06,12.0,24.57,0.0,82,0.61,10.5,0.0,0.0828,0.0898,0,0.0,,2400.0,8.7642,78.1348
PAN-1,2021-06-18,summer,33.41,48.38,7.78,0.0,11.06,12.0,24.77,0.0,83,0.0,6.5,0.0,0.1248,0.1418,0,0.0,,2400.0,8.7642,78.1348
PAN-1,2021-06-19,summer,31.49,32.09,8.06,0.0,11.49,12.0,25.02,0.0,84,0.0,0.0,0.0,0.126,0.0994,0,0.0,,2400.0,8.7642,78.1348
PAN-1,2021-06-20,summer,30.72,37.91,6.72,14.03,10.72,12.75,22.65,0.0,0,0.57,16.1,0.0,0.0,0.0621,0,0.0,,2400.0,8.7642,78.1348
PAN-1,2021-06-21,summer,34.4,39.84,6.03,0.0,12.32,12.0,24.07,0.0,1,0.32,8.9,0.0,0.0,0.1211,0,0.0,,2400.0,8.7642,78.1348
PAN-1,2021-06-22,summer,34.16,37.09,7.76,0.0,9.68,12.0,24.31,0.0,2,13.17,16.6,12.43,0.0335,0.2179,0,0.0,,2400.0,8.7642,78.1348
PAN-1,2021-06-23,summer,31.77,39.35,7.6,0.0,11.04,12.0,24.52,0.0,3,0.0,6.2,0.0,0.0586,0.0854,0,0.0,,2400.0,8.7642,78.1348
PAN-1,2021-06-24,summer,33.97,45.97,12.67,0.0,12.44,12.0,24.83,0.0,4,6.53,9.4,5.54,0.1259,0.1721,0,0.0,,2400.0,8.7642,78.1348
PAN-1,2021-06-25,summer,32.44,31.05,2.79,0.0,8.43,12.0,24.98,0.0,5,0.26,8.9,0.0,0.0141,0.0985,0,0.0,,2400.0,8.7642,78.1348
PAN-1,2021-06-26,summer,33.1,53.47,14.75,0.0,10.58,12.0,25.24,0.0,6,16.89,30.4,21.49,0.088,0.2605,0,0.0,,2400.0,8.7642,78.1348
PAN-1,2021-06-27,summer,30.16,52.27,3.37,7.26,11.49,12.36,24.17,0.0,0,19.37,20.7,20.52,0.0013,0.2401,0,0.0,,2400.0,8.7642,78.1348
PAN-1,2021-06-28,summer,30.33,53.52,9.97,0.0,10.81,12.0,24.96,0.0,1,0.54,9.9,0.0,0.0733,0.1489,0,0.0,,2400.0,8.7642,78.1348
PAN-1,2021-06-29,summer,32.07,39.4,6.82,0.0,12.07,12.0,25.17,0.0,2,0.0,6.2,0.0,0.1606,0.0611,0,0.0,,2400.0,8.7642,78.1348
PAN-1,2021-06-30,summer,32.57,34.42,8.6,0.0,9.6,11.81,24.39,0.0,3,0.93,1.8,0.0,0.0339,0.1386,0,0.0,,2400.0,8.7642,78.1348
PAN-1,2021-07-01,monsoon,34.56,43.3,8.14,0.0,10.12,12.0,24.29,0.0,4,22.96,32.9,21.84,0.0096,0.3004,0,0.0,,2400.0,8.7642,78.1348
PAN-1,2021-07-02,monsoon,33.43,56.25,3.96,0.0,11.8,12.0,24.42,0.0,5,0.31,0.0,0.0,0.0595,0.1004,0,0.0,,2400.0,8.7642,78.1348
PAN-1,2021-07-03,monsoon,32.69,52.44,13.42,0.0,11.87,12.0,24.68,0.0,6,0.06,6.9,0.0,0.0417,0.1313,0,0.0,,2400.0,8.7642,78.1348
PAN-1,2021-07-04,monsoon,32.47,48.99,12.82,3.26,11.95,12.0,24.85,0.0,0,3.85,7.6,2.77,0.0948,0.0847,0,0.0,,2400.0,8.7642,78.1348
PAN-1,2021-07-05,monsoon,33.59,25.7,11.48,3.12,8.87,12.0,25.1,0.0,0,24.26,37.0,24.14,0.081,0.4001,0,0.0,,2400.0,8.7642,78.1348
PAN-1,2021-07-06,monsoon,28.66,35.3,13.87,0.0,10.52,11.79,24.18,0.0,1,18.07,18.9,20.0,0.0129,0.2769,0,0.0,,2400.0,8.7642,78.1348
PAN-1,2021-07-07,monsoon,31.67,46.74,12.68,0.0,7.63,12.0,24.04,0.0,2,60.97,53.4,58.2,0.0,0.5998,0,0.0,,2400.0,8.7642,78.1348
PAN-1,2021-07-08,monsoon,31.69,57.5,17.97,0.0,10.57,12.0,24.3,0.0,3,17.68,24.5,19.45,0.0,0.1733,0,0.0,,2400.0,8.7642,78.1348
PAN-1,2021-07-09,monsoon,29.57,45.57,15.0,0.0,8.97,12.0,24.54,0.0,4,6.32,15.1,7.22,0.1129,0.1241,0,0.0,,2400.0,8.7642,78.1348
PAN-1,2021-07-10,monsoon,30.57,44.18,15.93,12.53,10.02,12.28,23.99,0.0,0,27.75,38.0,28.54,0.0,0.2709,0,0.0,,2400.0,8.7642,78.1348
PAN-1,2021-07-11,monsoon,31.31,44.73,19.24,0.0,9.03,12.0,24.8,0.0,1,62.66,62.4,71.64,0.1301,0.5293,0,0.0,,2400.0,8.7642,78.1348
PAN-1,2021-07-12,monsoon,31.89,55.88,23.41,0.0,10.27,12.0,25.13,0.0,2,62.56,58.1,58.83,0.1268,0.4931,0,0.0,,2400.0,8.7642,78.1348
PAN-1,2021-07-13,monsoon,31.66,61.56,15.4,0.0,11.29,11.83,24.51,0.0,3,16.01,35.1,14.9,0.0402,0.23,0,0.0,,2400.0,8.7642,78.1348
PAN-1,2021-07-14,monsoon,29.87,63.72,20.47,3.64,9.98,12.0,24.32,0.0,0,15.23,24.4,17.8,0.0,0.2723,0,0.0,,2400.0,8.7642,78.1348
PAN-1,2021-07-15,monsoon,27.61,52.3,21.48,4.92,10.71,12.0,24.44,0.0,0,57.39,64.7,71.51,0.0,0.5135,0,0.0,,2400.0,8.7642,78.1348
PAN-1,2021-07-16,monsoon,30.67,62.75,24.02,0.0,9.97,12.0,24.7,0.0,1,16.98,23.0,16.55,0.0119,0.2283,0,0.0,,2400.0,8.7642,78.1348
PAN-1,2021-07-17,monsoon,31.28,64.18,23.47,18.02,8.62,12.97,22.86,0.0,0,79.51,56.9,64.18,0.0228,0.5677,0,0.0,,2400.0,8.7642,78.1348
PAN-1,2021-07-18,monsoon,31.62,58.12,28.85,7.23,9.42,12.48,23.76,0.0,0,30.65,36.2,33.33,0.0,0.2615,0,0.0,,2400.0,8.7642,78.1348
PAN-1,2021-07-19,monsoon,32.36,54.68,24.46,13.9,10.42,12.63,23.48,0.0,0,42.81,32.6,34.23,0.0,0.275,0,0.0,,2400.0,8.7642,78.1348
PAN-1,2021-07-20,monsoon,28.79,55.5,25.54,0.0,11.62,12.0,24.84,0.0,1,26.68,21.0,26.25,0.0962,0.3827,0,0.0,,2400.0,8.7642,78.1348
PAN-1,2021-07-21,monsoon,30.19,59.22,18.82,5.98,8.07,12.0,24.88,0.0,0,7.16,15.5,7.06,0.1475,0.2033,0,0.0,,2400.0,8.7642,78.1348
PAN-1,2021-07-22,monsoon,30.2,60.91,26.95,5.26,10.11,12.0,25.02,0.0,0,20.31,26.2,21.85,0.0917,0.2083,0,0.0,,2400.0,8.7642,78.1348
PAN-1,2021-07-23,monsoon,31.61,60.94,17.51,2.61,9.41,11.84,24.27,0.0,0,43.42,37.2,39.61,0.0,0.4047,0,0.0,,2400.0,8.7642,78.1348
PAN-1,2021-07-24,monsoon,29.54,55.62,29.51,10.28,10.14,12.0,24.04,0.0,0,34.29,40.9,33.98,0.0211,0.3324,0,0.0,,2400.0,8.7642,78.1348
PAN-1,2021-07-25,monsoon,28.91,72.23,33.06,1.51,8.61,12.0,24.21,0.0,0,13.73,33.7,14.81,0.0516,0.2187,0,0.0,,2400.0,8.7642,78.1348
PAN-1,2021-07-26,monsoon,27.68,73.57,23.57,3.52,8.89,12.0,24.26,0.0,0,10.92,18.9,12.03,0.0573,0.2462,0,0.0,,2400.0,8.7642,78.1348
PAN-1,2021-07-27,monsoon,31.22,67.95,33.66,2.59,8.85,12.0,24.48,0.0,0,44.78,49.8,39.45,0.0436,0.3996,0,0.0,,2400.0,8.7642,78.1348
PAN-1,2021-07-28,monsoon,29.31,60.59,29.38,3.78,11.88,12.0,24.69,0.0,0,23.1,22.2,23.71,0.1275,0.3099,0,0.0,,2400.0,8.7642,78.1348
PAN-1,2021-07-29,monsoon,27.25,60.35,26.84,1.2,10.31,12.0,24.91,0.0,0,36.11,40.8,34.29,0.1574,0.2928,0,0.0,,2400.0,8.7642,78.1348
PAN-1,2021-07-30,monsoon,29.42,67.57,30.76,0.0,10.51,12.0,25.18,0.0,1,108.1,96.5,101.95,0.1571,0.6034,0,0.0,,2400.0,8.7642,78.1348
PAN-1,2021-07-31,monsoon,30.64,53.69,29.3,2.65,10.58,11.69,23.59,0.0,0,23.42,30.6,22.49,0.0064,0.2747,0,0.0,,2400.0,8.7642,78.1348
PAN-1,2021-08-01,monsoon,29.64,64.98,33.59,16.56,7.97,12.37,22.29,0.0,0,81.76,66.7,69.32,0.0066,0.5975,0,0.0,,2400.0,8.7642,78.1348
PAN-1,2021-08-02,monsoon,27.83,62.78,34.51,1.45,7.26,12.0,23.1,0.0,0,27.25,29.1,31.34,0.0,0.1804,0,0.0,,2400.0,8.7642,78.1348
PAN-1,2021-08-03,monsoon,28.19,69.21,36.11,2.94,10.94,12.0,23.29,0.0,0,101.75,76.4,80.36,0.0438,0.6094,0,0.0,,2400.0,8.7642,78.1348
PAN-1,2021-08-04,monsoon,28.04,73.46,30.24,13.63,9.77,12.7,22.0,0.0,0,32.23,38.8,28.25,0.0,0.344,0,0.0,,2400.0,8.7642,78.1348
PAN-1,2021-08-05,monsoon,28.49,74.32,34.09,0.0,6.01,12.07,23.14,0.0,1,105.12,82.3,88.59,0.0012,0.6283,0,0.0,,2400.0,8.7642,78.1348
PAN-1,2021-08-06,monsoon,30.34,82.74,38.49,2.37,8.54,12.0,23.35,0.0,0,77.64,60.2,60.16,0.0137,0.5582,0,0.0,,2400.0,8.7642,78.1348
PAN-1,2021-08-07,monsoon,29.04,80.32,32.65,0.0,9.45,12.0,23.51,0.0,1,30.55,27.4,32.16,0.0,0.397,0,0.0,,2400.0,8.7642,78.1348
PAN-1,2021-08-08,monsoon,25.62,73.65,43.16,0.0,8.66,12.0,23.73,0.0,2,38.79,56.2,60.91,0.0,0.5749,0,0.0,,2400.0,8.7642,78.1348
PAN-1,2021-08-09,monsoon,27.2,72.21,34.69,4.22,8.48,12.0,23.81,0.0,0,54.83,57.3,60.72,0.0461,0.5412,0,0.0,,2400.0,8.7642,78.1348
PAN-1,2021-08-10,monsoon,29.93,78.93,36.7,0.0,8.68,12.0,24.0,0.0,1,16.2,5.3,15.46,0.0,0.2295,0,0.0,,2400.0,8.7642,78.1348
PAN-1,2021-08-11,monsoon,27.13,73.17,30.91,9.66,9.07,12.34,23.34,0.0,0,30.93,27.0,36.22,0.0,0.3654,0,0.0,,2400.0,8.7642,78.1348
PAN-1,2021-08-12,monsoon,25.75,78.21,29.6,1.6,7.58,12.07,23.86,0.0,0,34.72,24.8,29.34,0.0106,0.324,0,0.0,,2400.0,8.7642,78.1348
PAN-1,2021-08-13,monsoon,26.01,82.83,33.6,0.0,6.82,12.0,24.09,0.0,1,51.15,67.4,50.41,0.0477,0.3938,0,0.0,,2400.0,8.7642,78.1348
PAN-1,2021-08-14,monsoon,28.16,72.81,37.56,0.0,7.69,12.0,24.31,0.0,2,66.84,60.7,54.83,0.0915,0.5424,0,0.0,,2400.0,8.7642,78.1348
PAN-1,2021-08-15,monsoon,28.4,81.03,38.04,2.82,8.7,12.0,24.39,0.0,0,61.0,67.3,73.37,0.0055,0.6392,0,0.0,,2400.0,8.7642,78.1348
PAN-1,2021-08-16,monsoon,28.48,70.02,34.76,0.0,7.83,12.0,24.62,0.0,1,55.16,55.3,57.28,0.1101,0.5936,0,0.0,,2400.0,8.7642,78.1348
PAN-1,2021-08-17,monsoon,29.73,78.45,35.79,7.35,9.1,12.07,24.48,0.0,0,130.67,98.0,119.32,0.074,0.5661,0,0.0,,2400.0,8.7642,78.1348
PAN-1,2021-08-18,monsoon,27.62,68.9,29.5,1.68,9.19,12.0,24.76,0.0,0,33.08,26.3,32.27,0.1216,0.3334,0,0.0,,2400.0,8.7642,78.1348
PAN-1,2021-08-19,monsoon,31.59,77.28,37.28,21.68,10.4,13.32,22.3,0.0,0,28.67,34.7,29.71,0.0,0.3018,0,0.0,,2400.0,8.7642,78.1348
PAN-1,2021-08-20,monsoon,26.22,91.78,44.01,0.0,10.85,13.06,22.75,0.0,1,39.88,39.9,38.67,0.0968,0.3401,0,0.0,,2400.0,8.7642,78.1348
PAN-1,2021-08-21,monsoon,26.3,77.53,31.99,0.0,8.19,12.56,23.65,0.0,2,24.75,40.3,31.47,0.0608,0.2478,0,0.0,,2400.0,8.7642,78.1348
PAN-1,2021-08-22,monsoon,26.89,77.9,34.74,1.27,8.82,12.13,24.49,0.0,0,64.11,61.8,64.55,0.0811,0.6006,0,0.0,,2400.0,8.7642,78.1348
PAN-1,2021-08-23,monsoon,26.89,71.95,36.09,0.0,11.0,12.0,24.95,0.0,1,27.91,35.0,27.8,0.0713,0.3059,0,0.0,,2400.0,8.7642,78.1348
PAN-1,2021-08-24,monsoon,29.01,95.59,40.62,9.62,7.92,12.82,23.35,0.0,0,41.25,44.4,41.21,0.0,0.369,0,0.0,,2400.0,8.7642,78.1348
PAN-1,2021-08-25,monsoon,28.03,69.55,35.3,1.84,7.55,12.21,24.52,0.0,0,51.36,65.1,68.13,0.049,0.5295,0,0.0,,2400.0,8.7642,78.1348
PAN-1,2021-08-26,monsoon,24.98,78.44,39.09,0.0,7.95,12.0,25.04,0.0,1,17.76,30.5,23.8,0.1009,0.1614,0,0.0,,2400.0,8.7642,78.1348
PAN-1,2021-08-27,monsoon,25.59,94.34,32.26,17.07,6.68,13.59,22.27,0.0,0,45.3,40.4,47.84,0.0,0.3893,0,0.0,,2400.0,8.7642,78.1348
PAN-1,2021-08-28,monsoon,23.86,83.62,32.78,0.0,9.28,13.26,22.83,0.0,1,24.87,28.3,24.54,0.0,0.2614,0,0.0,,2400.0,8.7642,78.1348
PAN-1,2021-08-29,monsoon,24.81,80.24,39.08,0.0,7.88,12.79,23.67,0.0,2,60.27,55.4,56.0,0.0,0.4619,0,0.0,,2400.0,8.7642,78.1348
PAN-1,2021-08-30,monsoon,24.55,83.62,44.77,5.84,9.9,12.91,23.46,0.0,0,36.14,34.7,32.93,0.0217,0.3092,0,0.0,,2400.0,8.7642,78.1348
PAN-1,2021-08-31,monsoon,27.17,70.37,40.11,0.0,10.12,12.01,25.22,0.0,1,16.18,19.7,15.7,0.1622,0.2471,0,0.0,,2400.0,8.7642,78.1348
PAN-1,2021-09-01,monsoon,26.26,73.11,32.32,0.0,11.08,11.84,24.72,0.0,2,13.19,16.8,12.89,0.1135,0.1603,0,0.0,,2400.0,8.7642,78.1348
PAN-1,2021-09-02,monsoon,29.18,69.65,39.81,0.0,9.88,12.0,24.74,0.0,3,45.83,51.7,53.12,0.1465,0.4576,0,0.0,,2400.0,8.7642,78.1348
PAN-1,2021-09-03,monsoon,26.37,81.61,37.72,12.13,8.02,12.74,23.3,0.0,0,35.62,53.0,43.86,0.0561,0.3457,0,0.0,,2400.0,8.7642,78.1348
PAN-1,2021-09-04,monsoon,24.94,74.99,31.62,18.46,9.75,14.05,21.13,0.0,0,74.19,63.1,54.42,0.0536,0.3974,0,0.0,,2400.0,8.7642,78.1348
PAN-1,2021-09-05,monsoon,25.47,75.51,26.39,18.64,8.56,15.47,19.19,0.0,0,49.08,58.9,59.86,0.0757,0.5294,0,0.0,,2400.0,8.7642,78.1348
PAN-1,2021-09-06,monsoon,25.86,73.05,27.33,18.04,8.62,16.75,17.72,0.0,0,17.63,9.9,18.67,0.0,0.2279,0,0.0,,2400.0,8.7642,78.1348
PAN-1,2021-09-07,monsoon,26.4,71.85,28.13,5.46,10.32,16.69,17.79,0.0,0,31.94,32.4,31.19,0.0619,0.2452,0,0.0,,2400.0,8.7642,78.1348
PAN-1,2021-09-08,monsoon,25.31,71.04,28.68,4.36,11.15,16.51,17.98,0.0,0,29.7,32.3,26.7,0.0958,0.1373,0,0.0,,2400.0,8.7642,78.1348
PAN-1,2021-09-09,monsoon,23.66,78.78,38.62,0.0,11.01,15.99,18.57,0.0,1,38.49,38.1,47.03,0.0,0.404,0,0.0,,2400.0,8.7642,78.1348
PAN-1,2021-09-10,monsoon,22.15,84.53,31.11,15.31,9.84,17.24,17.22,0.0,0,24.24,28.2,22.93,0.0199,0.1344,0,0.0,,2400.0,8.7642,78.1348
PAN-1,2021-09-11,monsoon,28.2,85.09,27.26,0.0,10.83,16.88,17.58,0.0,1,56.92,53.4,64.34,0.0,0.4631,0,0.0,,2400.0,8.7642,78.1348
PAN-1,2021-09-12,monsoon,24.27,78.96,31.93,0.0,11.99,16.41,18.09,0.0,2,85.38,73.9,73.83,0.0,0.5211,0,0.0,,2400.0,8.7642,78.1348
PAN-1,2021-09-13,monsoon,23.84,80.71,26.35,0.0,7.96,16.1,18.44,0.0,3,43.73,37.8,44.24,0.0,0.3286,0,0.0,,2400.0,8.7642,78.1348
PAN-1,2021-09-14,monsoon,28.22,80.84,30.66,0.0,7.43,15.65,18.97,0.0,4,48.63,40.6,36.97,0.0,0.3132,0,0.0,,2400.0,8.7642,78.1348
PAN-1,2021-09-15,monsoon,23.38,87.15,28.04,20.95,9.12,17.52,16.94,0.0,0,4.22,17.3,4.57,0.0163,0.0,0,0.0,,2400.0,8.7642,78.1348
PAN-1,2021-09-16,monsoon,25.09,80.14,26.62,0.0,11.57,17.12,17.33,0.0,1,29.41,25.0,26.42,0.049,0.238,0,0.0,,2400.0,8.7642,78.1348
PAN-1,2021-09-17,monsoon,24.25,80.83,24.35,0.0,10.05,16.8,17.66,0.0,2,21.55,34.7,26.81,0.0115,0.2211,0,0.0,,2400.0,8.7642,78.1348
PAN-1,2021-09-18,monsoon,25.12,75.1,21.37,3.93,8.64,16.82,17.64,0.0,0,4.46,9.3,4.39,0.0176,0.1319,0,0.0,,2400.0,8.7642,78.1348
PAN-1,2021-09-19,monsoon,27.39,72.25,27.41,0.0,11.1,16.18,18.34,0.0,1,21.37,23.6,21.83,0.0,0.1504,0,0.0,,2400.0,8.7642,78.1348
PAN-1,2021-09-20,monsoon,24.01,84.99,16.2,0.0,11.64,15.99,18.56,0.0,2,26.63,42.0,26.98,0.0,0.2243,0,0.0,,2400.0,8.7642,78.1348
PAN-1,2021-09-21,monsoon,24.17,78.8,17.64,0.0,8.38,15.73,18.87,0.0,3,24.32,34.4,26.28,0.0076,0.2146,0,0.0,,2400.0,8.7642,78.1348
PAN-1,2021-09-22,monsoon,27.54,73.19,25.67,0.0,8.99,15.18,19.55,0.0,4,30.68,36.3,29.58,0.0292,0.2709,0,0.0,,2400.0,8.7642,78.1348
PAN-1,2021-09-23,monsoon,26.98,82.91,30.64,0.0,8.04,14.8,20.05,0.0,5,45.65,33.4,44.66,0.0,0.2972,0,0.0,,2400.0,8.7642,78.1348
PAN-1,2021-09-24,monsoon,25.77,81.11,17.92,0.0,11.07,14.52,20.44,0.0,6,22.98,31.3,20.81,0.0,0.2391,0,0.0,,2400.0,8.7642,78.1348
PAN-1,2021-09-25,monsoon,25.16,70.22,23.39,0.0,10.2,14.01,21.19,0.0,7,0.59,12.0,0.0,0.0,0.1354,0,0.0,,2400.0,8.7642,78.1348
PAN-1,2021-09-26,monsoon,25.58,84.26,23.29,0.0,10.75,13.73,21.63,0.0,8,11.3,17.7,14.35,0.0512,0.176,0,0.0,,2400.0,8.7642,78.1348
PAN-1,2021-09-27,monsoon,21.36,90.63,11.64,1.88,11.11,13.84,21.46,0.0,0,5.46,17.2,5.34,0.0,0.0239,0,0.0,,2400.0,8.7642,78.1348
PAN-1,2021-09-28,monsoon,21.99,77.35,8.79,10.34,9.64,14.72,20.18,0.0,0,25.03,40.5,30.97,0.0,0.2824,0,0.0,,2400.0,8.7642,78.1348
PAN-1,2021-09-29,monsoon,25.53,73.16,13.77,0.0,10.0,14.4,20.62,0.0,1,0.0,10.7,0.0,0.0,0.0158,0,0.0,,2400.0,8.7642,78.1348
PAN-1,2021-09-30,monsoon,24.74,76.64,12.08,0.0,10.34,14.16,20.97,0.0,2,16.6,17.4,15.64,0.0013,0.1377,0,0.0,,2400.0,8.7642,78.1348
PAN-1,2021-10-01,other,23.47,78.59,15.32,0.0,9.34,13.93,21.32,0.0,3,0.0,9.5,0.0,0.0639,0.0,0,0.0,,2400.0,8.7642,78.1348
PAN-1,2021-10-02,other,25.24,53.88,17.96,0.0,13.0,13.21,22.48,0.0,4,0.76,6.1,0.0,0.0109,0.1318,0,0.0,,2400.0,8.7642,78.1348
PAN-1,2021-10-03,other,22.61,62.08,5.67,0.0,11.22,12.98,22.88,0.0,5,0.0,17.4,0.0,0.0356,0.1644,0,0.0,,2400.0,8.7642,78.1348
PAN-1,2021-10-04,other,23.59,68.9,5.64,0.0,10.58,12.79,23.23,0.0,6,0.0,4.8,0.0,0.0,0.129,0,0.0,,2400.0,8.7642,78.1348
PAN-1,2021-10-05,other,22.63,62.32,14.36,0.0,12.08,12.38,24.0,0.0,7,9.25,17.7,10.41,0.0,0.1805,0,0.0,,2400.0,8.7642,78.1348
PAN-1,2021-10-06,other,26.13,68.82,4.03,0.0,10.72,12.18,24.39,0.0,8,0.0,2.6,0.0,0.0926,0.0021,0,0.0,,2400.0,8.7642,78.1348
PAN-1,2021-10-07,other,25.86,72.16,5.01,26.8,10.63,14.67,20.25,0.0,0,0.49,11.3,0.0,0.0,0.1219,0,0.0,,2400.0,8.7642,78.1348
PAN-1,2021-10-08,other,20.77,80.4,9.28,0.0,12.91,14.52,20.45,0.0,1,25.26,32.1,19.75,0.0,0.2249,0,0.0,,2400.0,8.7642,78.1348
PAN-1,2021-10-09,other,24.65,82.33,4.13,3.04,11.51,14.72,20.17,0.0,0,0.0,11.9,0.0,0.0112,0.0927,0,0.0,,2400.0,8.7642,78.1348
PAN-1,2021-10-10,other,24.0,62.95,6.0,0.0,10.78,14.47,20.51,0.0,1,1.96,22.8,2.33,0.0,0.0,0,0.0,,2400.0,8.7642,78.1348
PAN-1,2021-10-11,other,26.46,72.41,9.37,0.0,11.69,14.19,20.92,0.0,2,0.0,2.1,0.0,0.0,0.1299,0,0.0,,2400.0,8.7642,78.1348
PAN-1,2021-10-12,other,23.14,57.44,9.54,0.0,10.46,13.84,21.44,0.0,3,0.74,16.1,2.22,0.0223,0.0874,0,0.0,,2400.0,8.7642,78.1348
PAN-1,2021-10-13,other,24.79,75.31,8.78,0.0,10.5,13.63,21.77,0.0,4,0.0,5.4,0.0,0.0284,0.0837,0,0.0,,2400.0,8.7642,78.1348
PAN-1,2021-10-14,other,21.66,75.9,5.87,9.92,10.13,14.49,20.48,0.0,0,0.11,9.6,0.0,0.0201,0.0151,0,0.0,,2400.0,8.7642,78.1348
PAN-1,2021-10-15,other,20.45,76.14,10.75,0.0,11.49,14.31,20.74,0.0,1,0.0,12.8,0.0,0.0091,0.0863,0,0.0,,2400.0,8.7642,78.1348
PAN-1,2021-10-16,other,23.14,71.13,7.03,0.0,11.39,14.11,21.04,0.0,2,0.0,6.6,0.0,0.0,0.128,0,0.0,,2400.0,8.7642,78.1348
PAN-1,2021-10-17,other,23.7,62.24,3.93,0.0,12.12,13.9,21.36,0.0,3,0.0,13.7,0.0,0.0,0.0,0,0.0,,2400.0,8.7642,78.1348
PAN-1,2021-10-18,other,20.23,62.45,5.38,0.0,11.58,13.71,21.66,0.0,4,0.0,13.3,0.0,0.0146,0.0677,0,0.0,,2400.0,8.7642,78.1348
PAN-1,2021-10-19,other,25.12,67.4,5.53,0.0,13.0,13.47,22.05,0.0,5,0.0,11.9,0.0,0.0,0.041,0,0.0,,2400.0,8.7642,78.1348
PAN-1,2021-10-20,other,21.13,67.02,8.82,0.0,10.06,13.25,22.42,0.0,6,0.0,5.4,0.0,0.0697,0.068,0,0.0,,2400.0,8.7642,78.1348
PAN-1,2021-10-21,other,20.63,76.86,8.58,0.0,11.29,13.09,22.69,0.0,7,0.75,10.0,0.0,0.0,0.1165,0,0.0,,2400.0,8.7642,78.1348
PAN-1,2021-10-22,other,23.36,72.52,12.0,0.0,9.23,12.84,23.13,0.0,8,0.54,9.5,0.0,0.0,0.0987,0,0.0,,2400.0,8.7642,78.1348
PAN-1,2021-10-23,other,23.66,77.46,3.82,0.0,11.03,12.72,23.35,0.0,9,7.66,25.9,9.54,0.0,0.1266,0,0.0,,2400.0,8.7642,78.1348
PAN-1,2021-10-24,other,24.78,69.92,2.73,0.0,11.08,12.57,23.64,0.0,10,0.34,13.4,0.0,0.0576,0.0581,0,0.0,,2400.0,8.7642,78.1348
PAN-1,2021-10-25,other,23.43,71.68,8.34,0.0,11.04,12.35,24.06,0.0,11,13.79,19.4,15.59,0.0,0.2667,0,0.0,,2400.0,8.7642,78.1348
PAN-1,2021-10-26,other,22.69,74.66,9.91,0.0,10.99,12.14,24.47,0.0,12,1.54,5.7,0.0,0.0016,0.1083,0,0.0,,2400.0,8.7642,78.1348
PAN-1,2021-10-27,other,21.39,76.03,4.44,0.0,9.62,12.03,24.7,0.0,13,0.72,15.6,0.0,0.1088,0.1792,0,0.0,,2400.0,8.7642,78.1348
PAN-1,2021-10-28,other,23.02,74.83,12.02,0.0,12.1,12.0,24.83,0.0,14,0.0,17.0,0.0,0.0808,0.1297,0,0.0,,2400.0,8.7642,78.1348
PAN-1,2021-10-29,other,25.86,72.28,6.81,0.0,10.79,12.0,24.89,0.0,15,20.1,18.0,23.58,0.1143,0.2947,0,0.0,,2400.0,8.7642,78.1348
PAN-1,2021-10-30,other,21.26,71.03,13.88,0.0,11.92,12.0,24.97,0.0,16,0.0,3.4,0.0,0.1217,0.0835,0,0.0,,2400.0,8.7642,78.1348
PAN-1,2021-10-31,other,22.03,69.96,12.06,0.0,11.18,12.0,25.05,0.0,17,16.67,17.4,18.63,0.1062,0.1878,0,0.0,,2400.0,8.7642,78.1348
PAN-1,2021-11-01,other,24.1,68.81,11.26,0.0,10.51,11.93,25.05,0.0,18,0.0,16.0,0.0,0.1139,0.2215,0,0.0,,2400.0,8.7642,78.1348
PAN-1,2021-11-02,other,21.78,68.96,4.36,0.0,12.61,11.96,25.11,0.0,19,11.54,11.1,11.96,0.1508,0.1879,0,0.0,,2400.0,8.7642,78.1348
PAN-1,2021-11-03,other,24.64,64.94,10.46,0.0,11.33,11.92,24.98,0.0,20,0.0,0.0,0.0,0.1089,0.145,0,0.0,,2400.0,8.7642,78.1348
PAN-1,2021-11-04,other,21.82,74.63,8.13,0.0,12.43,12.0,24.89,0.0,21,0.93,15.3,0.0,0.1895,0.1413,0,0.0,,2400.0,8.7642,78.1348
PAN-1,2021-11-05,other,24.02,66.48,11.3,0.0,9.24,12.0,24.98,0.0,22,0.0,11.2,0.0,0.0632,0.0603,0,0.0,,2400.0,8.7642,78.1348
PAN-1,2021-11-06,other,21.85,73.0,8.88,0.0,9.89,12.0,25.04,0.0,23,1.17,7.3,0.87,0.0812,0.1935,0,0.0,,2400.0,8.7642,78.1348
PAN-1,2021-11-07,other,24.45,82.4,16.67,0.0,9.46,11.95,25.16,0.0,24,0.35,5.4,0.0,0.1449,0.127,0,0.0,,2400.0,8.7642,78.1348
PAN-1,2021-11-08,other,21.19,64.12,12.74,0.0,11.53,11.93,25.04,0.0,25,0.0,2.6,0.0,0.1434,0.0943,0,0.0,,2400.0,8.7642,78.1348
PAN-1,2021-11-09,other,20.52,87.52,7.85,0.0,10.2,11.98,25.23,0.0,26,3.08,9.2,2.91,0.1535,0.1551,0,0.0,,2400.0,8.7642,78.1348
PAN-1,2021-11-10,other,22.23,75.84,6.78,0.0,11.43,11.96,25.41,0.0,27,0.0,8.3,0.0,0.1571,0.169,0,0.0,,2400.0,8.7642,78.1348
PAN-1,2021-11-11,other,23.66,65.69,2.04,0.0,10.11,11.96,25.57,0.0,28,0.0,0.0,0.0,0.2306,0.1365,0,0.0,,2400.0,8.7642,78.1348
PAN-1,2021-11-12,other,23.41,64.66,8.32,0.0,10.68,11.93,25.57,0.0,29,34.98,35.4,33.01,0.2865,0.4085,0,0.0,,2400.0,8.7642,78.1348
PAN-1,2021-11-13,other,24.66,71.66,10.92,0.0,8.38,11.93,25.53,0.0,30,1.68,16.2,1.14,0.2568,0.0513,0,0.0,,2400.0,8.7642,78.1348
PAN-1,2021-11-14,other,20.75,59.31,13.16,0.0,11.1,11.9,25.34,0.0,31,8.36,24.7,8.4,0.1676,0.0755,0,0.0,,2400.0,8.7642,78.1348
PAN-1,2021-11-15,other,24.77,66.17,6.5,0.0,12.95,11.93,25.22,0.0,32,30.83,44.7,27.53,0.2133,0.2956,0,0.0,,2400.0,8.7642,78.1348
PAN-1,2021-11-16,other,24.22,73.59,7.92,0.0,10.04,11.95,25.24,0.0,33,0.0,12.9,0.0,0.1535,0.1681,0,0.0,,2400.0,8.7642,78.1348
PAN-1,2021-11-17,other,20.59,66.96,0.24,0.0,9.75,11.98,25.46,0.0,34,0.0,14.4,0.0,0.1538,0.0485,0,0.0,,2400.0,8.7642,78.1348
PAN-1,2021-11-18,other,20.83,73.07,9.04,0.0,9.61,11.95,25.62,0.0,35,0.23,11.9,0.0,0.1084,0.1341,0,0.0,,2400.0,8.7642,78.1348
PAN-1,2021-11-19,other,24.62,72.96,11.21,0.0,9.75,11.93,25.61,0.0,36,5.61,8.0,5.35,0.2469,0.1546,0,0.0,,2400.0,8.7642,78.1348
PAN-1,2021-11-20,other,22.7,64.75,6.93,0.0,11.21,11.93,25.6,0.0,37,0.54,23.8,0.0,0.2039,0.1095,0,0.0,,2400.0,8.7642,78.1348
PAN-1,2021-11-21,other,23.76,62.26,8.27,0.0,10.36,11.92,25.51,0.0,38,1.53,11.8,1.57,0.1719,0.1994,0,0.0,,2400.0,8.7642,78.1348
PAN-1,2021-11-22,other,19.82,66.48,11.2,0.0,10.71,11.93,25.46,0.0,39,0.13,5.1,0.0,0.2634,0.1093,0,0.0,,2400.0,8.7642,78.1348
PAN-1,2021-11-23,other,24.55,63.74,11.73,0.0,11.5,11.9,25.24,0.0,40,0.22,0.0,0.0,0.0781,0.1105,0,0.0,,2400.0,8.7642,78.1348
PAN-1,2021-11-24,other,24.05,65.14,14.14,0.0,10.7,11.91,24.93,0.0,41,0.0,6.0,0.0,0.13,0.1945,0,0.0,,2400.0,8.7642,78.1348
PAN-1,2021-11-25,other,24.06,61.6,2.95,0.0,11.62,12.0,24.83,0.0,42,10.35,9.6,9.11,0.0925,0.162,0,0.0,,2400.0,8.7642,78.1348
PAN-1,2021-11-26,other,24.55,70.6,10.89,0.0,11.79,12.0,24.92,0.0,43,0.74,4.7,0.0,0.1536,0.0,0,0.0,,2400.0,8.7642,78.1348
PAN-1,2021-11-27,other,22.97,67.19,9.85,15.73,13.0,13.28,22.52,0.0,0,0.0,6.5,0.0,0.0261,0.0986,0,0.0,,2400.0,8.7642,78.1348
PAN-1,2021-11-28,other,22.17,68.69,11.55,0.0,11.08,13.0,23.0,0.0,1,17.35,16.3,15.51,0.0817,0.2585,0,0.0,,2400.0,8.7642,78.1348
PAN-1,2021-11-29,other,26.67,73.77,4.31,0.0,12.79,12.81,23.34,0.0,2,21.95,28.7,21.71,0.0,0.2865,0,0.0,,2400.0,8.7642,78.1348
PAN-1,2021-11-30,other,22.81,60.12,14.58,0.0,12.17,12.36,24.18,0.0,3,0.09,8.0,0.0,0.0355,0.1202,0,0.0,,2400.0,8.7642,78.1348
PAN-1,2021-12-01,other,24.64,67.92,14.28,0.0,13.0,12.0,24.92,0.0,4,18.39,26.5,20.3,0.0639,0.3457,0,0.0,,2400.0,8.7642,78.1348
PAN-1,2021-12-02,other,21.01,57.01,5.46,0.0,12.15,12.0,24.99,0.0,5,0.67,15.1,0.0,0.1508,0.1071,0,0.0,,2400.0,8.7642,78.1348
PAN-1,2021-12-03,other,23.01,61.14,7.35,0.0,13.0,12.0,25.08,0.0,6,7.58,26.0,7.99,0.1795,0.2222,0,0.0,,2400.0,8.7642,78.1348
PAN-1,2021-12-04,other,22.67,56.68,12.39,0.0,11.16,11.91,24.91,0.0,7,0.0,3.8,0.0,0.0903,0.0717,0,0.0,,2400.0,8.7642,78.1348
PAN-1,2021-12-05,other,24.59,65.47,8.19,0.0,10.81,12.0,24.83,0.0,8,0.48,0.0,0.0,0.1283,0.0953,0,0.0,,2400.0,8.7642,78.1348
PAN-1,2021-12-06,other,26.3,70.52,10.41,0.0,9.9,12.0,24.92,0.0,9,0.56,6.1,0.0,0.1556,0.1311,0,0.0,,2400.0,8.7642,78.1348
PAN-1,2021-12-07,other,24.2,65.47,7.2,0.0,11.17,12.0,25.0,0.0,10,5.03,13.6,4.65,0.1424,0.1435,0,0.0,,2400.0,8.7642,78.1348
PAN-1,2021-12-08,other,23.99,74.23,12.09,0.0,11.77,11.94,25.04,0.0,11,0.0,9.7,0.0,0.1476,0.1456,0,0.0,,2400.0,8.7642,78.1348
PAN-1,2021-12-09,other,19.85,87.9,12.53,0.0,10.14,11.98,25.22,0.0,12,6.28,18.2,6.77,0.1557,0.158,0,0.0,,2400.0,8.7642,78.1348
PAN-1,2021-12-10,other,22.94,51.91,13.7,0.0,10.48,11.88,24.92,0.0,13,16.66,20.0,16.67,0.063,0.2034,0,0.0,,2400.0,8.7642,78.1348
PAN-1,2021-12-11,other,25.13,64.79,8.24,0.0,10.59,12.0,24.79,0.0,14,7.48,11.8,7.69,0.1856,0.1428,0,0.0,,2400.0,8.7642,78.1348
PAN-1,2021-12-12,other,24.06,60.54,8.16,0.0,9.66,12.0,24.88,0.0,15,0.0,1.7,0.0,0.1371,0.1081,0,0.0,,2400.0,8.7642,78.1348
PAN-1,2021-12-13,other,25.64,64.88,7.17,0.0,9.57,12.0,24.96,0.0,16,0.21,11.3,0.0,0.0859,0.0687,0,0.0,,2400.0,8.7642,78.1348
PAN-1,2021-12-14,other,24.67,64.63,5.91,0.0,12.09,12.0,25.03,0.0,17,28.67,30.2,27.5,0.0761,0.3626,0,0.0,,2400.0,8.7642,78.1348
PAN-1,2021-12-15,other,24.09,78.67,9.22,0.0,11.76,11.96,25.19,0.0,18,16.26,11.7,15.5,0.1529,0.1287,0,0.0,,2400.0,8.7642,78.1348
PAN-1,2021-12-16,other,26.34,59.46,3.11,0.0,11.67,11.94,25.21,0.0,19,0.0,11.9,0.0,0.1543,0.2105,0,0.0,,2400.0,8.7642,78.1348
PAN-1,2021-12-17,other,22.48,58.7,0.76,0.0,13.0,11.96,25.32,0.0,20,12.6,18.9,11.49,0.1416,0.2041,0,0.0,,2400.0,8.7642,78.1348
PAN-1,2021-12-18,other,28.02,56.19,4.8,0.0,10.51,11.92,25.22,0.0,21,1.86,7.1,1.71,0.1449,0.1138,0,0.0,,2400.0,8.7642,78.1348
PAN-1,2021-12-19,other,21.98,64.05,10.09,0.0,13.0,11.93,25.07,0.0,22,3.32,19.4,3.24,0.0913,0.0901,0,0.0,,2400.0,8.7642,78.1348
PAN-1,2021-12-20,other,27.23,63.57,5.32,0.0,10.47,11.94,24.98,0.0,23,9.87,5.8,10.21,0.1318,0.2102,0,0.0,,2400.0,8.7642,78.1348
PAN-1,2021-12-21,other,28.64,53.81,10.92,0.0,11.62,12.0,25.04,0.0,24,0.55,8.4,0.0,0.146,0.0266,0,0.0,,2400.0,8.7642,78.1348
PAN-1,2021-12-22,other,21.32,52.38,14.98,0.0,11.88,11.89,24.76,0.0,25,0.0,2.9,0.0,0.0272,0.0783,0,0.0,,2400.0,8.7642,78.1348
PAN-1,2021-12-23,other,28.82,61.43,15.93,0.0,13.0,12.0,24.76,0.0,26,2.77,15.4,3.4,0.121,0.0758,0,0.0,,2400.0,8.7642,78.1348
PAN-1,2021-12-24,other,25.39,64.78,8.65,0.0,11.16,12.0,24.85,0.0,27,0.18,7.3,0.0,0.1005,0.0975,0,0.0,,2400.0,8.7642,78.1348
PAN-1,2021-12-25,other,25.94,66.63,14.46,0.0,10.53,12.0,24.97,0.0,28,51.11,52.8,48.39,0.1811,0.363,0,0.0,,2400.0,8.7642,78.1348
PAN-1,2021-12-26,other,28.43,74.83,10.27,0.0,10.71,12.0,25.06,0.0,29,22.7,32.3,22.33,0.102,0.2888,0,0.0,,2400.0,8.7642,78.1348
PAN-1,2021-12-27,other,23.82,62.06,5.41,0.0,10.64,11.95,25.15,0.0,30,21.6,23.1,21.53,0.1528,0.2184,0,0.0,,2400.0,8.7642,78.1348
PAN-1,2021-12-28,other,27.4,56.47,6.45,0.0,11.83,11.91,24.95,0.0,31,3.2,11.8,3.61,0.1261,0.157,0,0.0,,2400.0,8.7642,78.1348
PAN-1,2021-12-29,other,22.9,54.62,2.54,0.0,9.92,12.0,24.85,0.0,32,46.93,44.6,42.54,0.1123,0.4563,0,0.0,,2400.0,8.7642,78.1348
PAN-1,2021-12-30,other,24.63,57.19,5.43,0.0,12.61,12.0,24.94,0.0,33,12.08,19.7,13.52,0.1611,0.2128,0,0.0,,2400.0,8.7642,78.1348
PAN-1,2021-12-31,other,23.01,63.65,4.08,0.0,8.93,12.0,24.99,0.0,34,13.37,14.7,12.51,0.0716,0.1721,0,0.0,,2400.0,8.7642,78.1348
PAN-1,2022-01-01,other,27.42,79.98,26.57,0.0,11.85,12.0,25.13,0.0,35,60.05,59.1,65.65,0.1402,0.5503,0,0.0,,2400.0,8.7642,78.1348
PAN-1,2022-01-02,other,28.74,72.95,20.95,14.44,10.71,12.91,22.7,0.0,0,13.82,16.6,12.64,0.0091,0.1364,0,0.0,,2400.0,8.7642,78.1348
PAN-1,2022-01-03,other,24.74,75.47,22.93,10.82,8.54,13.61,21.53,0.0,0,7.45,18.9,8.03,0.0207,0.1994,0,0.0,,2400.0,8.7642,78.1348
PAN-1,2022-01-04,other,26.14,68.88,21.29,0.0,10.43,13.08,22.41,0.0,1,28.72,33.1,28.22,0.0039,0.2308,0,0.0,,2400.0,8.7642,78.1348
PAN-1,2022-01-05,other,25.38,69.8,21.4,6.15,11.05,13.19,22.23,0.0,0,24.33,29.9,24.12,0.0,0.2591,0,0.0,,2400.0,8.7642,78.1348
PAN-1,2022-01-06,other,27.27,67.53,33.18,0.0,11.55,12.3,23.83,0.0,1,8.3,6.4,8.24,0.0688,0.2059,0,0.0,,2400.0,8.7642,78.1348
PAN-1,2022-01-07,other,28.16,59.16,29.17,0.0,10.32,12.0,24.63,0.0,2,32.1,39.9,36.51,0.0269,0.3862,0,0.0,,2400.0,8.7642,78.1348
PAN-1,2022-01-08,other,25.14,69.42,31.08,0.0,12.1,12.0,24.84,0.0,3,21.83,26.6,20.83,0.1118,0.3666,0,0.0,,2400.0,8.7642,78.1348
PAN-1,2022-01-09,other,23.05,76.89,29.06,7.37,9.24,12.33,24.17,0.0,0,14.92,36.2,18.07,0.0308,0.2496,0,0.0,,2400.0,8.7642,78.1348
PAN-1,2022-01-10,other,26.34,64.57,30.32,11.88,10.33,12.7,23.46,0.0,0,57.58,60.8,55.44,0.0,0.4937,0,0.0,,2400.0,8.7642,78.1348
PAN-1,2022-01-11,other,26.08,83.38,24.72,6.51,9.32,13.04,22.84,0.0,0,20.04,32.6,17.89,0.0,0.2464,0,0.0,,2400.0,8.7642,78.1348
PAN-1,2022-01-12,other,30.24,69.66,37.96,22.55,9.86,14.25,20.9,0.0,0,45.98,38.0,41.41,0.0251,0.3489,0,0.0,,2400.0,8.7642,78.1348
PAN-1,2022-01-13,other,28.47,84.03,30.28,0.6,9.14,13.85,21.5,0.0,1,12.22,16.5,11.62,0.0,0.121,0,0.0,,2400.0,8.7642,78.1348
PAN-1,2022-01-14,other,28.76,73.32,31.09,6.98,8.23,13.88,21.45,0.0,0,13.54,15.3,10.76,0.0306,0.2535,0,0.0,,2400.0,8.7642,78.1348
PAN-1,2022-01-15,other,29.15,71.31,33.9,0.0,10.94,13.01,22.89,0.0,1,37.2,50.2,39.76,0.0,0.3675,0,0.0,,2400.0,8.7642,78.1348
PAN-1,2022-01-16,other,28.1,68.63,33.77,20.55,8.85,14.23,20.92,0.0,0,45.74,30.3,44.68,0.0,0.4156,0,0.0,,2400.0,8.7642,78.1348
PAN-1,2022-01-17,other,28.88,77.9,36.29,19.92,5.99,15.64,19.03,0.0,0,42.21,45.7,42.02,0.0,0.3619,0,0.0,,2400.0,8.7642,78.1348
PAN-1,2022-01-18,other,26.4,80.03,37.77,2.09,9.28,15.31,19.44,0.0,0,48.53,48.2,49.08,0.0,0.3619,0,0.0,,2400.0,8.7642,78.1348
PAN-1,2022-01-19,other,28.6,85.64,38.13,14.69,9.04,16.34,18.21,0.0,0,44.33,36.3,40.34,0.0022,0.3501,0,0.0,,2400.0,8.7642,78.1348
PAN-1,2022-01-20,other,26.6,81.13,32.61,25.85,9.83,18.46,16.11,0.0,0,14.8,13.4,15.31,0.0,0.1563,0,0.0,,2400.0,8.7642,78.1348
PAN-1,2022-01-21,other,24.92,72.76,27.89,7.81,9.65,18.72,15.89,0.0,0,16.85,24.4,13.15,0.0334,0.1323,0,0.0,,2400.0,8.7642,78.1348
PAN-1,2022-01-22,other,27.52,85.07,37.73,0.0,9.61,18.29,16.27,0.0,1,41.28,43.0,36.6,0.0428,0.2944,0,0.0,,2400.0,8.7642,78.1348
PAN-1,2022-01-23,other,31.4,84.23,31.92,0.8,10.65,17.78,16.74,0.0,2,52.98,58.3,54.3,0.0265,0.3505,0,0.0,,2400.0,8.7642,78.1348
PAN-1,2022-01-24,other,31.0,72.21,42.3,8.58,9.65,17.55,16.96,0.0,0,2.86,0.4,2.27,0.055,0.1204,0,0.0,,2400.0,8.7642,78.1348
PAN-1,2022-01-25,other,32.64,81.97,37.4,0.0,8.27,16.89,17.62,0.0,1,95.86,98.0,103.64,0.0,0.6865,0,0.0,,2400.0,8.7642,78.1348
PAN-1,2022-01-26,other,26.31,78.14,37.49,18.57,8.38,18.19,16.36,0.0,0,94.13,98.0,113.24,0.0,0.6293,0,0.0,,2400.0,8.7642,78.1348
PAN-1,2022-01-27,other,29.55,78.19,35.77,20.76,8.46,19.62,15.17,0.0,0,53.11,55.8,55.43,0.0,0.345,0,0.0,,2400.0,8.7642,78.1348
PAN-1,2022-01-28,other,29.4,73.89,37.19,0.0,8.57,18.82,15.82,0.0,1,64.21,56.6,65.21,0.0,0.526,0,0.0,,2400.0,8.7642,78.1348
PAN-1,2022-01-29,other,26.73,73.08,46.71,12.19,9.71,19.14,15.56,0.0,0,40.77,47.7,38.77,0.0,0.2333,0,0.0,,2400.0,8.7642,78.1348
PAN-1,2022-01-30,other,29.96,86.6,31.96,1.39,8.38,18.91,15.75,0.0,0,37.97,47.4,33.82,0.0,0.2116,0,0.0,,2400.0,8.7642,78.1348
PAN-1,2022-01-31,other,30.34,76.19,40.98,0.0,9.85,18.03,16.52,0.0,1,8.63,13.0,8.3,0.0064,0.1077,0,0.0,,2400.0,8.7642,78.1348
PAN-1,2022-02-01,summer,26.44,69.86,31.01,0.0,8.82,17.36,17.16,0.0,2,49.9,54.4,46.25,0.0,0.4086,0,0.0,,2400.0,8.7642,78.1348
PAN-1,2022-02-02,summer,31.83,85.07,37.88,3.89,9.07,17.2,17.32,0.0,0,68.59,65.8,74.8,0.0672,0.6675,0,0.0,,2400.0,8.7642,78.1348
PAN-1,2022-02-03,summer,29.45,62.37,38.73,3.56,8.52,16.36,18.21,0.0,0,60.39,58.9,69.43,0.0,0.4545,0,0.0,,2400.0,8.7642,78.1348
PAN-1,2022-02-04,summer,32.52,61.28,36.25,0.0,9.45,14.93,19.96,0.0,1,71.9,62.3,69.09,0.0,0.4913,0,0.0,,2400.0,8.7642,78.1348
PAN-1,2022-02-05,summer,34.27,78.51,36.18,0.0,10.52,14.02,21.26,0.0,2,106.49,98.0,103.02,0.0058,0.6261,0,0.0,,2400.0,8.7642,78.1348
PAN-1,2022-02-06,summer,29.77,56.94,41.98,0.0,8.31,12.53,23.78,0.0,3,8.0,8.8,7.91,0.0233,0.2145,0,0.0,,2400.0,8.7642,78.1348
PAN-1,2022-02-07,summer,28.76,65.36,32.06,28.59,7.14,14.54,20.5,0.0,0,84.14,80.5,86.32,0.0,0.5831,0,0.0,,2400.0,8.7642,78.1348
PAN-1,2022-02-08,summer,29.25,65.97,40.17,0.0,8.93,13.42,22.21,0.0,1,37.5,36.3,34.73,0.0,0.2986,0,0.0,,2400.0,8.7642,78.1348
PAN-1,2022-02-09,summer,31.63,62.29,35.47,0.0,8.18,12.18,24.48,0.0,2,19.39,31.1,26.07,0.0859,0.1587,0,0.0,,2400.0,8.7642,78.1348
PAN-1,2022-02-10,summer,30.59,73.16,36.53,12.49,8.72,12.56,23.75,0.0,0,76.31,77.5,75.07,0.0,0.5894,0,0.0,,2400.0,8.7642,78.1348
PAN-1,2022-02-11,summer,28.35,65.54,41.9,3.41,8.08,12.0,24.91,0.0,0,24.95,39.2,20.72,0.1516,0.2964,0,0.0,,2400.0,8.7642,78.1348
PAN-1,2022-02-12,summer,31.52,65.56,33.26,0.0,8.0,12.0,25.22,0.0,1,29.47,28.3,25.7,0.1578,0.284,0,0.0,,2400.0,8.7642,78.1348
PAN-1,2022-02-13,summer,29.87,68.86,30.2,2.27,8.63,11.8,24.41,0.0,0,82.24,66.8,66.88,0.0,0.5309,0,0.0,,2400.0,8.7642,78.1348
PAN-1,2022-02-14,summer,34.59,56.73,34.94,0.0,7.6,12.0,24.27,0.0,1,28.87,29.6,26.62,0.027,0.3612,0,0.0,,2400.0,8.7642,78.1348
PAN-1,2022-02-15,summer,29.06,52.9,34.76,0.0,7.95,12.0,24.65,0.0,2,34.78,40.3,35.11,0.0853,0.3426,0,0.0,,2400.0,8.7642,78.1348
PAN-1,2022-02-16,summer,31.5,72.93,38.24,0.0,8.3,12.0,24.93,0.0,3,42.42,47.1,48.59,0.1546,0.4074,0,0.0,,2400.0,8.7642,78.1348
PAN-1,2022-02-17,summer,31.21,66.44,30.64,15.16,10.81,12.47,24.0,0.0,0,35.77,31.3,34.84,0.0283,0.3757,0,0.0,,2400.0,8.7642,78.1348
PAN-1,2022-02-18,summer,27.78,73.98,21.21,3.22,9.24,12.32,24.29,0.0,0,32.31,38.7,32.55,0.0455,0.2857,0,0.0,,2400.0,8.7642,78.1348
PAN-1,2022-02-19,summer,30.72,73.94,32.83,0.0,8.15,12.0,25.07,0.0,1,40.57,35.2,33.38,0.09,0.3874,0,0.0,,2400.0,8.7642,78.1348
PAN-1,2022-02-20,summer,31.01,66.0,31.34,15.12,8.01,12.54,22.43,0.0,0,23.33,37.9,30.95,0.0278,0.2784,0,0.0,,2400.0,8.7642,78.1348
PAN-1,2022-02-21,summer,32.42,59.5,33.84,0.0,7.49,12.0,23.66,0.0,1,10.13,18.7,10.43,0.0546,0.1911,0,0.0,,2400.0,8.7642,78.1348
PAN-1,2022-02-22,summer,31.9,65.67,28.37,3.82,9.84,12.0,23.84,0.0,0,54.97,52.0,47.04,0.0,0.4306,0,0.0,,2400.0,8.7642,78.1348
PAN-1,2022-02-23,summer,33.28,60.85,34.64,5.65,6.77,12.0,24.06,0.0,0,12.44,17.4,11.08,0.0,0.1644,0,0.0,,2400.0,8.7642,78.1348
PAN-1,2022-02-24,summer,29.11,55.43,33.61,2.56,8.6,12.0,24.35,0.0,0,16.13,34.7,17.64,0.0225,0.2743,0,0.0,,2400.0,8.7642,78.1348
PAN-1,2022-02-25,summer,32.22,61.6,26.17,0.0,11.46,12.0,24.68,0.0,1,23.93,22.6,26.68,0.1058,0.3687,0,0.0,,2400.0,8.7642,78.1348
PAN-1,2022-02-26,summer,31.76,47.44,34.86,0.0,9.88,12.0,24.26,0.0,2,21.17,29.4,22.67,0.0,0.1839,0,0.0,,2400.0,8.7642,78.1348
PAN-1,2022-02-27,summer,32.53,56.58,25.33,0.0,10.52,12.0,24.62,0.0,3,48.87,48.0,50.58,0.0912,0.3963,0,0.0,,2400.0,8.7642,78.1348
PAN-1,2022-02-28,summer,32.22,61.09,30.84,15.28,11.09,12.22,24.18,0.0,0,62.73,54.9,62.83,0.0,0.5772,0,0.0,,2400.0,8.7642,78.1348
PAN-1,2022-03-01,summer,30.22,49.17,25.2,0.0,9.34,12.0,24.91,0.0,1,17.75,27.8,21.18,0.1101,0.3006,0,0.0,,2400.0,8.7642,78.1348
PAN-1,2022-03-02,summer,29.69,44.16,26.74,0.0,9.77,12.0,25.18,0.0,2,0.0,4.8,0.0,0.0701,0.1165,0,0.0,,2400.0,8.7642,78.1348
PAN-1,2022-03-03,summer,32.04,61.59,17.86,0.0,11.37,11.81,24.41,0.0,3,81.11,67.7,84.26,0.0865,0.7658,0,0.0,,2400.0,8.7642,78.1348
PAN-1,2022-03-04,summer,33.2,56.98,21.52,0.0,9.93,12.0,24.4,0.0,4,12.1,14.5,11.84,0.0329,0.1696,0,0.0,,2400.0,8.7642,78.1348
PAN-1,2022-03-05,summer,31.84,50.16,12.53,3.66,9.51,12.0,24.52,0.0,0,2.09,10.1,1.36,0.0527,0.0777,0,0.0,,2400.0,8.7642,78.1348
PAN-1,2022-03-06,summer,33.15,42.8,16.18,4.83,10.87,12.0,24.73,0.0,0,19.75,27.4,22.27,0.0492,0.1972,0,0.0,,2400.0,8.7642,78.1348
PAN-1,2022-03-07,summer,32.22,46.45,15.25,0.0,8.37,12.0,25.0,0.0,1,23.3,21.7,20.17,0.1618,0.3116,0,0.0,,2400.0,8.7642,78.1348
PAN-1,2022-03-08,summer,33.76,44.88,17.76,0.0,10.07,11.73,23.59,0.0,2,0.08,16.9,0.0,0.0,0.0998,0,0.0,,2400.0,8.7642,78.1348
PAN-1,2022-03-09,summer,32.76,47.84,16.78,0.0,10.47,12.0,23.46,0.0,3,0.04,0.0,0.0,0.0,0.0693,0,0.0,,2400.0,8.7642,78.1348
PAN-1,2022-03-10,summer,33.26,61.55,17.7,0.0,9.23,12.0,23.7,0.0,4,31.64,35.3,29.29,0.0029,0.3113,0,0.0,,2400.0,8.7642,78.1348
PAN-1,2022-03-11,summer,30.79,46.85,13.47,0.0,11.2,12.0,23.95,0.0,5,26.49,44.0,30.65,0.0,0.3115,0,0.0,,2400.0,8.7642,78.1348
PAN-1,2022-03-12,summer,33.14,53.91,12.0,0.0,8.91,12.0,24.16,0.0,6,12.77,15.4,11.77,0.0641,0.1417,0,0.0,,2400.0,8.7642,78.1348
PAN-1,2022-03-13,summer,33.01,42.27,17.97,0.0,11.41,12.0,24.55,0.0,7,3.65,12.6,2.69,0.0717,0.0921,0,0.0,,2400.0,8.7642,78.1348
PAN-1,2022-03-14,summer,34.59,42.48,8.01,0.0,10.79,12.0,24.79,0.0,8,23.06,21.4,21.17,0.1491,0.2503,0,0.0,,2400.0,8.7642,78.1348
PAN-1,2022-03-15,summer,35.94,37.22,19.0,0.0,13.0,12.0,24.17,0.0,9,0.68,0.0,0.0,0.0497,0.089,0,0.0,,2400.0,8.7642,78.1348
PAN-1,2022-03-16,summer,33.18,40.3,17.63,0.0,10.13,12.0,24.55,0.0,10,12.33,27.2,13.23,0.0672,0.1209,0,0.0,,2400.0,8.7642,78.1348
PAN-1,2022-03-17,summer,35.58,43.21,15.97,0.0,13.0,12.0,24.98,0.0,11,56.97,59.2,51.85,0.0804,0.4456,0,0.0,,2400.0,8.7642,78.1348
PAN-1,2022-03-18,summer,34.24,40.92,12.5,0.0,10.04,12.0,25.29,0.0,12,0.0,8.4,0.0,0.1826,0.1376,0,0.0,,2400.0,8.7642,78.1348
PAN-1,2022-03-19,summer,32.42,46.83,5.77,0.0,10.71,11.86,24.93,0.0,13,5.83,19.8,6.64,0.1668,0.0661,0,0.0,,2400.0,8.7642,78.1348
PAN-1,2022-03-20,summer,36.74,34.09,11.26,0.0,10.86,12.0,25.02,0.0,14,0.0,8.3,0.0,0.1284,0.1464,0,0.0,,2400.0,8.7642,78.1348
PAN-1,2022-03-21,summer,30.73,37.38,8.5,0.0,9.35,11.85,24.42,0.0,15,34.48,35.3,28.22,0.0733,0.3343,0,0.0,,2400.0,8.7642,78.1348
PAN-1,2022-03-22,summer,36.38,46.57,3.66,0.0,11.32,12.0,24.33,0.0,16,1.85,9.2,1.8,0.07,0.1001,0,0.0,,2400.0,8.7642,78.1348
PAN-1,2022-03-23,summer,33.38,31.1,14.92,0.0,11.2,12.0,24.74,0.0,17,0.0,6.1,0.0,0.045,0.1602,0,0.0,,2400.0,8.7642,78.1348
PAN-1,2022-03-24,summer,34.67,27.39,8.1,0.0,12.61,12.0,25.07,0.0,18,10.41,13.0,10.12,0.1481,0.2927,0,0.0,,2400.0,8.7642,78.1348
PAN-1,2022-03-25,summer,35.22,36.93,4.67,0.0,11.82,11.84,24.44,0.0,19,8.63,10.7,8.16,0.0111,0.2121,0,0.0,,2400.0,8.7642,78.1348
PAN-1,2022-03-26,summer,34.32,40.55,8.11,0.0,11.61,12.0,24.41,0.0,20,13.19,18.9,14.03,0.0912,0.1622,0,0.0,,2400.0,8.7642,78.1348
PAN-1,2022-03-27,summer,32.36,35.36,13.11,0.0,10.88,12.0,24.74,0.0,21,15.97,17.9,14.35,0.0577,0.2383,0,0.0,,2400.0,8.7642,78.1348
PAN-1,2022-03-28,summer,32.72,23.98,15.36,0.0,13.0,12.0,24.69,0.0,22,0.21,21.8,0.0,0.0613,0.1098,0,0.0,,2400.0,8.7642,78.1348
PAN-1,2022-03-29,summer,35.04,32.39,15.05,0.0,9.33,12.0,25.09,0.0,23,5.12,18.3,4.87,0.1067,0.0807,0,0.0,,2400.0,8.7642,78.1348
PAN-1,2022-03-30,summer,34.95,29.76,12.22,0.0,10.44,11.7,23.59,0.0,24,10.12,18.7,9.51,0.0,0.1728,0,0.0,,2400.0,8.7642,78.1348
PAN-1,2022-03-31,summer,36.14,34.52,11.91,0.0,11.99,12.0,23.49,0.0,25,34.76,30.4,32.74,0.0,0.336,0,0.0,,2400.0,8.7642,78.1348
PAN-1,2022-04-01,summer,36.67,49.09,4.32,0.0,11.39,12.0,23.67,0.0,26,0.39,8.6,0.0,0.0,0.0546,0,0.0,,2400.0,8.7642,78.1348
PAN-1,2022-04-02,summer,35.6,31.6,1.9,0.0,10.38,12.0,23.84,0.0,27,0.38,1.3,0.0,0.0,0.1541,0,0.0,,2400.0,8.7642,78.1348
PAN-1,2022-04-03,summer,33.2,41.87,13.53,0.0,11.22,12.0,24.16,0.0,28,0.26,1.8,0.0,0.0,0.0837,0,0.0,,2400.0,8.7642,78.1348
PAN-1,2022-04-04,summer,39.78,35.67,4.71,0.0,9.19,12.0,24.42,0.0,29,0.03,12.4,0.0,0.0511,0.1053,0,0.0,,2400.0,8.7642,78.1348
PAN-1,2022-04-05,summer,34.67,32.86,10.02,0.0,11.98,12.0,24.76,0.0,30,54.36,52.1,59.52,0.0923,0.4792,0,0.0,,2400.0,8.7642,78.1348
PAN-1,2022-04-06,summer,34.83,28.28,7.58,0.0,10.99,12.0,25.06,0.0,31,0.13,19.6,0.0,0.1626,0.1182,0,0.0,,2400.0,8.7642,78.1348
PAN-1,2022-04-07,summer,34.21,35.28,5.1,0.0,11.37,11.84,24.43,0.0,32,0.0,10.5,0.0,0.1351,0.0943,0,0.0,,2400.0,8.7642,78.1348
PAN-1,2022-04-08,summer,33.92,32.19,9.56,0.0,10.84,12.0,24.46,0.0,33,5.59,17.0,5.51,0.0318,0.1885,0,0.0,,2400.0,8.7642,78.1348
PAN-1,2022-04-09,summer,32.65,31.64,14.8,0.0,10.21,12.0,24.83,0.0,34,24.14,36.4,28.52,0.063,0.2999,0,0.0,,2400.0,8.7642,78.1348
PAN-1,2022-04-10,summer,36.7,35.62,12.41,0.0,8.89,12.0,25.2,0.0,35,0.05,5.4,0.0,0.1258,0.1416,0,0.0,,2400.0,8.7642,78.1348
PAN-1,2022-04-11,summer,33.53,27.29,7.87,0.0,10.5,11.77,24.25,0.0,36,0.0,9.4,0.0,0.0,0.1174,0,0.0,,2400.0,8.7642,78.1348
PAN-1,2022-04-12,summer,35.28,33.33,7.63,0.0,12.66,12.0,24.15,0.0,37,0.0,0.0,0.0,0.0531,0.1554,0,0.0,,2400.0,8.7642,78.1348
PAN-1,2022-04-13,summer,33.6,41.98,1.67,0.0,10.85,12.0,24.27,0.0,38,21.43,30.2,22.01,0.0,0.2448,0,0.0,,2400.0,8.7642,78.1348
PAN-1,2022-04-14,summer,35.99,39.45,5.71,0.0,11.26,12.0,24.5,0.0,39,12.24,13.5,15.84,0.0577,0.3558,0,0.0,,2400.0,8.7642,78.1348
PAN-1,2022-04-15,summer,36.4,37.21,3.1,0.0,11.05,12.0,24.69,0.0,40,0.0,0.0,0.0,0.1307,0.0291,0,0.0,,2400.0,8.7642,78.1348
PAN-1,2022-04-16,summer,36.8,37.49,7.2,0.0,11.38,12.0,24.97,0.0,41,0.03,0.0,0.0,0.1172,0.0673,0,0.0,,2400.0,8.7642,78.1348
PAN-1,2022-04-17,summer,36.25,41.78,12.28,0.0,9.64,12.0,25.31,0.0,42,0.0,3.3,0.0,0.1471,0.1757,0,0.0,,2400.0,8.7642,78.1348
PAN-1,2022-04-18,summer,35.71,38.85,7.9,0.0,9.95,11.78,24.47,0.0,43,0.1,9.0,0.0,0.0417,0.0689,0,0.0,,2400.0,8.7642,78.1348
PAN-1,2022-04-19,summer,34.23,27.22,15.85,0.0,12.39,12.0,24.1,0.0,44,0.0,4.7,0.0,0.0733,0.1216,0,0.0,,2400.0,8.7642,78.1348
PAN-1,2022-04-20,summer,37.18,54.53,8.19,0.0,10.16,12.0,24.32,0.0,45,15.95,20.7,15.22,0.0,0.1945,0,0.0,,2400.0,8.7642,78.1348
PAN-1,2022-04-21,summer,33.35,25.7,7.45,3.91,10.33,12.0,24.48,0.0,0,0.0,9.6,0.0,0.0749,0.1048,0,0.0,,2400.0,8.7642,78.1348
PAN-1,2022-04-22,summer,38.3,45.16,5.26,0.0,13.0,12.0,24.72,0.0,1,1.32,8.5,0.0,0.1368,0.2318,0,0.0,,2400.0,8.7642,78.1348
PAN-1,2022-04-23,summer,35.68,33.79,11.61,0.0,10.95,12.0,25.09,0.0,2,0.1,0.0,0.0,0.1632,0.0967,0,0.0,,2400.0,8.7642,78.1348
PAN-1,2022-04-24,summer,34.09,41.98,6.71,0.0,10.76,11.84,24.46,0.0,3,17.27,12.7,15.71,0.0223,0.2358,0,0.0,,2400.0,8.7642,78.1348
PAN-1,2022-04-25,summer,33.13,30.27,8.33,0.0,9.74,12.0,24.45,0.0,4,2.42,11.2,2.91,0.0646,0.0913,0,0.0,,2400.0,8.7642,78.1348
PAN-1,2022-04-26,summer,34.05,35.56,3.92,0.0,10.16,12.0,24.63,0.0,5,36.38,41.2,30.74,0.0117,0.3653,0,0.0,,2400.0,8.7642,78.1348
PAN-1,2022-04-27,summer,34.98,32.63,9.97,0.0,10.99,12.0,24.96,0.0,6,15.15,18.4,15.06,0.0986,0.2944,0,0.0,,2400.0,8.7642,78.1348
PAN-1,2022-04-28,summer,34.87,51.08,10.11,0.0,11.66,12.0,25.21,0.0,7,0.0,3.7,0.0,0.1083,0.1247,0,0.0,,2400.0,8.7642,78.1348
PAN-1,2022-04-29,summer,34.39,36.61,4.43,0.0,9.86,11.85,24.72,0.0,8,0.36,11.1,0.0,0.037,0.0626,0,0.0,,2400.0,8.7642,78.1348
PAN-1,2022-04-30,summer,36.09,31.88,12.45,0.0,11.07,12.0,24.8,0.0,9,3.04,22.0,3.57,0.0614,0.0851,0,0.0,,2400.0,8.7642,78.1348
PAN-1,2022-05-01,summer,33.19,33.08,0.06,0.0,10.25,12.0,24.91,0.0,10,15.16,20.6,17.15,0.1834,0.2027,0,0.0,,2400.0,8.7642,78.1348
PAN-1,2022-05-02,summer,35.77,41.51,11.12,0.0,12.7,12.0,25.25,0.0,11,5.19,14.3,3.93,0.1397,0.1426,0,0.0,,2400.0,8.7642,78.1348
PAN-1,2022-05-03,summer,34.79,31.17,9.53,0.0,9.59,11.75,24.16,0.0,12,0.0,16.5,0.0,0.0,0.0743,0,0.0,,2400.0,8.7642,78.1348
PAN-1,2022-05-04,summer,33.73,47.32,5.43,0.0,9.76,12.0,23.89,0.0,13,0.01,9.0,0.0,0.0,0.0309,0,0.0,,2400.0,8.7642,78.1348
PAN-1,2022-05-05,summer,34.76,37.66,10.26,0.0,11.89,12.0,24.21,0.0,14,8.93,16.7,11.52,0.0651,0.2048,0,0.0,,2400.0,8.7642,78.1348
PAN-1,2022-05-06,summer,35.4,34.05,9.24,0.0,11.94,12.0,24.54,0.0,15,30.35,48.6,30.9,0.0148,0.3747,0,0.0,,2400.0,8.7642,78.1348
PAN-1,2022-05-07,summer,35.98,44.91,10.52,0.0,12.22,12.0,24.85,0.0,16,3.82,8.5,3.47,0.1164,0.0574,0,0.0,,2400.0,8.7642,78.1348
PAN-1,2022-05-08,summer,34.91,23.95,10.03,0.0,11.2,12.0,25.23,0.0,17,0.0,5.3,0.0,0.1465,0.1289,0,0.0,,2400.0,8.7642,78.1348
PAN-1,2022-05-09,summer,31.9,37.57,4.42,0.0,12.41,11.86,24.81,0.0,18,0.0,0.0,0.0,0.0806,0.0572,0,0.0,,2400.0,8.7642,78.1348
PAN-1,2022-05-10,summer,34.99,35.54,7.51,0.0,10.3,12.0,24.82,0.0,19,2.35,10.2,1.48,0.0331,0.1642,0,0.0,,2400.0,8.7642,78.1348
PAN-1,2022-05-11,summer,31.68,28.54,8.33,0.0,11.98,12.0,25.09,0.0,20,0.0,13.8,0.0,0.1393,0.0263,0,0.0,,2400.0,8.7642,78.1348
PAN-1,2022-05-12,summer,37.04,32.02,7.14,0.0,11.59,11.76,23.96,0.0,21,16.99,21.3,16.28,0.0,0.2485,0,0.0,,2400.0,8.7642,78.1348
PAN-1,2022-05-13,summer,35.38,19.88,4.7,0.0,10.76,12.0,23.82,0.0,22,16.11,24.4,14.28,0.0597,0.1617,0,0.0,,2400.0,8.7642,78.1348
PAN-1,2022-05-14,summer,36.36,26.8,10.84,0.0,11.6,12.0,24.24,0.0,23,0.0,0.0,0.0,0.0395,0.0464,0,0.0,,2400.0,8.7642,78.1348
PAN-1,2022-05-15,summer,35.79,31.42,3.22,0.0,12.02,12.0,24.45,0.0,24,1.24,7.7,0.0,0.0221,0.0792,0,0.0,,2400.0,8.7642,78.1348
PAN-1,2022-05-16,summer,35.62,38.08,8.83,0.0,12.33,12.0,24.76,0.0,25,0.0,0.0,0.0,0.0481,0.1157,0,0.0,,2400.0,8.7642,78.1348
PAN-1,2022-05-17,summer,33.42,31.27,9.64,0.0,11.1,12.0,25.06,0.0,26,0.94,4.3,0.0,0.167,0.1011,0,0.0,,2400.0,8.7642,78.1348
PAN-1,2022-05-18,summer,34.92,39.03,5.55,0.0,10.68,11.84,24.43,0.0,27,2.14,14.4,3.12,0.0291,0.2741,0,0.0,,2400.0,8.7642,78.1348
PAN-1,2022-05-19,summer,37.17,46.87,11.21,4.22,11.66,12.0,24.35,0.0,0,2.14,11.9,1.78,0.0045,0.2154,0,0.0,,2400.0,8.7642,78.1348
PAN-1,2022-05-20,summer,34.92,27.07,2.79,0.0,11.85,12.0,24.55,0.0,1,22.19,26.3,23.31,0.1391,0.373,0,0.0,,2400.0,8.7642,78.1348
PAN-1,2022-05-21,summer,29.71,38.58,11.82,0.0,12.11,12.0,24.81,0.0,2,0.0,7.6,0.0,0.0836,0.1275,0,0.0,,2400.0,8.7642,78.1348
PAN-1,2022-05-22,summer,32.98,27.4,10.93,0.0,11.7,12.0,25.16,0.0,3,0.06,2.4,0.0,0.1124,0.1062,0,0.0,,2400.0,8.7642,78.1348
PAN-1,2022-05-23,summer,32.14,36.51,6.79,0.0,9.42,11.84,24.6,0.0,4,29.15,37.3,31.05,0.0159,0.3765,0,0.0,,2400.0,8.7642,78.1348
PAN-1,2022-05-24,summer,34.62,33.55,16.53,0.0,9.75,12.0,24.64,0.0,5,0.0,5.4,0.0,0.1252,0.053,0,0.0,,2400.0,8.7642,78.1348
PAN-1,2022-05-25,summer,36.34,25.78,1.66,0.0,11.14,12.0,24.83,0.0,6,0.08,0.0,0.0,0.0775,0.1176,0,0.0,,2400.0,8.7642,78.1348
PAN-1,2022-05-26,summer,34.02,36.0,8.97,0.0,10.99,12.0,25.11,0.0,7,0.58,15.8,0.0,0.1273,0.1576,0,0.0,,2400.0,8.7642,78.1348
PAN-1,2022-05-27,summer,32.03,20.14,15.31,0.0,11.3,11.65,23.28,0.0,8,0.0,7.1,0.0,0.0965,0.1316,0,0.0,,2400.0,8.7642,78.1348
PAN-1,2022-05-28,summer,33.26,35.7,10.72,0.0,9.97,12.0,22.99,0.0,9,0.0,11.1,0.0,0.0194,0.0552,0,0.0,,2400.0,8.7642,78.1348
PAN-1,2022-05-29,summer,30.57,34.47,2.2,4.94,12.33,12.04,22.92,0.0,0,0.0,11.1,0.0,0.0,0.0149,0,0.0,,2400.0,8.7642,78.1348
PAN-1,2022-05-30,summer,33.18,39.21,14.71,0.0,10.57,12.0,23.33,0.0,1,5.94,1.5,5.0,0.0,0.1315,0,0.0,,2400.0,8.7642,78.1348
PAN-1,2022-05-31,summer,31.25,37.71,10.49,0.0,11.16,12.0,23.59,0.0,2,0.81,11.5,0.0,0.0,0.0802,0,0.0,,2400.0,8.7642,78.1348
PAN-1,2022-06-01,summer,34.53,41.87,5.4,0.0,10.93,12.0,23.79,0.0,3,4.28,15.0,3.51,0.0,0.1313,0,0.0,,2400.0,8.7642,78.1348
PAN-1,2022-06-02,summer,34.68,30.83,6.46,0.0,10.49,12.0,24.05,0.0,4,4.32,17.8,6.76,0.0,0.1815,0,0.0,,2400.0,8.7642,78.1348
PAN-1,2022-06-03,summer,37.06,35.23,9.75,0.0,11.63,12.0,24.41,0.0,5,12.26,20.7,11.33,0.0565,0.1678,0,0.0,,2400.0,8.7642,78.1348
PAN-1,2022-06-04,summer,34.32,39.82,9.76,0.0,9.9,12.0,24.68,0.0,6,25.38,23.2,23.26,0.0597,0.3038,0,0.0,,2400.0,8.7642,78.1348
PAN-1,2022-06-05,summer,36.25,36.87,10.22,0.0,13.0,12.0,25.04,0.0,7,1.41,5.4,0.0,0.0954,0.1417,0,0.0,,2400.0,8.7642,78.1348
PAN-1,2022-06-06,summer,37.19,48.26,3.86,0.0,12.02,11.86,24.57,0.0,8,8.53,19.3,8.68,0.0815,0.1375,0,0.0,,2400.0,8.7642,78.1348
PAN-1,2022-06-07,summer,33.15,49.26,1.22,0.0,12.49,12.0,24.43,0.0,9,0.0,0.0,0.0,0.0761,0.0786,0,0.0,,2400.0,8.7642,78.1348
PAN-1,2022-06-08,summer,34.27,44.83,8.94,0.0,9.96,12.0,24.67,0.0,10,0.0,0.6,0.0,0.059,0.197,0,0.0,,2400.0,8.7642,78.1348
PAN-1,2022-06-09,summer,33.57,43.6,12.37,0.0,10.0,12.0,24.96,0.0,11,0.06,6.1,0.0,0.0549,0.1586,0,0.0,,2400.0,8.7642,78.1348
PAN-1,2022-06-10,summer,30.39,33.21,2.74,0.0,11.24,12.0,25.1,0.0,12,0.0,14.7,0.0,0.1211,0.1957,0,0.0,,2400.0,8.7642,78.1348
PAN-1,2022-06-11,summer,32.67,36.07,6.13,0.0,10.53,11.84,24.51,0.0,13,5.38,9.8,5.23,0.0723,0.1183,0,0.0,,2400.0,8.7642,78.1348
PAN-1,2022-06-12,summer,30.02,46.69,5.74,0.0,10.09,12.0,24.37,0.0,14,0.53,5.5,0.0,0.0947,0.0581,0,0.0,,2400.0,8.7642,78.1348
PAN-1,2022-06-13,summer,32.66,36.78,14.12,0.0,8.84,12.0,24.69,0.0,15,0.56,6.7,0.0,0.0174,0.1334,0,0.0,,2400.0,8.7642,78.1348
PAN-1,2022-06-14,summer,30.33,47.64,5.07,0.0,10.21,12.0,24.82,0.0,16,13.61,13.5,13.35,0.0673,0.2731,0,0.0,,2400.0,8.7642,78.1348
PAN-1,2022-06-15,summer,29.86,49.89,4.85,0.0,10.92,12.0,24.94,0.0,17,0.54,0.0,1.02,0.1669,0.1651,0,0.0,,2400.0,8.7642,78.1348
PAN-1,2022-06-16,summer,31.28,41.6,12.81,0.0,10.51,12.0,25.21,0.0,18,56.53,51.7,51.07,0.136,0.4655,0,0.0,,2400.0,8.7642,78.1348
PAN-1,2022-06-17,summer,31.06,38.32,6.84,0.0,8.91,11.85,24.76,0.0,19,1.02,9.5,0.0,0.0886,0.0205,0,0.0,,2400.0,8.7642,78.1348
PAN-1,2022-06-18,summer,36.8,39.99,0.0,0.0,10.94,12.0,24.61,0.0,20,0.92,11.1,0.0,0.139,0.1215,0,0.0,,2400.0,8.7642,78.1348
PAN-1,2022-06-19,summer,34.53,43.95,6.7,0.0,10.53,12.0,24.82,0.0,21,10.33,17.6,11.5,0.1124,0.2032,0,0.0,,2400.0,8.7642,78.1348
PAN-1,2022-06-20,summer,31.52,47.46,10.14,0.0,12.02,12.0,25.04,0.0,22,0.12,11.3,0.0,0.1227,0.0908,0,0.0,,2400.0,8.7642,78.1348
PAN-1,2022-06-21,summer,36.72,36.94,3.92,0.0,12.02,11.84,24.39,0.0,23,11.35,11.7,10.28,0.0026,0.1334,0,0.0,,2400.0,8.7642,78.1348
PAN-1,2022-06-22,summer,27.86,38.7,8.88,0.0,12.17,12.0,24.31,0.0,24,6.58,15.5,6.48,0.0444,0.2081,0,0.0,,2400.0,8.7642,78.1348
PAN-1,2022-06-23,summer,29.89,35.64,9.66,0.0,9.42,12.0,24.53,0.0,25,28.32,29.0,26.79,0.1221,0.3066,0,0.0,,2400.0,8.7642,78.1348
PAN-1,2022-06-24,summer,39.13,29.55,1.12,0.0,10.96,12.0,24.72,0.0,26,28.71,33.2,26.83,0.0838,0.2258,0,0.0,,2400.0,8.7642,78.1348
PAN-1,2022-06-25,summer,34.6,43.53,12.47,0.0,11.07,12.0,25.04,0.0,27,0.0,7.0,0.0,0.0888,0.1534,0,0.0,,2400.0,8.7642,78.1348
PAN-1,2022-06-26,summer,33.12,38.0,12.36,0.0,10.96,11.76,23.89,0.0,28,2.72,5.7,2.87,0.0213,0.0669,0,0.0,,2400.0,8.7642,78.1348
PAN-1,2022-06-27,summer,31.64,39.97,2.54,0.0,10.73,12.0,23.61,0.0,29,9.54,15.1,8.61,0.0819,0.2883,0,0.0,,2400.0,8.7642,78.1348
PAN-1,2022-06-28,summer,31.3,40.79,10.77,0.0,12.02,12.0,23.87,0.0,30,2.48,15.9,2.33,0.0222,0.0595,0,0.0,,2400.0,8.7642,78.1348
PAN-1,2022-06-29,summer,33.39,42.06,4.89,0.0,12.11,12.0,24.05,0.0,31,40.45,33.1,39.54,0.0072,0.4357,0,0.0,,2400.0,8.7642,78.1348
PAN-1,2022-06-30,summer,33.68,43.9,19.13,0.0,10.83,12.0,24.45,0.0,32,1.49,1.6,2.09,0.0168,0.1253,0,0.0,,2400.0,8.7642,78.1348
PAN-1,2022-07-01,monsoon,31.35,42.81,8.56,1.62,10.76,12.0,24.61,0.0,0,1.77,29.3,1.44,0.1173,0.1356,0,0.0,,2400.0,8.7642,78.1348
PAN-1,2022-07-02,monsoon,32.26,43.44,11.16,0.0,8.45,12.0,24.84,0.0,1,5.31,12.7,5.12,0.1792,0.2713,0,0.0,,2400.0,8.7642,78.1348
PAN-1,2022-07-03,monsoon,31.34,47.72,9.3,0.0,11.31,12.0,25.04,0.0,2,3.51,6.1,3.35,0.1237,0.0816,0,0.0,,2400.0,8.7642,78.1348
PAN-1,2022-07-04,monsoon,31.65,52.37,9.61,8.27,9.61,12.21,23.75,0.0,0,30.55,26.9,27.22,0.0,0.3161,0,0.0,,2400.0,8.7642,78.1348
PAN-1,2022-07-05,monsoon,29.69,40.71,18.31,0.0,10.21,12.0,24.43,0.0,1,14.02,23.0,15.73,0.0412,0.2103,0,0.0,,2400.0,8.7642,78.1348
PAN-1,2022-07-06,monsoon,33.52,53.04,11.82,0.0,12.48,12.0,24.68,0.0,2,64.86,54.8,56.95,0.0719,0.576,0,0.0,,2400.0,8.7642,78.1348
PAN-1,2022-07-07,monsoon,34.42,43.93,10.72,9.46,12.65,12.0,24.7,0.0,0,17.32,15.4,19.73,0.0683,0.3907,0,0.0,,2400.0,8.7642,78.1348
PAN-1,2022-07-08,monsoon,32.74,55.29,18.16,42.59,10.77,15.26,19.43,0.0,0,40.64,46.5,45.93,0.0,0.4204,0,0.0,,2400.0,8.7642,78.1348
PAN-1,2022-07-09,monsoon,31.35,52.85,11.99,0.0,7.72,14.61,20.29,0.0,1,17.47,14.8,15.09,0.0,0.1838,0,0.0,,2400.0,8.7642,78.1348
PAN-1,2022-07-10,monsoon,28.02,46.93,17.14,0.0,8.68,13.8,21.47,0.0,2,7.46,30.0,8.02,0.0,0.115,0,0.0,,2400.0,8.7642,78.1348
PAN-1,2022-07-11,monsoon,29.87,55.86,23.84,0.0,10.0,12.79,23.17,0.0,3,31.01,30.1,31.4,0.0174,0.3063,0,0.0,,2400.0,8.7642,78.1348
PAN-1,2022-07-12,monsoon,31.16,53.26,19.4,0.0,11.14,12.0,24.76,0.0,4,39.75,32.6,42.23,0.093,0.4062,0,0.0,,2400.0,8.7642,78.1348
PAN-1,2022-07-13,monsoon,30.44,69.48,20.57,0.0,10.75,12.0,24.95,0.0,5,23.24,25.6,28.99,0.0368,0.2691,0,0.0,,2400.0,8.7642,78.1348
PAN-1,2022-07-14,monsoon,29.83,63.86,19.82,8.44,9.21,12.15,24.64,0.0,0,67.59,52.5,59.28,0.0999,0.5646,0,0.0,,2400.0,8.7642,78.1348
PAN-1,2022-07-15,monsoon,32.66,73.16,18.92,0.0,11.02,12.0,25.09,0.0,1,11.35,18.4,11.25,0.1694,0.1311,0,0.0,,2400.0,8.7642,78.1348
PAN-1,2022-07-16,monsoon,29.35,60.02,15.21,0.0,9.0,11.86,24.64,0.0,2,36.23,38.2,33.7,0.0835,0.2956,0,0.0,,2400.0,8.7642,78.1348
PAN-1,2022-07-17,monsoon,31.6,64.13,21.15,2.99,10.39,12.0,24.55,0.0,0,30.89,42.2,37.34,0.0317,0.4726,0,0.0,,2400.0,8.7642,78.1348
PAN-1,2022-07-18,monsoon,31.03,64.52,24.73,9.22,8.25,12.08,24.38,0.0,0,35.26,41.5,34.67,0.1068,0.3781,0,0.0,,2400.0,8.7642,78.1348
PAN-1,2022-07-19,monsoon,32.71,57.23,26.03,5.72,7.82,12.0,24.68,0.0,0,40.31,55.8,47.18,0.0694,0.4933,0,0.0,,2400.0,8.7642,78.1348
PAN-1,2022-07-20,monsoon,27.86,65.06,25.19,16.83,9.78,12.94,22.88,0.0,0,74.54,60.3,64.7,0.0,0.5423,0,0.0,,2400.0,8.7642,78.1348
PAN-1,2022-07-21,monsoon,28.78,74.01,30.15,5.38,9.55,12.81,23.11,0.0,0,22.23,37.3,23.73,0.0,0.2515,0,0.0,,2400.0,8.7642,78.1348
PAN-1,2022-07-22,monsoon,29.12,59.51,27.74,31.14,7.8,15.0,19.74,0.0,0,18.32,17.8,16.85,0.033,0.1252,0,0.0,,2400.0,8.7642,78.1348
PAN-1,2022-07-23,monsoon,31.02,53.98,20.4,0.0,11.35,13.96,21.22,0.0,1,89.09,82.3,83.76,0.0,0.579,0,0.0,,2400.0,8.7642,78.1348
PAN-1,2022-07-24,monsoon,29.11,60.51,22.86,4.2,9.41,13.56,21.85,0.0,0,35.74,45.9,41.2,0.0,0.3585,0,0.0,,2400.0,8.7642,78.1348
PAN-1,2022-07-25,monsoon,27.9,60.36,25.26,0.0,9.27,12.73,23.27,0.0,1,34.74,30.5,36.41,0.0,0.3726,0,0.0,,2400.0,8.7642,78.1348
PAN-1,2022-07-26,monsoon,29.84,65.39,26.66,0.0,9.75,12.0,24.72,0.0,2,45.74,48.8,41.19,0.0966,0.3978,0,0.0,,2400.0,8.7642,78.1348
PAN-1,2022-07-27,monsoon,28.02,64.33,30.45,0.0,10.88,12.0,24.99,0.0,3,70.21,63.7,79.85,0.0792,0.6385,0,0.0,,2400.0,8.7642,78.1348
PAN-1,2022-07-28,monsoon,29.53,69.63,27.37,0.0,8.62,12.0,25.2,0.0,4,98.98,80.6,88.09,0.124,0.5682,0,0.0,,2400.0,8.7642,78.1348
PAN-1,2022-07-29,monsoon,27.34,69.85,27.85,6.72,7.89,12.05,24.2,0.0,0,9.08,18.2,10.52,0.0464,0.2142,0,0.0,,2400.0,8.7642,78.1348
PAN-1,2022-07-30,monsoon,30.04,66.48,31.59,21.54,8.5,13.28,21.96,0.0,0,60.05,60.9,67.06,0.0232,0.5897,0,0.0,,2400.0,8.7642,78.1348
PAN-1,2022-07-31,monsoon,30.24,78.22,31.32,11.92,7.63,13.89,21.0,0.0,0,60.62,65.4,57.17,0.01,0.4385,0,0.0,,2400.0,8.7642,78.1348
PAN-1,2022-08-01,monsoon,29.51,71.4,32.1,10.22,10.3,14.08,20.71,0.0,0,25.35,28.6,25.0,0.0,0.256,0,0.0,,2400.0,8.7642,78.1348
PAN-1,2022-08-02,monsoon,29.7,65.11,30.89,0.0,8.91,13.14,22.19,0.0,1,65.48,64.8,57.68,0.0,0.4724,0,0.0,,2400.0,8.7642,78.1348
PAN-1,2022-08-03,monsoon,31.46,71.82,31.32,4.85,8.55,12.79,22.81,0.0,0,38.33,38.7,42.22,0.0872,0.3181,0,0.0,,2400.0,8.7642,78.1348
PAN-1,2022-08-04,monsoon,27.72,60.09,29.95,0.0,8.39,12.0,24.35,0.0,1,51.98,51.5,54.75,0.0433,0.5576,0,0.0,,2400.0,8.7642,78.1348
PAN-1,2022-08-05,monsoon,29.83,71.1,37.17,22.78,5.05,13.49,21.66,0.0,0,20.02,21.5,17.91,0.0,0.1131,0,0.0,,2400.0,8.7642,78.1348
PAN-1,2022-08-06,monsoon,26.45,81.18,35.5,17.84,7.37,14.83,19.71,0.0,0,95.46,81.4,81.84,0.0708,0.6191,0,0.0,,2400.0,8.7642,78.1348
PAN-1,2022-08-07,monsoon,31.54,77.19,28.87,15.01,10.98,15.64,18.7,0.0,0,31.79,38.0,32.15,0.0,0.2341,0,0.0,,2400.0,8.7642,78.1348
PAN-1,2022-08-08,monsoon,25.6,55.44,33.13,0.0,7.78,14.68,19.93,0.0,1,53.22,65.5,60.81,0.0,0.466,0,0.0,,2400.0,8.7642,78.1348
PAN-1,2022-08-09,monsoon,31.26,83.84,36.93,5.64,9.66,14.67,19.94,0.0,0,54.85,67.7,62.12,0.0604,0.4729,0,0.0,,2400.0,8.7642,78.1348
PAN-1,2022-08-10,monsoon,28.62,82.11,31.02,0.0,9.28,14.21,20.59,0.0,1,21.38,39.7,27.42,0.0,0.2131,0,0.0,,2400.0,8.7642,78.1348
PAN-1,2022-08-11,monsoon,25.33,76.83,34.25,0.0,10.08,13.66,21.42,0.0,2,27.49,33.2,24.96,0.0013,0.28,0,0.0,,2400.0,8.7642,78.1348
PAN-1,2022-08-12,monsoon,25.65,90.26,32.42,0.0,8.35,13.45,21.76,0.0,3,16.48,25.2,23.55,0.0,0.2508,0,0.0,,2400.0,8.7642,78.1348
PAN-1,2022-08-13,monsoon,25.59,79.2,36.37,0.0,8.66,12.95,22.61,0.0,4,53.14,52.4,64.48,0.0061,0.5555,0,0.0,,2400.0,8.7642,78.1348
PAN-1,2022-08-14,monsoon,22.86,78.32,35.06,9.44,7.86,13.48,21.73,0.0,0,31.12,29.0,33.48,0.0783,0.3376,0,0.0,,2400.0,8.7642,78.1348
PAN-1,2022-08-15,monsoon,27.29,80.36,34.82,15.15,8.98,14.48,20.22,0.0,0,70.97,82.3,78.51,0.0,0.5847,0,0.0,,2400.0,8.7642,78.1348
PAN-1,2022-08-16,monsoon,27.49,85.86,42.94,0.0,11.08,14.0,20.92,0.0,1,59.75,62.7,64.44,0.0979,0.4106,0,0.0,,2400.0,8.7642,78.1348
PAN-1,2022-08-17,monsoon,29.24,79.28,34.23,12.39,10.84,14.6,20.06,0.0,0,40.63,39.4,33.73,0.0,0.2717,0,0.0,,2400.0,8.7642,78.1348
PAN-1,2022-08-18,monsoon,30.32,77.53,36.56,0.81,6.59,13.94,21.01,0.0,1,22.78,29.2,20.57,0.046,0.3052,0,0.0,,2400.0,8.7642,78.1348
PAN-1,2022-08-19,monsoon,31.7,85.11,34.15,21.94,8.36,15.65,18.71,0.0,0,81.02,78.4,93.16,0.0,0.6268,0,0.0,,2400.0,8.7642,78.1348
PAN-1,2022-08-20,monsoon,24.3,84.09,34.63,1.99,8.96,15.5,18.89,0.0,0,23.89,35.8,28.94,0.0,0.2849,0,0.0,,2400.0,8.7642,78.1348
PAN-1,2022-08-21,monsoon,23.59,79.63,28.49,4.78,10.08,15.6,18.76,0.0,0,23.79,42.1,31.48,0.0008,0.2683,0,0.0,,2400.0,8.7642,78.1348
PAN-1,2022-08-22,monsoon,29.14,62.11,39.04,0.0,8.19,14.42,20.29,0.0,1,83.99,79.0,77.36,0.027,0.543,0,0.0,,2400.0,8.7642,78.1348
PAN-1,2022-08-23,monsoon,25.43,94.58,32.33,9.25,8.01,15.23,19.21,0.0,0,76.19,73.0,73.95,0.098,0.5438,0,0.0,,2400.0,8.7642,78.1348
PAN-1,2022-08-24,monsoon,27.91,82.18,38.26,15.92,9.22,16.3,17.95,0.0,0,60.11,66.9,69.23,0.0236,0.5622,0,0.0,,2400.0,8.7642,78.1348
PAN-1,2022-08-25,monsoon,28.1,80.71,34.64,0.0,9.35,15.77,18.56,0.0,1,15.61,6.4,14.14,0.0413,0.1498,0,0.0,,2400.0,8.7642,78.1348
PAN-1,2022-08-26,monsoon,25.38,77.78,35.25,0.0,7.94,15.27,19.17,0.0,2,19.95,29.0,18.65,0.0,0.1446,0,0.0,,2400.0,8.7642,78.1348
PAN-1,2022-08-27,monsoon,25.2,94.71,41.5,0.95,10.55,15.12,19.36,0.0,3,46.06,34.8,38.89,0.0297,0.3768,0,0.0,,2400.0,8.7642,78.1348
PAN-1,2022-08-28,monsoon,27.62,84.53,33.98,0.0,8.8,14.72,19.89,0.0,4,88.01,90.1,89.45,0.0556,0.5265,0,0.0,,2400.0,8.7642,78.1348
PAN-1,2022-08-29,monsoon,25.14,70.4,41.7,0.0,6.72,13.99,20.92,0.0,5,56.58,58.1,55.61,0.0,0.4722,0,0.0,,2400.0,8.7642,78.1348
PAN-1,2022-08-30,monsoon,23.72,86.59,32.28,2.13,10.0,13.93,21.01,0.0,0,29.69,31.4,31.54,0.0439,0.2852,0,0.0,,2400.0,8.7642,78.1348
PAN-1,2022-08-31,monsoon,24.92,89.21,35.48,1.2,7.15,13.82,21.18,0.0,0,45.75,53.2,50.06,0.0208,0.3618,0,0.0,,2400.0,8.7642,78.1348
PAN-1,2022-09-01,monsoon,23.38,82.12,36.35,0.0,10.63,13.41,21.82,0.0,1,9.88,17.3,10.73,0.0333,0.1975,0,0.0,,2400.0,8.7642,78.1348
PAN-1,2022-09-02,monsoon,26.95,84.64,32.38,10.35,8.51,14.08,20.78,0.0,0,42.59,60.4,45.76,0.0,0.252,0,0.0,,2400.0,8.7642,78.1348
PAN-1,2022-09-03,monsoon,24.17,82.33,31.03,14.62,7.42,15.22,19.23,0.0,0,50.46,42.8,49.33,0.0243,0.3688,0,0.0,,2400.0,8.7642,78.1348
PAN-1,2022-09-04,monsoon,27.08,91.36,25.16,1.45,7.67,15.2,19.25,0.0,0,48.09,46.9,41.95,0.0,0.2942,0,0.0,,2400.0,8.7642,78.1348
PAN-1,2022-09-05,monsoon,26.82,70.27,28.63,0.0,8.91,14.56,20.09,0.0,1,42.39,33.4,36.99,0.0,0.3287,0,0.0,,2400.0,8.7642,78.1348
PAN-1,2022-09-06,monsoon,25.08,70.06,29.88,29.58,8.2,16.93,17.27,0.0,0,29.17,38.9,28.43,0.0,0.2474,0,0.0,,2400.0,8.7642,78.1348
PAN-1,2022-09-07,monsoon,29.69,80.65,30.64,0.0,8.53,16.42,17.81,0.0,1,32.44,29.7,32.08,0.0077,0.2504,0,0.0,,2400.0,8.7642,78.1348
PAN-1,2022-09-08,monsoon,22.82,90.14,37.16,27.43,7.6,18.97,15.42,0.0,0,32.22,42.4,34.34,0.0,0.3287,0,0.0,,2400.0,8.7642,78.1348
PAN-1,2022-09-09,monsoon,27.59,82.56,34.49,0.0,8.79,18.51,15.8,0.0,1,52.73,57.6,57.28,0.0,0.3856,0,0.0,,2400.0,8.7642,78.1348
PAN-1,2022-09-10,monsoon,27.84,89.92,38.16,0.0,10.27,18.2,16.07,0.0,2,45.84,55.1,53.91,0.0,0.411,0,0.0,,2400.0,8.7642,78.1348
PAN-1,2022-09-11,monsoon,22.82,80.5,25.09,9.11,10.34,18.8,15.56,0.0,0,33.62,31.2,29.68,0.0,0.1347,0,0.0,,2400.0,8.7642,78.1348
PAN-1,2022-09-12,monsoon,22.11,70.49,30.03,0.0,8.94,18.3,15.98,0.0,1,10.81,10.4,11.12,0.0,0.1213,0,0.0,,2400.0,8.7642,78.1348
PAN-1,2022-09-13,monsoon,24.7,77.06,33.78,0.0,9.51,17.79,16.44,0.0,2,42.92,36.6,43.67,0.0,0.2908,0,0.0,,2400.0,8.7642,78.1348
PAN-1,2022-09-14,monsoon,24.67,89.02,32.05,0.0,6.99,17.58,16.64,0.0,3,40.15,52.3,56.31,0.0,0.2765,0,0.0,,2400.0,8.7642,78.1348
PAN-1,2022-09-15,monsoon,27.82,82.91,28.52,0.0,10.23,17.17,17.03,0.0,4,42.73,31.9,37.93,0.003,0.3682,0,0.0,,2400.0,8.7642,78.1348
PAN-1,2022-09-16,monsoon,26.36,88.72,22.8,4.1,8.74,17.39,16.82,0.0,0,6.84,8.0,6.59,0.0938,0.145,0,0.0,,2400.0,8.7642,78.1348
PAN-1,2022-09-17,monsoon,25.08,85.3,22.49,0.15,10.44,17.14,17.06,0.0,1,36.15,27.6,32.17,0.03,0.1896,0,0.0,,2400.0,8.7642,78.1348
PAN-1,2022-09-18,monsoon,24.43,90.6,33.18,2.95,9.73,17.23,16.97,0.0,0,21.84,24.1,20.84,0.0,0.1537,0,0.0,,2400.0,8.7642,78.1348
PAN-1,2022-09-19,monsoon,24.26,81.63,21.9,0.0,10.66,16.94,17.26,0.0,1,0.0,0.0,0.04,0.0,0.0,0,0.0,,2400.0,8.7642,78.1348
PAN-1,2022-09-20,monsoon,25.12,71.75,15.11,0.0,9.26,16.6,17.61,0.0,2,37.26,30.8,33.33,0.0611,0.248,0,0.0,,2400.0,8.7642,78.1348
PAN-1,2022-09-21,monsoon,22.93,79.33,23.2,0.0,9.46,16.3,17.94,0.0,3,9.05,28.5,9.56,0.0,0.1125,0,0.0,,2400.0,8.7642,78.1348
PAN-1,2022-09-22,monsoon,23.43,78.07,34.62,0.0,11.62,15.8,18.5,0.0,4,10.12,18.1,9.57,0.0158,0.1717,0,0.0,,2400.0,8.7642,78.1348
PAN-1,2022-09-23,monsoon,25.18,79.29,12.95,4.73,12.56,16.02,18.24,0.0,0,38.6,42.2,39.18,0.0,0.273,0,0.0,,2400.0,8.7642,78.1348
PAN-1,2022-09-24,monsoon,24.69,67.1,16.05,8.61,8.48,16.49,17.72,0.0,0,5.8,11.3,7.28,0.0,0.1388,0,0.0,,2400.0,8.7642,78.1348
PAN-1,2022-09-25,monsoon,23.87,73.53,16.79,0.0,11.33,16.15,18.09,0.0,1,56.68,59.8,51.19,0.0,0.4637,0,0.0,,2400.0,8.7642,78.1348
PAN-1,2022-09-26,monsoon,23.9,67.69,18.68,0.0,8.63,15.74,18.56,0.0,2,16.26,28.2,14.34,0.0,0.1973,0,0.0,,2400.0,8.7642,78.1348
PAN-1,2022-09-27,monsoon,21.51,78.48,15.5,0.0,10.68,15.52,18.82,0.0,3,0.0,14.7,0.0,0.0,0.0027,0,0.0,,2400.0,8.7642,78.1348
PAN-1,2022-09-28,monsoon,23.29,83.24,17.67,0.0,9.81,15.31,19.07,0.0,4,16.39,23.2,20.21,0.0,0.164,0,0.0,,2400.0,8.7642,78.1348
PAN-1,2022-09-29,monsoon,25.85,65.5,18.44,0.0,9.97,14.8,19.73,0.0,5,0.67,8.2,0.5,0.0,0.0,0,0.0,,2400.0,8.7642,78.1348
PAN-1,2022-09-30,monsoon,25.87,69.84,12.34,0.0,8.96,14.48,20.17,0.0,6,11.8,17.7,11.44,0.0376,0.1252,0,0.0,,2400.0,8.7642,78.1348
PAN-1,2022-10-01,other,22.75,64.86,8.49,0.0,9.95,14.23,20.53,0.0,7,4.37,8.1,5.4,0.0,0.2303,0,0.0,,2400.0,8.7642,78.1348
PAN-1,2022-10-02,other,24.87,79.14,9.16,0.0,8.57,14.06,20.78,0.0,8,4.14,23.7,4.57,0.009,0.1102,0,0.0,,2400.0,8.7642,78.1348
PAN-1,2022-10-03,other,23.67,72.78,10.59,0.0,11.16,13.81,21.16,0.0,9,0.0,13.5,0.0,0.0,0.0714,0,0.0,,2400.0,8.7642,78.1348
PAN-1,2022-10-04,other,26.36,90.27,13.2,0.0,9.39,13.7,21.34,0.0,10,0.79,13.0,0.0,0.0097,0.0476,0,0.0,,2400.0,8.7642,78.1348
PAN-1,2022-10-05,other,22.56,59.6,4.58,0.0,12.69,13.47,21.71,0.0,11,21.57,17.0,22.58,0.0,0.2527,0,0.0,,2400.0,8.7642,78.1348
PAN-1,2022-10-06,other,24.92,65.55,5.01,0.0,10.28,13.25,22.07,0.0,12,0.81,9.5,0.0,0.0162,0.0621,0,0.0,,2400.0,8.7642,78.1348
PAN-1,2022-10-07,other,21.97,72.83,10.18,0.0,10.9,13.03,22.44,0.0,13,0.34,0.8,0.0,0.0,0.0,0,0.0,,2400.0,8.7642,78.1348
PAN-1,2022-10-08,other,24.58,56.96,3.2,0.0,10.85,12.8,22.84,0.0,14,4.14,3.6,4.1,0.1035,0.1434,0,0.0,,2400.0,8.7642,78.1348
PAN-1,2022-10-09,other,23.46,81.78,3.71,0.0,10.33,12.71,23.01,0.0,15,0.0,6.1,0.0,0.0,0.1567,0,0.0,,2400.0,8.7642,78.1348
PAN-1,2022-10-10,other,24.66,64.23,2.56,0.0,12.36,12.52,23.35,0.0,16,4.99,15.7,4.87,0.0,0.015,0,0.0,,2400.0,8.7642,78.1348
PAN-1,2022-10-11,other,21.51,75.87,14.87,0.0,9.54,12.29,23.79,0.0,17,7.92,16.8,8.98,0.0,0.1233,0,0.0,,2400.0,8.7642,78.1348
PAN-1,2022-10-12,other,25.74,68.27,5.32,0.0,11.41,12.06,24.23,0.0,18,0.21,9.6,0.0,0.0682,0.134,0,0.0,,2400.0,8.7642,78.1348
PAN-1,2022-10-13,other,22.76,75.83,1.24,5.82,8.74,12.56,23.27,0.0,0,22.31,22.1,21.93,0.0296,0.246,0,0.0,,2400.0,8.7642,78.1348
PAN-1,2022-10-14,other,23.02,58.06,4.92,0.0,10.6,12.32,23.72,0.0,1,0.68,6.7,0.0,0.0,0.1642,0,0.0,,2400.0,8.7642,78.1348
PAN-1,2022-10-15,other,21.27,60.59,14.52,25.6,9.64,14.51,20.14,0.0,0,13.76,26.1,11.44,0.0636,0.0938,0,0.0,,2400.0,8.7642,78.1348
PAN-1,2022-10-16,other,21.93,66.62,12.3,0.0,10.35,14.21,20.56,0.0,1,1.47,5.6,0.85,0.1258,0.0,0,0.0,,2400.0,8.7642,78.1348
PAN-1,2022-10-17,other,27.0,76.52,3.51,0.0,9.89,14.07,20.77,0.0,2,2.09,6.1,1.95,0.0008,0.0215,0,0.0,,2400.0,8.7642,78.1348
PAN-1,2022-10-18,other,21.03,66.5,6.47,0.0,12.5,13.86,21.08,0.0,3,10.97,17.5,11.12,0.1028,0.124,0,0.0,,2400.0,8.7642,78.1348
PAN-1,2022-10-19,other,18.56,68.32,7.53,0.0,10.14,13.69,21.34,0.0,4,0.0,3.9,0.0,0.0218,0.0768,0,0.0,,2400.0,8.7642,78.1348
PAN-1,2022-10-20,other,24.06,65.91,7.8,0.0,12.85,13.41,21.79,0.0,5,13.58,17.5,13.59,0.0937,0.1877,0,0.0,,2400.0,8.7642,78.1348
PAN-1,2022-10-21,other,19.19,69.8,9.47,0.0,9.68,13.22,22.1,0.0,6,0.0,14.7,0.0,0.0172,0.0496,0,0.0,,2400.0,8.7642,78.1348
PAN-1,2022-10-22,other,23.74,76.05,2.69,0.0,10.83,13.11,22.29,0.0,7,0.0,12.0,0.0,0.0666,0.1245,0,0.0,,2400.0,8.7642,78.1348
PAN-1,2022-10-23,other,23.41,66.46,9.38,0.0,11.28,12.83,22.78,0.0,8,0.0,8.5,0.0,0.0699,0.0733,0,0.0,,2400.0,8.7642,78.1348
PAN-1,2022-10-24,other,22.24,67.78,10.34,0.0,9.18,12.58,23.23,0.0,9,2.02,7.0,2.05,0.0,0.1087,0,0.0,,2400.0,8.7642,78.1348
PAN-1,2022-10-25,other,21.78,65.52,14.47,0.0,9.0,12.26,23.84,0.0,10,10.73,20.0,9.89,0.0676,0.2487,0,0.0,,2400.0,8.7642,78.1348
PAN-1,2022-10-26,other,23.29,77.13,9.05,0.0,10.67,12.08,24.2,0.0,11,8.12,8.8,9.89,0.0576,0.0878,0,0.0,,2400.0,8.7642,78.1348
PAN-1,2022-10-27,other,23.51,66.98,7.22,0.0,9.86,12.0,24.4,0.0,12,0.0,17.5,0.0,0.0598,0.147,0,0.0,,2400.0,8.7642,78.1348
PAN-1,2022-10-28,other,23.34,79.82,9.32,0.0,11.54,12.0,24.45,0.0,13,21.0,22.3,20.34,0.0232,0.3181,0,0.0,,2400.0,8.7642,78.1348
PAN-1,2022-10-29,other,27.27,69.6,1.99,9.32,9.03,12.78,22.96,0.0,0,0.0,13.2,0.0,0.0,0.1721,0,0.0,,2400.0,8.7642,78.1348
PAN-1,2022-10-30,other,21.95,58.72,11.33,0.0,12.44,12.41,23.65,0.0,1,22.94,21.4,19.98,0.0391,0.289,0,0.0,,2400.0,8.7642,78.1348
PAN-1,2022-10-31,other,19.88,69.1,4.09,0.0,11.95,12.27,23.92,0.0,2,12.48,5.8,12.71,0.0,0.1878,0,0.0,,2400.0,8.7642,78.1348
PAN-1,2022-11-01,other,24.34,82.55,10.85,0.0,10.98,12.1,24.25,0.0,3,2.43,5.4,2.69,0.0516,0.0998,0,0.0,,2400.0,8.7642,78.1348
PAN-1,2022-11-02,other,20.47,74.06,13.05,0.0,11.14,12.0,24.49,0.0,4,0.31,5.0,0.0,0.0687,0.1874,0,0.0,,2400.0,8.7642,78.1348
PAN-1,2022-11-03,other,21.89,79.16,5.64,0.0,9.97,12.0,24.52,0.0,5,0.96,15.6,0.0,0.0061,0.0412,0,0.0,,2400.0,8.7642,78.1348
PAN-1,2022-11-04,other,26.59,68.14,2.5,0.0,11.08,12.0,24.57,0.0,6,1.3,0.4,0.0,0.1039,0.0804,0,0.0,,2400.0,8.7642,78.1348
PAN-1,2022-11-05,other,20.66,80.84,16.64,0.0,11.44,12.0,24.63,0.0,7,0.56,2.6,0.0,0.1358,0.0401,0,0.0,,2400.0,8.7642,78.1348
PAN-1,2022-11-06,other,23.1,75.13,13.83,0.0,12.53,12.0,24.71,0.0,8,10.99,13.7,12.07,0.0779,0.2945,0,0.0,,2400.0,8.7642,78.1348
PAN-1,2022-11-07,other,21.86,73.71,9.57,0.0,10.98,12.0,24.77,0.0,9,0.0,1.6,0.0,0.0761,0.1765,0,0.0,,2400.0,8.7642,78.1348
PAN-1,2022-11-08,other,24.44,70.5,8.23,0.0,12.65,12.0,24.84,0.0,10,0.0,8.6,0.0,0.1424,0.0879,0,0.0,,2400.0,8.7642,78.1348
PAN-1,2022-11-09,other,22.51,64.82,4.02,22.77,10.51,14.1,21.14,0.0,0,1.01,12.1,1.03,0.0131,0.0665,0,0.0,,2400.0,8.7642,78.1348
PAN-1,2022-11-10,other,25.02,74.34,7.27,0.0,9.15,13.91,21.43,0.0,1,40.6,44.1,44.33,0.0196,0.2609,0,0.0,,2400.0,8.7642,78.1348
PAN-1,2022-11-11,other,25.52,68.39,13.18,0.0,12.02,13.52,22.04,0.0,2,0.62,12.8,0.0,0.0,0.0542,0,0.0,,2400.0,8.7642,78.1348
PAN-1,2022-11-12,other,22.56,55.37,12.39,0.0,12.03,13.08,22.78,0.0,3,3.48,12.9,3.39,0.0357,0.1184,0,0.0,,2400.0,8.7642,78.1348
PAN-1,2022-11-13,other,25.08,76.96,3.89,0.0,10.99,12.94,23.02,0.0,4,15.46,16.1,15.32,0.0,0.2247,0,0.0,,2400.0,8.7642,78.1348
PAN-1,2022-11-14,other,23.46,73.51,5.86,0.0,12.23,12.76,23.34,0.0,5,2.95,10.5,2.9,0.0,0.1077,0,0.0,,2400.0,8.7642,78.1348
PAN-1,2022-11-15,other,22.4,88.48,11.0,0.0,12.42,12.66,23.53,0.0,6,0.0,0.8,0.0,0.0525,0.0779,0,0.0,,2400.0,8.7642,78.1348
PAN-1,2022-11-16,other,18.91,72.98,6.26,0.0,10.72,12.53,23.78,0.0,7,0.29,4.6,0.0,0.0,0.0528,0,0.0,,2400.0,8.7642,78.1348
PAN-1,2022-11-17,other,21.42,65.77,12.19,0.0,9.91,12.24,24.34,0.0,8,0.0,13.6,0.0,0.0595,0.0506,0,0.0,,2400.0,8.7642,78.1348
PAN-1,2022-11-18,other,19.94,70.0,2.02,0.0,10.18,12.14,24.54,0.0,9,8.64,16.4,9.73,0.0654,0.2189,0,0.0,,2400.0,8.7642,78.1348
PAN-1,2022-11-19,other,22.16,90.4,2.47,0.0,11.35,12.1,24.62,0.0,10,18.24,27.5,17.11,0.0,0.2422,0,0.0,,2400.0,8.7642,78.1348
PAN-1,2022-11-20,other,27.15,66.74,0.0,0.0,8.82,12.0,24.83,0.0,11,1.03,13.3,0.0,0.0813,0.0376,0,0.0,,2400.0,8.7642,78.1348
PAN-1,2022-11-21,other,20.38,64.23,8.43,0.0,11.18,12.0,24.9,0.0,12,0.33,5.3,0.0,0.0824,0.0806,0,0.0,,2400.0,8.7642,78.1348
PAN-1,2022-11-22,other,22.3,60.66,3.04,0.0,11.8,12.0,24.95,0.0,13,8.74,12.2,8.94,0.048,0.1748,0,0.0,,2400.0,8.7642,78.1348
PAN-1,2022-11-23,other,21.99,76.95,7.2,0.0,10.42,12.0,24.99,0.0,14,0.75,1.2,0.0,0.1091,0.0,0,0.0,,2400.0,8.7642,78.1348
PAN-1,2022-11-24,other,23.02,59.35,13.04,0.0,11.94,12.0,25.11,0.0,15,0.54,7.4,0.0,0.1117,0.0003,0,0.0,,2400.0,8.7642,78.1348
PAN-1,2022-11-25,other,22.92,63.38,3.43,0.0,12.18,11.96,25.27,0.0,16,1.7,13.0,2.61,0.1239,0.097,0,0.0,,2400.0,8.7642,78.1348
PAN-1,2022-11-26,other,25.48,64.15,6.26,0.0,10.77,11.94,25.26,0.0,17,2.39,10.4,3.04,0.1881,0.106,0,0.0,,2400.0,8.7642,78.1348
PAN-1,2022-11-27,other,19.97,89.96,12.47,0.0,12.95,11.98,25.46,0.0,18,5.61,11.4,5.63,0.1246,0.0975,0,0.0,,2400.0,8.7642,78.1348
PAN-1,2022-11-28,other,24.08,68.11,8.74,0.0,11.11,11.93,25.49,0.0,19,0.0,14.6,0.0,0.1972,0.1161,0,0.0,,2400.0,8.7642,78.1348
PAN-1,2022-11-29,other,20.78,74.02,4.95,0.0,10.81,11.97,25.62,0.0,20,0.28,20.5,0.0,0.2322,0.1623,0,0.0,,2400.0,8.7642,78.1348
PAN-1,2022-11-30,other,25.15,62.59,2.97,0.0,11.83,11.94,25.73,0.0,21,6.81,13.1,6.36,0.185,0.0857,0,0.0,,2400.0,8.7642,78.1348
PAN-1,2022-12-01,other,24.73,67.49,13.56,0.0,10.44,11.89,25.57,0.0,22,6.05,14.5,5.52,0.219,0.0556,0,0.0,,2400.0,8.7642,78.1348
PAN-1,2022-12-02,other,24.54,64.11,7.84,0.0,10.14,11.92,25.42,0.0,23,2.1,18.2,1.94,0.1768,0.156,0,0.0,,2400.0,8.7642,78.1348
PAN-1,2022-12-03,other,26.0,49.78,12.54,0.0,11.6,11.84,24.87,0.0,24,0.0,16.3,0.0,0.0642,0.1904,0,0.0,,2400.0,8.7642,78.1348
PAN-1,2022-12-04,other,29.28,65.98,12.98,0.0,8.94,12.0,24.72,0.0,25,0.84,12.9,0.0,0.0766,0.0905,0,0.0,,2400.0,8.7642,78.1348
PAN-1,2022-12-05,other,25.87,75.94,9.26,0.0,12.56,12.0,24.79,0.0,26,0.0,4.1,0.0,0.141,0.1528,0,0.0,,2400.0,8.7642,78.1348
PAN-1,2022-12-06,other,26.63,65.96,2.73,0.0,10.64,12.0,24.85,0.0,27,16.38,20.4,17.33,0.0543,0.2586,0,0.0,,2400.0,8.7642,78.1348
PAN-1,2022-12-07,other,23.03,65.39,12.03,3.27,10.09,12.01,24.84,0.0,0,0.19,10.2,0.0,0.0577,0.0287,0,0.0,,2400.0,8.7642,78.1348
PAN-1,2022-12-08,other,25.42,75.38,8.88,0.0,10.45,12.0,24.92,0.0,1,0.84,16.1,0.0,0.1283,0.1311,0,0.0,,2400.0,8.7642,78.1348
PAN-1,2022-12-09,other,26.82,54.77,15.31,0.0,11.31,12.0,25.11,0.0,2,6.04,21.3,5.48,0.194,0.1449,0,0.0,,2400.0,8.7642,78.1348
PAN-1,2022-12-10,other,22.72,60.63,1.65,0.0,11.9,11.96,25.31,0.0,3,0.0,12.5,0.0,0.2156,0.0901,0,0.0,,2400.0,8.7642,78.1348
PAN-1,2022-12-11,other,27.57,55.37,10.36,0.0,10.23,11.88,24.98,0.0,4,0.3,0.0,0.0,0.0999,0.0302,0,0.0,,2400.0,8.7642,78.1348
PAN-1,2022-12-12,other,24.31,59.65,8.83,0.0,12.67,12.0,24.87,0.0,5,1.72,22.2,2.09,0.1331,0.1745,0,0.0,,2400.0,8.7642,78.1348
PAN-1,2022-12-13,other,26.43,62.03,10.53,0.0,10.33,12.0,24.99,0.0,6,0.0,0.0,0.0,0.1405,0.0937,0,0.0,,2400.0,8.7642,78.1348
PAN-1,2022-12-14,other,25.98,57.93,10.13,0.0,11.25,12.0,25.12,0.0,7,19.54,37.5,19.98,0.126,0.2412,0,0.0,,2400.0,8.7642,78.1348
PAN-1,2022-12-15,other,25.03,62.67,9.26,0.0,11.18,11.92,25.06,0.0,8,0.0,9.6,0.0,0.1345,0.0677,0,0.0,,2400.0,8.7642,78.1348
PAN-1,2022-12-16,other,28.0,46.28,3.51,0.0,9.86,11.92,24.85,0.0,9,0.08,17.9,0.0,0.1443,0.2224,0,0.0,,2400.0,8.7642,78.1348
PAN-1,2022-12-17,other,22.16,65.42,1.1,0.0,13.0,12.0,24.75,0.0,10,34.34,41.2,35.65,0.078,0.2858,0,0.0,,2400.0,8.7642,78.1348
PAN-1,2022-12-18,other,24.57,67.05,2.39,0.0,12.42,12.0,24.8,0.0,11,0.51,14.1,0.0,0.097,0.1261,0,0.0,,2400.0,8.7642,78.1348
PAN-1,2022-12-19,other,24.66,72.41,13.08,0.0,11.32,12.0,24.89,0.0,12,0.0,5.3,0.0,0.1528,0.0694,0,0.0,,2400.0,8.7642,78.1348
PAN-1,2022-12-20,other,25.31,66.67,3.91,0.0,12.09,12.0,24.95,0.0,13,0.03,14.3,0.0,0.1126,0.1713,0,0.0,,2400.0,8.7642,78.1348
PAN-1,2022-12-21,other,22.37,63.31,10.16,0.0,11.43,12.0,25.04,0.0,14,14.11,9.5,13.54,0.129,0.2012,0,0.0,,2400.0,8.7642,78.1348
PAN-1,2022-12-22,other,28.01,73.43,9.51,0.0,10.82,11.94,25.05,0.0,15,0.0,7.5,0.0,0.1273,0.067,0,0.0,,2400.0,8.7642,78.1348
PAN-1,2022-12-23,other,23.56,66.29,10.27,0.0,11.65,11.93,24.93,0.0,16,0.51,10.4,0.0,0.1588,0.1195,0,0.0,,2400.0,8.7642,78.1348
PAN-1,2022-12-24,other,27.65,53.35,3.98,0.0,10.91,12.0,24.9,0.0,17,0.3,0.4,0.0,0.094,0.1015,0,0.0,,2400.0,8.7642,78.1348
PAN-1,2022-12-25,other,27.26,77.56,0.88,0.0,13.0,12.0,24.93,0.0,18,0.3,8.9,0.0,0.1195,0.157,0,0.0,,2400.0,8.7642,78.1348
PAN-1,2022-12-26,other,26.46,60.67,5.3,5.36,9.2,12.27,24.39,0.0,0,4.99,22.4,4.02,0.046,0.1775,0,0.0,,2400.0,8.7642,78.1348
PAN-1,2022-12-27,other,25.49,58.2,3.53,0.0,12.3,12.02,24.9,0.0,1,15.25,18.5,16.25,0.1179,0.2075,0,0.0,,2400.0,8.7642,78.1348
PAN-1,2022-12-28,other,24.83,61.74,10.81,0.0,10.31,12.0,25.04,0.0,2,12.79,10.9,12.09,0.1381,0.2279,0,0.0,,2400.0,8.7642,78.1348
PAN-1,2022-12-29,other,28.24,60.01,7.42,0.0,11.21,11.92,24.91,0.0,3,9.6,4.7,8.55,0.1228,0.1919,0,0.0,,2400.0,8.7642,78.1348
PAN-1,2022-12-30,other,26.81,57.31,3.74,0.0,9.97,12.0,24.84,0.0,4,15.46,30.3,16.3,0.1697,0.3022,0,0.0,,2400.0,8.7642,78.1348
PAN-1,2022-12-31,other,22.92,72.27,8.37,0.0,12.23,12.0,24.9,0.0,5,89.59,94.5,92.34,0.1182,0.646,0,0.0,,2400.0,8.7642,78.1348
PAN-1,2023-01-01,other,25.93,86.19,26.78,3.83,11.63,12.09,24.71,0.0,0,0.61,8.2,0.0,0.1403,0.0746,0,0.0,,2400.0,8.7642,78.1348
PAN-1,2023-01-02,other,22.17,92.26,26.71,16.66,7.0,13.65,21.89,0.0,0,46.89,38.9,45.61,0.0526,0.323,0,0.0,,2400.0,8.7642,78.1348
PAN-1,2023-01-03,other,25.77,80.98,25.02,7.17,9.79,14.01,21.32,0.0,0,15.73,28.0,19.34,0.0043,0.2155,0,0.0,,2400.0,8.7642,78.1348
PAN-1,2023-01-04,other,25.03,75.22,27.48,13.26,8.47,14.88,20.07,0.0,0,34.33,29.8,31.89,0.0135,0.2289,0,0.0,,2400.0,8.7642,78.1348
PAN-1,2023-01-05,other,29.26,77.64,30.57,11.85,9.46,15.47,19.3,0.0,0,50.07,53.2,52.81,0.0061,0.4253,0,0.0,,2400.0,8.7642,78.1348
PAN-1,2023-01-06,other,27.13,79.44,27.32,0.0,8.96,15.04,19.85,0.0,1,9.16,26.1,12.31,0.027,0.0061,0,0.0,,2400.0,8.7642,78.1348
PAN-1,2023-01-07,other,28.61,72.96,32.96,1.14,8.01,14.45,20.65,0.0,0,5.13,12.5,5.09,0.0,0.1629,0,0.0,,2400.0,8.7642,78.1348
PAN-1,2023-01-08,other,26.59,81.29,32.09,0.0,8.24,14.03,21.27,0.0,1,58.08,55.5,53.58,0.0,0.4165,0,0.0,,2400.0,8.7642,78.1348
PAN-1,2023-01-09,other,27.11,87.0,31.52,0.0,8.9,13.72,21.75,0.0,2,93.67,79.4,83.7,0.0,0.5586,0,0.0,,2400.0,8.7642,78.1348
PAN-1,2023-01-10,other,29.01,75.11,33.07,3.5,10.03,13.36,22.34,0.0,0,30.48,28.9,32.01,0.0014,0.2776,0,0.0,,2400.0,8.7642,78.1348
PAN-1,2023-01-11,other,26.72,76.27,30.88,0.0,8.87,12.82,23.28,0.0,1,44.93,43.0,42.04,0.0212,0.4432,0,0.0,,2400.0,8.7642,78.1348
PAN-1,2023-01-12,other,27.19,75.86,40.17,0.0,8.1,12.14,24.59,0.0,2,46.05,50.5,42.53,0.1025,0.3612,0,0.0,,2400.0,8.7642,78.1348
PAN-1,2023-01-13,other,29.34,73.14,33.31,0.0,10.65,12.0,25.07,0.0,3,73.35,71.2,72.84,0.1501,0.7043,0,0.0,,2400.0,8.7642,78.1348
PAN-1,2023-01-14,other,22.51,88.73,42.78,0.0,9.3,11.94,25.12,0.0,4,37.79,40.0,42.33,0.1219,0.3529,0,0.0,,2400.0,8.7642,78.1348
PAN-1,2023-01-15,other,26.79,84.48,31.77,0.13,9.56,11.92,24.91,0.0,5,47.33,59.8,49.77,0.0989,0.3585,0,0.0,,2400.0,8.7642,78.1348
PAN-1,2023-01-16,other,27.07,76.16,20.24,0.0,9.07,12.0,24.88,0.0,6,62.08,67.9,69.77,0.0705,0.4922,0,0.0,,2400.0,8.7642,78.1348
PAN-1,2023-01-17,other,26.38,71.81,31.65,6.44,10.49,12.0,24.89,0.0,0,36.58,42.4,36.08,0.1229,0.3994,0,0.0,,2400.0,8.7642,78.1348
PAN-1,2023-01-18,other,26.44,64.76,37.99,0.0,9.0,12.0,25.16,0.0,1,66.14,60.2,63.84,0.0393,0.4954,0,0.0,,2400.0,8.7642,78.1348
PAN-1,2023-01-19,other,31.89,83.83,35.15,11.19,7.56,12.59,23.32,0.0,0,53.56,53.0,58.28,0.0,0.4817,0,0.0,,2400.0,8.7642,78.1348
PAN-1,2023-01-20,other,29.55,73.35,33.22,15.08,8.87,13.34,22.01,0.0,0,16.98,20.2,18.0,0.0082,0.1302,0,0.0,,2400.0,8.7642,78.1348
PAN-1,2023-01-21,other,28.8,69.8,37.82,3.49,10.66,12.71,23.1,0.0,0,33.27,33.7,31.37,0.0,0.3413,0,0.0,,2400.0,8.7642,78.1348
PAN-1,2023-01-22,other,31.53,75.2,28.73,0.0,9.73,12.0,24.47,0.0,1,28.04,27.8,26.29,0.1096,0.2681,0,0.0,,2400.0,8.7642,78.1348
PAN-1,2023-01-23,other,30.35,69.43,40.06,17.5,9.32,12.66,23.19,0.0,0,29.63,25.5,29.88,0.0,0.3413,0,0.0,,2400.0,8.7642,78.1348
PAN-1,2023-01-24,other,30.28,80.46,39.35,3.18,7.32,12.35,23.78,0.0,0,54.72,62.6,54.08,0.0291,0.4888,0,0.0,,2400.0,8.7642,78.1348
PAN-1,2023-01-25,other,30.08,80.24,35.82,0.0,10.21,12.0,24.56,0.0,1,20.16,33.6,23.04,0.0024,0.2815,0,0.0,,2400.0,8.7642,78.1348
PAN-1,2023-01-26,other,27.8,69.78,31.86,9.47,7.4,12.24,24.08,0.0,0,89.63,98.0,106.15,0.0662,0.6537,0,0.0,,2400.0,8.7642,78.1348
PAN-1,2023-01-27,other,30.52,75.53,31.79,0.0,6.1,12.0,24.68,0.0,1,51.13,49.7,51.5,0.0419,0.4894,0,0.0,,2400.0,8.7642,78.1348
PAN-1,2023-01-28,other,28.46,86.25,36.29,4.42,10.62,12.02,24.64,0.0,0,55.36,57.2,56.87,0.0513,0.4768,0,0.0,,2400.0,8.7642,78.1348
PAN-1,2023-01-29,other,31.63,80.71,34.95,0.0,7.04,12.0,24.85,0.0,1,9.97,20.2,10.51,0.0842,0.1857,0,0.0,,2400.0,8.7642,78.1348
PAN-1,2023-01-30,other,28.96,59.62,32.76,19.88,8.11,12.92,23.07,0.0,0,85.05,88.9,84.15,0.0323,0.6323,0,0.0,,2400.0,8.7642,78.1348
PAN-1,2023-01-31,other,27.68,68.18,39.79,35.83,8.5,15.57,19.15,0.0,0,35.65,35.3,40.83,0.0,0.3874,0,0.0,,2400.0,8.7642,78.1348
PAN-1,2023-02-01,summer,30.26,79.7,37.98,6.57,8.79,15.55,19.17,0.0,0,6.46,4.5,5.16,0.0759,0.0,0,0.0,,2400.0,8.7642,78.1348
PAN-1,2023-02-02,summer,26.82,74.75,39.94,9.61,8.07,15.81,18.85,0.0,0,48.9,68.0,67.34,0.0402,0.5022,0,0.0,,2400.0,8.7642,78.1348
PAN-1,2023-02-03,summer,28.64,62.67,30.04,5.05,7.41,15.44,19.3,0.0,0,10.32,23.8,10.69,0.0,0.1012,0,0.0,,2400.0,8.7642,78.1348
PAN-1,2023-02-04,summer,30.98,67.41,39.3,7.79,11.19,14.96,19.92,0.0,0,21.75,28.4,25.33,0.0318,0.2045,0,0.0,,2400.0,8.7642,78.1348
PAN-1,2023-02-05,summer,31.88,84.19,31.95,0.0,7.07,14.5,20.56,0.0,1,40.24,61.9,54.34,0.0452,0.3916,0,0.0,,2400.0,8.7642,78.1348
PAN-1,2023-02-06,summer,29.94,79.45,39.46,9.01,8.46,14.72,20.25,0.0,0,50.73,52.0,49.97,0.0472,0.298,0,0.0,,2400.0,8.7642,78.1348
PAN-1,2023-02-07,summer,27.69,69.96,25.83,13.2,8.52,15.43,19.32,0.0,0,53.1,62.7,62.83,0.0,0.549,0,0.0,,2400.0,8.7642,78.1348
PAN-1,2023-02-08,summer,28.49,60.68,33.24,5.19,8.09,14.93,19.97,0.0,0,14.57,24.4,15.46,0.0051,0.1286,0,0.0,,2400.0,8.7642,78.1348
PAN-1,2023-02-09,summer,31.89,65.08,25.86,0.0,9.18,14.0,21.3,0.0,1,80.9,80.9,72.0,0.0,0.6132,0,0.0,,2400.0,8.7642,78.1348
PAN-1,2023-02-10,summer,30.01,64.72,32.82,0.0,8.25,13.0,22.93,0.0,2,49.69,53.6,51.61,0.0,0.4603,0,0.0,,2400.0,8.7642,78.1348
PAN-1,2023-02-11,summer,29.28,67.29,38.59,0.0,8.93,12.0,24.85,0.0,3,29.36,28.1,31.96,0.1565,0.3589,0,0.0,,2400.0,8.7642,78.1348
PAN-1,2023-02-12,summer,29.81,74.27,34.66,0.0,9.96,12.0,25.08,0.0,4,11.44,25.9,10.13,0.1523,0.281,0,0.0,,2400.0,8.7642,78.1348
PAN-1,2023-02-13,summer,33.75,64.88,32.29,0.0,8.44,11.73,23.74,0.0,5,77.73,67.1,76.43,0.0,0.657,0,0.0,,2400.0,8.7642,78.1348
PAN-1,2023-02-14,summer,32.94,69.4,26.11,3.83,10.09,12.0,23.44,0.0,0,27.08,30.6,33.29,0.0083,0.2415,0,0.0,,2400.0,8.7642,78.1348
PAN-1,2023-02-15,summer,28.26,69.93,32.25,4.61,9.03,12.0,23.53,0.0,0,28.57,28.1,26.51,0.0,0.3124,0,0.0,,2400.0,8.7642,78.1348
PAN-1,2023-02-16,summer,30.97,61.23,33.06,15.43,10.17,12.3,22.96,0.0,0,23.41,38.2,28.81,0.0,0.2626,0,0.0,,2400.0,8.7642,78.1348
PAN-1,2023-02-17,summer,31.36,60.82,30.03,3.32,9.35,12.0,23.69,0.0,0,55.54,42.1,49.83,0.0,0.4879,0,0.0,,2400.0,8.7642,78.1348
PAN-1,2023-02-18,summer,32.07,64.66,24.33,0.0,9.09,12.0,23.95,0.0,1,14.61,29.7,15.39,0.0,0.0858,0,0.0,,2400.0,8.7642,78.1348
PAN-1,2023-02-19,summer,31.14,54.56,30.09,5.8,10.28,12.0,24.18,0.0,0,58.13,59.4,53.41,0.0001,0.4222,0,0.0,,2400.0,8.7642,78.1348
PAN-1,2023-02-20,summer,33.38,56.55,37.57,4.32,7.49,12.0,24.53,0.0,0,41.83,41.3,40.09,0.0717,0.4164,0,0.0,,2400.0,8.7642,78.1348
PAN-1,2023-02-21,summer,33.69,66.58,31.7,0.0,9.04,12.0,24.87,0.0,1,72.46,63.6,68.78,0.1289,0.5596,0,0.0,,2400.0,8.7642,78.1348
PAN-1,2023-02-22,summer,31.29,59.3,29.11,3.8,10.03,12.0,25.11,0.0,0,17.27,29.5,16.5,0.1395,0.1806,0,0.0,,2400.0,8.7642,78.1348
PAN-1,2023-02-23,summer,30.9,60.03,26.36,0.0,10.66,11.76,23.97,0.0,1,48.59,62.8,59.96,0.0,0.4486,0,0.0,,2400.0,8.7642,78.1348
PAN-1,2023-02-24,summer,33.1,58.99,24.61,0.0,9.11,12.0,23.89,0.0,2,37.86,51.3,47.53,0.0,0.4356,0,0.0,,2400.0,8.7642,78.1348
PAN-1,2023-02-25,summer,31.92,63.02,27.83,0.0,10.24,12.0,24.21,0.0,3,40.54,45.4,37.72,0.0183,0.407,0,0.0,,2400.0,8.7642,78.1348
PAN-1,2023-02-26,summer,33.91,61.82,17.85,0.0,11.7,12.0,24.48,0.0,4,10.63,9.8,14.75,0.0825,0.0859,0,0.0,,2400.0,8.7642,78.1348
PAN-1,2023-02-27,summer,32.99,64.23,30.39,9.52,10.43,12.0,24.56,0.0,0,12.87,24.9,13.55,0.0614,0.1775,0,0.0,,2400.0,8.7642,78.1348
PAN-1,2023-02-28,summer,32.73,49.01,32.35,3.49,10.9,12.0,24.17,0.0,0,53.94,60.9,62.59,0.097,0.5445,0,0.0,,2400.0,8.7642,78.1348
PAN-1,2023-03-01,summer,32.7,58.41,33.91,0.0,11.7,12.0,24.63,0.0,1,34.84,29.8,35.32,0.0386,0.4746,0,0.0,,2400.0,8.7642,78.1348
PAN-1,2023-03-02,summer,29.19,56.78,25.11,0.0,10.32,12.0,24.92,0.0,2,4.99,8.3,5.93,0.0991,0.1379,0,0.0,,2400.0,8.7642,78.1348
PAN-1,2023-03-03,summer,35.56,47.52,18.48,0.0,9.15,12.0,25.3,0.0,3,51.42,49.6,53.8,0.1652,0.534,0,0.0,,2400.0,8.7642,78.1348
PAN-1,2023-03-04,summer,31.68,59.69,27.86,10.24,10.48,11.84,23.51,0.0,0,10.23,13.1,10.18,0.0,0.0833,0,0.0,,2400.0,8.7642,78.1348
PAN-1,2023-03-05,summer,34.56,50.02,14.67,0.0,10.15,12.0,23.55,0.0,1,0.0,20.2,0.0,0.0,0.0678,0,0.0,,2400.0,8.7642,78.1348
PAN-1,2023-03-06,summer,30.75,55.48,16.15,0.0,10.19,12.0,23.78,0.0,2,3.8,15.6,3.64,0.0,0.1381,0,0.0,,2400.0,8.7642,78.1348
PAN-1,2023-03-07,summer,32.1,45.9,21.29,0.0,11.41,12.0,24.17,0.0,3,14.65,24.1,12.92,0.0094,0.1768,0,0.0,,2400.0,8.7642,78.1348
PAN-1,2023-03-08,summer,33.0,64.51,20.77,0.0,12.93,12.0,24.45,0.0,4,0.32,13.8,0.0,0.0606,0.0629,0,0.0,,2400.0,8.7642,78.1348
PAN-1,2023-03-09,summer,32.02,51.73,19.88,0.0,9.74,12.0,24.76,0.0,5,6.32,3.4,6.82,0.1044,0.2017,0,0.0,,2400.0,8.7642,78.1348
PAN-1,2023-03-10,summer,31.37,43.39,16.74,0.0,11.5,12.0,25.09,0.0,6,20.6,17.0,16.57,0.1865,0.2579,0,0.0,,2400.0,8.7642,78.1348
PAN-1,2023-03-11,summer,33.39,55.57,20.64,0.0,9.88,11.75,23.91,0.0,7,8.76,18.5,8.98,0.0583,0.2005,0,0.0,,2400.0,8.7642,78.1348
PAN-1,2023-03-12,summer,33.09,45.61,20.22,0.0,11.21,12.0,23.88,0.0,8,1.1,14.0,0.0,0.0,0.077,0,0.0,,2400.0,8.7642,78.1348
PAN-1,2023-03-13,summer,34.17,58.87,18.15,0.0,11.54,12.0,24.18,0.0,9,1.44,10.0,1.91,0.0,0.1685,0,0.0,,2400.0,8.7642,78.1348
PAN-1,2023-03-14,summer,32.22,47.1,15.85,0.0,11.15,12.0,24.49,0.0,10,19.75,24.6,28.04,0.0489,0.3223,0,0.0,,2400.0,8.7642,78.1348
PAN-1,2023-03-15,summer,32.98,35.01,10.13,0.0,10.94,12.0,24.78,0.0,11,0.0,9.4,0.0,0.0959,0.1767,0,0.0,,2400.0,8.7642,78.1348
PAN-1,2023-03-16,summer,34.44,32.43,9.05,0.0,10.9,12.0,25.08,0.0,12,0.41,2.6,0.0,0.0821,0.0589,0,0.0,,2400.0,8.7642,78.1348
PAN-1,2023-03-17,summer,31.79,43.26,6.63,0.0,10.37,11.86,24.62,0.0,13,0.0,5.4,0.0,0.1335,0.0,0,0.0,,2400.0,8.7642,78.1348
PAN-1,2023-03-18,summer,37.63,35.14,10.14,8.65,13.0,12.0,24.52,0.0,0,1.21,8.9,0.0,0.0632,0.086,0,0.0,,2400.0,8.7642,78.1348
PAN-1,2023-03-19,summer,30.62,32.19,6.19,0.0,9.02,12.0,24.7,0.0,1,0.0,6.8,0.0,0.092,0.0767,0,0.0,,2400.0,8.7642,78.1348
PAN-1,2023-03-20,summer,33.98,41.69,9.69,0.0,10.8,12.0,24.96,0.0,2,2.21,10.1,2.92,0.0843,0.1527,0,0.0,,2400.0,8.7642,78.1348
PAN-1,2023-03-21,summer,30.91,46.06,11.76,0.0,9.01,12.0,25.18,0.0,3,0.0,13.9,0.0,0.1712,0.1312,0,0.0,,2400.0,8.7642,78.1348
PAN-1,2023-03-22,summer,35.34,28.37,9.68,0.0,10.94,11.72,23.87,0.0,4,0.16,0.8,0.0,0.0,0.0512,0,0.0,,2400.0,8.7642,78.1348
PAN-1,2023-03-23,summer,34.79,41.82,13.07,0.0,10.03,12.0,23.72,0.0,5,6.38,2.5,6.57,0.0251,0.0536,0,0.0,,2400.0,8.7642,78.1348
PAN-1,2023-03-24,summer,33.54,36.52,7.97,0.0,11.04,12.0,23.97,0.0,6,9.78,19.5,9.64,0.0,0.1387,0,0.0,,2400.0,8.7642,78.1348
PAN-1,2023-03-25,summer,30.89,35.13,4.8,0.0,11.78,12.0,24.15,0.0,7,28.41,35.1,27.43,0.029,0.291,0,0.0,,2400.0,8.7642,78.1348
PAN-1,2023-03-26,summer,34.72,43.01,15.19,0.0,8.79,12.0,24.49,0.0,8,18.99,30.6,16.5,0.0596,0.1816,0,0.0,,2400.0,8.7642,78.1348
PAN-1,2023-03-27,summer,32.39,44.98,14.42,0.0,7.98,12.0,24.76,0.0,9,14.98,11.9,15.27,0.0597,0.2553,0,0.0,,2400.0,8.7642,78.1348
PAN-1,2023-03-28,summer,35.67,19.09,5.65,0.0,11.46,12.0,25.07,0.0,10,0.25,5.0,0.0,0.1169,0.0339,0,0.0,,2400.0,8.7642,78.1348
PAN-1,2023-03-29,summer,34.02,36.08,2.49,0.0,11.67,11.88,24.71,0.0,11,0.0,14.1,0.0,0.0481,0.1382,0,0.0,,2400.0,8.7642,78.1348
PAN-1,2023-03-30,summer,33.13,32.13,4.34,11.94,10.78,12.41,23.65,0.0,0,0.63,6.5,0.0,0.0,0.0586,0,0.0,,2400.0,8.7642,78.1348
PAN-1,2023-03-31,summer,35.79,31.29,12.24,0.0,9.34,12.0,24.72,0.0,1,0.0,13.0,0.0,0.0822,0.0856,0,0.0,,2400.0,8.7642,78.1348
PAN-1,2023-04-01,summer,35.98,44.38,4.16,0.0,10.88,12.0,24.9,0.0,2,0.63,7.7,0.0,0.1478,0.0197,0,0.0,,2400.0,8.7642,78.1348
PAN-1,2023-04-02,summer,35.79,37.34,8.8,0.0,10.74,12.0,25.2,0.0,3,6.84,16.2,6.97,0.1199,0.1346,0,0.0,,2400.0,8.7642,78.1348
PAN-1,2023-04-03,summer,34.25,32.75,10.39,0.0,11.32,11.73,24.0,0.0,4,0.0,3.9,0.0,0.05,0.1069,0,0.0,,2400.0,8.7642,78.1348
PAN-1,2023-04-04,summer,28.01,31.06,11.61,0.0,11.63,12.0,23.8,0.0,5,30.73,28.4,33.68,0.0,0.398,0,0.0,,2400.0,8.7642,78.1348
PAN-1,2023-04-05,summer,33.14,32.32,4.68,0.0,8.24,12.0,23.98,0.0,6,0.0,11.7,0.0,0.0957,0.022,0,0.0,,2400.0,8.7642,78.1348
PAN-1,2023-04-06,summer,32.97,37.12,5.09,0.0,10.8,12.0,24.17,0.0,7,40.74,48.5,33.49,0.0359,0.3095,0,0.0,,2400.0,8.7642,78.1348
PAN-1,2023-04-07,summer,32.99,38.69,8.26,0.0,9.38,12.0,24.4,0.0,8,1.18,10.7,0.0,0.0826,0.0527,0,0.0,,2400.0,8.7642,78.1348
PAN-1,2023-04-08,summer,35.39,41.58,5.24,0.0,11.18,12.0,24.61,0.0,9,0.0,13.5,0.0,0.0641,0.1155,0,0.0,,2400.0,8.7642,78.1348
PAN-1,2023-04-09,summer,30.5,39.17,8.88,0.0,8.76,12.0,24.81,0.0,10,17.94,27.1,18.48,0.1393,0.3082,0,0.0,,2400.0,8.7642,78.1348
PAN-1,2023-04-10,summer,32.32,33.65,0.0,0.0,10.16,12.0,24.91,0.0,11,0.66,11.9,1.62,0.117,0.1187,0,0.0,,2400.0,8.7642,78.1348
PAN-1,2023-04-11,summer,36.28,28.91,5.16,0.0,12.23,12.0,25.18,0.0,12,27.28,41.3,30.44,0.0495,0.3325,0,0.0,,2400.0,8.7642,78.1348
PAN-1,2023-04-12,summer,35.67,28.12,7.07,0.0,10.91,11.76,24.14,0.0,13,7.73,16.8,8.5,0.0,0.1506,0,0.0,,2400.0,8.7642,78.1348
PAN-1,2023-04-13,summer,33.22,31.44,7.76,0.0,13.0,12.0,24.01,0.0,14,0.0,4.7,0.0,0.0,0.0659,0,0.0,,2400.0,8.7642,78.1348
PAN-1,2023-04-14,summer,33.04,26.8,15.21,0.0,12.35,12.0,24.46,0.0,15,12.78,23.4,12.96,0.0495,0.161,0,0.0,,2400.0,8.7642,78.1348
PAN-1,2023-04-15,summer,33.47,29.76,3.36,0.0,8.66,12.0,24.63,0.0,16,9.29,13.7,8.29,0.032,0.107,0,0.0,,2400.0,8.7642,78.1348
PAN-1,2023-04-16,summer,35.39,36.52,4.93,1.64,13.0,12.0,24.81,0.0,0,15.24,19.0,15.67,0.1425,0.1931,0,0.0,,2400.0,8.7642,78.1348
PAN-1,2023-04-17,summer,34.17,30.27,4.98,24.86,9.85,13.75,21.66,0.0,0,5.87,10.7,5.14,0.0,0.147,0,0.0,,2400.0,8.7642,78.1348
PAN-1,2023-04-18,summer,35.76,33.95,10.44,0.0,10.94,12.56,23.72,0.0,1,0.0,12.6,0.0,0.0736,0.1371,0,0.0,,2400.0,8.7642,78.1348
PAN-1,2023-04-19,summer,33.88,35.79,7.73,0.0,12.59,12.0,24.93,0.0,2,0.35,9.4,0.0,0.0696,0.126,0,0.0,,2400.0,8.7642,78.1348
PAN-1,2023-04-20,summer,34.53,27.88,5.59,0.0,12.49,12.0,25.19,0.0,3,0.0,4.2,0.0,0.0999,0.0199,0,0.0,,2400.0,8.7642,78.1348
PAN-1,2023-04-21,summer,31.88,34.54,10.69,0.0,10.95,11.77,24.23,0.0,4,0.46,0.0,0.47,0.0276,0.0025,0,0.0,,2400.0,8.7642,78.1348
PAN-1,2023-04-22,summer,35.39,35.17,5.83,0.0,11.67,12.0,24.08,0.0,5,11.62,22.5,11.33,0.0111,0.2364,0,0.0,,2400.0,8.7642,78.1348
PAN-1,2023-04-23,summer,33.97,33.85,8.96,9.34,10.58,12.0,24.09,0.0,0,0.0,16.2,0.0,0.0299,0.1314,0,0.0,,2400.0,8.7642,78.1348
PAN-1,2023-04-24,summer,36.57,36.49,3.76,0.0,12.85,12.0,24.31,0.0,1,0.42,4.3,0.0,0.0191,0.1001,0,0.0,,2400.0,8.7642,78.1348
PAN-1,2023-04-25,summer,36.98,34.89,7.98,0.0,10.58,12.0,24.62,0.0,2,7.53,18.9,6.69,0.0521,0.1493,0,0.0,,2400.0,8.7642,78.1348
PAN-1,2023-04-26,summer,34.77,48.68,7.96,0.0,9.62,12.0,24.83,0.0,3,4.8,10.4,4.73,0.1677,0.1302,0,0.0,,2400.0,8.7642,78.1348
PAN-1,2023-04-27,summer,32.78,24.74,7.68,0.0,9.59,12.0,25.1,0.0,4,29.18,20.5,29.01,0.1384,0.3451,0,0.0,,2400.0,8.7642,78.1348
PAN-1,2023-04-28,summer,38.19,41.65,15.72,0.0,12.67,11.62,23.04,0.0,5,5.49,3.4,6.71,0.012,0.0105,0,0.0,,2400.0,8.7642,78.1348
PAN-1,2023-04-29,summer,36.31,37.55,6.79,0.0,10.69,12.0,22.68,0.0,6,1.0,6.8,0.0,0.0,0.0589,0,0.0,,2400.0,8.7642,78.1348
PAN-1,2023-04-30,summer,35.59,29.49,8.59,0.0,11.49,12.0,23.01,0.0,7,2.37,14.1,2.51,0.0,0.0753,0,0.0,,2400.0,8.7642,78.1348
PAN-1,2023-05-01,summer,34.42,42.54,12.22,0.0,11.18,12.0,23.32,0.0,8,9.8,16.3,9.12,0.0,0.1838,0,0.0,,2400.0,8.7642,78.1348
PAN-1,2023-05-02,summer,34.52,26.13,11.83,0.0,9.62,12.0,23.7,0.0,9,0.13,14.8,0.0,0.0,0.0572,0,0.0,,2400.0,8.7642,78.1348
PAN-1,2023-05-03,summer,36.65,27.45,2.7,0.0,9.94,12.0,23.9,0.0,10,9.5,13.3,7.99,0.0,0.1332,0,0.0,,2400.0,8.7642,78.1348
PAN-1,2023-05-04,summer,36.24,30.36,11.49,0.0,11.74,12.0,24.31,0.0,11,2.79,13.8,2.53,0.0137,0.1054,0,0.0,,2400.0,8.7642,78.1348
PAN-1,2023-05-05,summer,36.69,41.11,6.59,0.0,9.36,12.0,24.55,0.0,12,0.14,15.1,0.0,0.0939,0.0919,0,0.0,,2400.0,8.7642,78.1348
PAN-1,2023-05-06,summer,35.07,45.76,11.0,0.0,12.37,12.0,24.85,0.0,13,0.0,15.5,0.0,0.0,0.185,0,0.0,,2400.0,8.7642,78.1348
PAN-1,2023-05-07,summer,32.95,34.76,4.74,0.0,10.73,12.0,25.04,0.0,14,0.11,0.0,0.0,0.0919,0.1601,0,0.0,,2400.0,8.7642,78.1348
PAN-1,2023-05-08,summer,34.11,52.45,11.85,0.0,12.81,11.8,24.15,0.0,15,0.71,7.1,0.0,0.0,0.1566,0,0.0,,2400.0,8.7642,78.1348
PAN-1,2023-05-09,summer,34.37,28.69,11.57,0.0,11.22,12.0,24.18,0.0,16,7.35,16.8,7.78,0.0,0.1366,0,0.0,,2400.0,8.7642,78.1348
PAN-1,2023-05-10,summer,35.89,39.19,7.88,0.0,11.77,12.0,24.46,0.0,17,5.49,25.5,5.02,0.0,0.153,0,0.0,,2400.0,8.7642,78.1348
PAN-1,2023-05-11,summer,33.21,45.19,5.79,0.0,10.46,12.0,24.64,0.0,18,0.61,6.8,0.0,0.0848,0.1096,0,0.0,,2400.0,8.7642,78.1348
PAN-1,2023-05-12,summer,33.53,28.57,6.36,0.0,10.4,12.0,24.88,0.0,19,0.0,12.8,0.0,0.1912,0.1895,0,0.0,,2400.0,8.7642,78.1348
PAN-1,2023-05-13,summer,34.42,26.72,8.92,0.0,12.61,12.0,25.22,0.0,20,0.49,12.7,0.0,0.1184,0.1315,0,0.0,,2400.0,8.7642,78.1348
PAN-1,2023-05-14,summer,35.5,17.92,8.59,0.0,9.3,11.71,23.89,0.0,21,0.24,1.2,0.0,0.0,0.1206,0,0.0,,2400.0,8.7642,78.1348
PAN-1,2023-05-15,summer,38.53,32.53,9.32,0.0,11.28,12.0,23.79,0.0,22,0.65,7.1,0.78,0.0346,0.1169,0,0.0,,2400.0,8.7642,78.1348
PAN-1,2023-05-16,summer,34.65,31.85,6.42,0.0,8.99,12.0,24.03,0.0,23,9.13,11.1,9.56,0.0,0.1515,0,0.0,,2400.0,8.7642,78.1348
PAN-1,2023-05-17,summer,36.39,45.46,13.29,0.0,9.87,12.0,24.37,0.0,24,0.42,19.3,0.99,0.0504,0.0566,0,0.0,,2400.0,8.7642,78.1348
PAN-1,2023-05-18,summer,35.64,37.26,6.68,0.0,11.88,12.0,24.63,0.0,25,0.0,19.7,0.0,0.0614,0.1034,0,0.0,,2400.0,8.7642,78.1348
PAN-1,2023-05-19,summer,33.9,48.04,2.22,0.0,11.38,12.0,24.75,0.0,26,7.46,15.4,8.75,0.0175,0.1461,0,0.0,,2400.0,8.7642,78.1348
PAN-1,2023-05-20,summer,33.45,34.89,17.55,0.0,11.49,12.0,24.9,0.0,27,2.44,11.1,2.41,0.0723,0.139,0,0.0,,2400.0,8.7642,78.1348
PAN-1,2023-05-21,summer,33.91,44.42,11.19,4.8,9.61,12.0,25.02,0.0,0,0.27,0.0,0.0,0.1454,0.1012,0,0.0,,2400.0,8.7642,78.1348
PAN-1,2023-05-22,summer,34.86,37.54,9.13,0.0,11.04,11.79,24.0,0.0,1,0.96,1.9,0.0,0.0,0.0832,0,0.0,,2400.0,8.7642,78.1348
PAN-1,2023-05-23,summer,36.8,32.78,4.83,0.0,11.13,12.0,23.89,0.0,2,1.93,18.1,2.28,0.0247,0.1242,0,0.0,,2400.0,8.7642,78.1348
PAN-1,2023-05-24,summer,36.05,39.84,8.61,0.0,10.87,12.0,24.18,0.0,3,35.62,39.5,30.78,0.0087,0.2611,0,0.0,,2400.0,8.7642,78.1348
PAN-1,2023-05-25,summer,32.14,34.66,3.6,0.0,10.82,12.0,24.34,0.0,4,0.51,10.7,0.0,0.0117,0.1556,0,0.0,,2400.0,8.7642,78.1348
PAN-1,2023-05-26,summer,36.11,28.84,11.23,0.0,10.69,12.0,24.74,0.0,5,0.0,6.9,0.0,0.1221,0.1605,0,0.0,,2400.0,8.7642,78.1348
PAN-1,2023-05-27,summer,34.4,34.34,0.0,3.13,9.5,12.0,24.76,0.0,0,7.25,11.8,8.62,0.1137,0.0876,0,0.0,,2400.0,8.7642,78.1348
PAN-1,2023-05-28,summer,32.94,33.74,8.44,0.0,11.83,12.0,25.03,0.0,1,0.04,13.3,0.0,0.1081,0.1263,0,0.0,,2400.0,8.7642,78.1348
PAN-1,2023-05-29,summer,34.17,35.45,15.3,0.0,10.99,11.7,23.42,0.0,2,3.37,19.6,3.37,0.0576,0.0615,0,0.0,,2400.0,8.7642,78.1348
PAN-1,2023-05-30,summer,33.33,33.43,9.25,0.0,11.18,12.0,23.21,0.0,3,0.0,12.6,0.0,0.0129,0.1141,0,0.0,,2400.0,8.7642,78.1348
PAN-1,2023-05-31,summer,32.88,29.22,5.44,0.0,10.71,12.0,23.43,0.0,4,3.7,10.7,3.72,0.0349,0.0749,0,0.0,,2400.0,8.7642,78.1348
PAN-1,2023-06-01,summer,36.15,36.41,2.46,0.0,9.69,12.0,23.6,0.0,5,0.73,7.3,0.0,0.0,0.1598,0,0.0,,2400.0,8.7642,78.1348
PAN-1,2023-06-02,summer,33.89,35.05,6.04,0.0,10.6,12.0,23.82,0.0,6,0.95,0.0,0.0,0.0,0.0411,0,0.0,,2400.0,8.7642,78.1348
PAN-1,2023-06-03,summer,30.19,32.7,10.33,15.11,10.07,12.65,22.59,0.0,0,0.61,0.0,0.0,0.0,0.0743,0,0.0,,2400.0,8.7642,78.1348
PAN-1,2023-06-04,summer,34.81,51.83,4.09,0.0,10.49,12.15,23.51,0.0,1,0.84,1.3,0.0,0.0,0.0216,0,0.0,,2400.0,8.7642,78.1348
PAN-1,2023-06-05,summer,32.87,39.96,13.93,0.0,11.46,12.0,24.09,0.0,2,0.0,16.6,0.0,0.0018,0.1853,0,0.0,,2400.0,8.7642,78.1348
PAN-1,2023-06-06,summer,32.74,36.55,8.36,0.0,9.06,12.0,24.32,0.0,3,1.59,3.2,0.0,0.0486,0.1203,0,0.0,,2400.0,8.7642,78.1348
PAN-1,2023-06-07,summer,32.81,47.57,16.79,0.0,13.0,12.0,24.67,0.0,4,1.08,12.7,0.0,0.0516,0.0949,0,0.0,,2400.0,8.7642,78.1348
PAN-1,2023-06-08,summer,35.12,30.43,12.73,0.0,11.97,12.0,25.07,0.0,5,0.2,8.1,0.0,0.1867,0.1281,0,0.0,,2400.0,8.7642,78.1348
PAN-1,2023-06-09,summer,33.98,40.35,5.67,0.0,9.9,11.85,24.54,0.0,6,0.79,12.8,0.0,0.0336,0.115,0,0.0,,2400.0,8.7642,78.1348
PAN-1,2023-06-10,summer,32.86,52.4,9.64,0.0,13.0,12.0,24.49,0.0,7,3.99,6.8,4.45,0.0638,0.1754,0,0.0,,2400.0,8.7642,78.1348
PAN-1,2023-06-11,summer,34.46,33.24,11.12,0.0,11.81,12.0,24.84,0.0,8,11.57,24.7,12.81,0.062,0.2125,0,0.0,,2400.0,8.7642,78.1348
PAN-1,2023-06-12,summer,35.31,42.69,6.73,0.0,12.98,12.0,25.08,0.0,9,6.06,10.0,5.72,0.0801,0.1271,0,0.0,,2400.0,8.7642,78.1348
PAN-1,2023-06-13,summer,34.44,39.84,5.02,0.0,10.03,11.86,24.57,0.0,10,1.66,3.4,2.46,0.0953,0.0568,0,0.0,,2400.0,8.7642,78.1348
PAN-1,2023-06-14,summer,32.6,38.34,3.87,0.0,9.59,12.0,24.48,0.0,11,7.99,10.7,8.11,0.0948,0.2575,0,0.0,,2400.0,8.7642,78.1348
PAN-1,2023-06-15,summer,33.69,34.57,9.87,0.0,13.0,12.0,24.8,0.0,12,1.44,13.6,0.0,0.205,0.0628,0,0.0,,2400.0,8.7642,78.1348
PAN-1,2023-06-16,summer,33.83,40.69,11.53,0.0,11.43,12.0,25.11,0.0,13,0.0,7.7,0.0,0.1113,0.1129,0,0.0,,2400.0,8.7642,78.1348
PAN-1,2023-06-17,summer,32.78,36.59,11.16,0.0,11.4,11.77,24.05,0.0,14,0.0,5.0,0.0,0.0455,0.1003,0,0.0,,2400.0,8.7642,78.1348
PAN-1,2023-06-18,summer,34.48,46.36,13.66,0.0,9.19,12.0,23.95,0.0,15,0.7,9.7,0.0,0.0059,0.1909,0,0.0,,2400.0,8.7642,78.1348
PAN-1,2023-06-19,summer,31.19,50.01,13.25,0.0,10.51,12.0,24.19,0.0,16,0.0,8.7,0.0,0.0888,0.0581,0,0.0,,2400.0,8.7642,78.1348
PAN-1,2023-06-20,summer,32.46,41.68,12.8,0.0,11.71,12.0,24.49,0.0,17,0.85,9.8,0.0,0.0892,0.0463,0,0.0,,2400.0,8.7642,78.1348
PAN-1,2023-06-21,summer,31.7,36.57,13.79,0.0,11.88,12.0,24.82,0.0,18,0.0,5.3,0.0,0.0788,0.1022,0,0.0,,2400.0,8.7642,78.1348
PAN-1,2023-06-22,summer,32.32,44.4,8.12,0.0,11.3,12.0,25.03,0.0,19,2.3,6.7,3.12,0.1535,0.133,0,0.0,,2400.0,8.7642,78.1348
PAN-1,2023-06-23,summer,31.54,40.02,0.0,0.0,8.3,11.94,25.06,0.0,20,15.13,18.0,15.42,0.1674,0.1921,0,0.0,,2400.0,8.7642,78.1348
PAN-1,2023-06-24,summer,33.79,44.88,7.57,0.0,9.15,11.85,24.38,0.0,21,8.06,13.5,8.03,0.089,0.1292,0,0.0,,2400.0,8.7642,78.1348
PAN-1,2023-06-25,summer,34.56,44.44,7.87,0.0,13.0,12.0,24.37,0.0,22,0.76,7.2,0.0,0.033,0.0503,0,0.0,,2400.0,8.7642,78.1348
PAN-1,2023-06-26,summer,31.48,35.95,3.22,0.0,10.44,12.0,24.52,0.0,23,1.6,6.5,1.27,0.0375,0.1549,0,0.0,,2400.0,8.7642,78.1348
PAN-1,2023-06-27,summer,34.19,33.37,12.57,0.0,8.2,12.0,24.85,0.0,24,0.65,5.8,0.0,0.0914,0.0149,0,0.0,,2400.0,8.7642,78.1348
PAN-1,2023-06-28,summer,30.44,53.06,9.97,0.0,10.56,12.0,25.03,0.0,25,26.11,27.8,27.36,0.1215,0.264,0,0.0,,2400.0,8.7642,78.1348
PAN-1,2023-06-29,summer,30.57,34.92,9.67,0.0,9.51,11.83,24.3,0.0,26,1.99,8.1,1.72,0.0136,0.1543,0,0.0,,2400.0,8.7642,78.1348
PAN-1,2023-06-30,summer,32.59,30.48,8.0,0.0,9.62,12.0,24.25,0.0,27,10.83,10.7,9.76,0.0569,0.1768,0,0.0,,2400.0,8.7642,78.1348
PAN-1,2023-07-01,monsoon,32.53,43.18,7.37,0.0,11.61,12.0,24.46,0.0,28,13.83,18.4,17.91,0.0772,0.2993,0,0.0,,2400.0,8.7642,78.1348
PAN-1,2023-07-02,monsoon,28.85,52.51,3.11,0.0,10.53,12.0,24.55,0.0,29,38.16,43.4,38.57,0.0739,0.4146,0,0.0,,2400.0,8.7642,78.1348
PAN-1,2023-07-03,monsoon,29.17,49.53,19.71,0.0,10.86,12.0,24.84,0.0,30,18.09,10.6,16.65,0.1576,0.3365,0,0.0,,2400.0,8.7642,78.1348
PAN-1,2023-07-04,monsoon,31.91,41.76,17.03,0.0,10.06,12.0,25.18,0.0,31,55.13,63.7,62.56,0.1621,0.5119,0,0.0,,2400.0,8.7642,78.1348
PAN-1,2023-07-05,monsoon,30.76,52.13,17.61,0.0,11.74,11.77,24.22,0.0,32,9.61,18.4,12.57,0.0475,0.219,0,0.0,,2400.0,8.7642,78.1348
PAN-1,2023-07-06,monsoon,30.86,37.52,18.15,0.0,10.2,12.0,24.18,0.0,33,8.42,22.8,8.87,0.0607,0.1138,0,0.0,,2400.0,8.7642,78.1348
PAN-1,2023-07-07,monsoon,29.77,55.9,9.23,0.0,10.66,12.0,24.33,0.0,34,22.81,34.9,24.72,0.0781,0.3386,0,0.0,,2400.0,8.7642,78.1348
PAN-1,2023-07-08,monsoon,31.99,39.87,16.47,0.0,11.92,12.0,24.69,0.0,35,10.28,13.7,8.85,0.0681,0.1645,0,0.0,,2400.0,8.7642,78.1348
PAN-1,2023-07-09,monsoon,35.67,55.45,16.03,0.0,12.01,12.0,25.02,0.0,36,45.15,39.0,40.29,0.1349,0.4145,0,0.0,,2400.0,8.7642,78.1348
PAN-1,2023-07-10,monsoon,28.87,56.96,20.75,0.0,8.99,11.83,24.28,0.0,37,50.73,48.6,48.14,0.063,0.3654,0,0.0,,2400.0,8.7642,78.1348
PAN-1,2023-07-11,monsoon,30.49,62.3,12.33,3.64,10.31,12.0,24.04,0.0,0,59.17,69.9,59.5,0.0,0.5542,0,0.0,,2400.0,8.7642,78.1348
PAN-1,2023-07-12,monsoon,32.74,60.23,27.11,0.0,12.37,12.0,24.42,0.0,1,28.21,35.9,33.19,0.0539,0.3234,0,0.0,,2400.0,8.7642,78.1348
PAN-1,2023-07-13,monsoon,32.9,59.6,19.46,0.0,10.25,12.0,24.7,0.0,2,16.22,22.1,17.48,0.155,0.2013,0,0.0,,2400.0,8.7642,78.1348
PAN-1,2023-07-14,monsoon,32.59,59.77,19.83,5.53,9.64,12.0,24.81,0.0,0,11.16,13.2,10.8,0.0876,0.1621,0,0.0,,2400.0,8.7642,78.1348
PAN-1,2023-07-15,monsoon,30.5,60.48,16.11,0.0,10.35,12.0,25.02,0.0,1,2.96,20.2,3.08,0.0905,0.1524,0,0.0,,2400.0,8.7642,78.1348
PAN-1,2023-07-16,monsoon,32.92,63.49,19.2,0.0,8.29,11.83,24.3,0.0,2,78.25,70.4,77.75,0.0095,0.6161,0,0.0,,2400.0,8.7642,78.1348
PAN-1,2023-07-17,monsoon,29.03,63.57,17.1,0.0,9.17,12.0,24.18,0.0,3,21.86,18.4,18.15,0.02,0.3296,0,0.0,,2400.0,8.7642,78.1348
PAN-1,2023-07-18,monsoon,28.29,65.22,20.89,34.51,8.04,14.84,19.55,0.0,0,16.87,15.1,14.84,0.0088,0.0965,0,0.0,,2400.0,8.7642,78.1348
PAN-1,2023-07-19,monsoon,29.78,68.92,15.07,19.07,7.41,16.29,17.81,0.0,0,31.25,36.3,39.44,0.0,0.2481,0,0.0,,2400.0,8.7642,78.1348
PAN-1,2023-07-20,monsoon,30.25,68.39,23.48,0.0,10.74,15.54,18.67,0.0,1,46.36,53.7,44.52,0.0599,0.3603,0,0.0,,2400.0,8.7642,78.1348
PAN-1,2023-07-21,monsoon,29.82,65.91,35.76,0.0,11.09,14.41,20.14,0.0,2,26.94,32.9,30.83,0.0,0.1638,0,0.0,,2400.0,8.7642,78.1348
PAN-1,2023-07-22,monsoon,27.47,60.13,28.86,0.0,8.64,13.53,21.46,0.0,3,51.63,47.1,44.86,0.0,0.4498,0,0.0,,2400.0,8.7642,78.1348
PAN-1,2023-07-23,monsoon,26.02,56.59,29.73,22.99,7.68,14.96,19.41,0.0,0,40.8,32.0,38.47,0.0978,0.218,0,0.0,,2400.0,8.7642,78.1348
PAN-1,2023-07-24,monsoon,32.88,65.48,27.07,2.17,9.56,14.15,20.52,0.0,0,41.48,40.1,39.38,0.0,0.3444,0,0.0,,2400.0,8.7642,78.1348
PAN-1,2023-07-25,monsoon,31.32,73.93,23.79,0.0,11.38,13.47,21.56,0.0,1,18.68,25.4,17.49,0.0,0.1608,0,0.0,,2400.0,8.7642,78.1348
PAN-1,2023-07-26,monsoon,28.98,67.86,28.0,0.0,8.35,12.72,22.83,0.0,2,59.88,52.8,63.86,0.0,0.5509,0,0.0,,2400.0,8.7642,78.1348
PAN-1,2023-07-27,monsoon,29.76,73.65,27.32,0.0,8.86,12.08,24.05,0.0,3,32.54,32.9,33.36,0.0,0.2924,0,0.0,,2400.0,8.7642,78.1348
PAN-1,2023-07-28,monsoon,24.29,75.01,33.49,0.0,9.84,12.0,24.35,0.0,4,33.1,34.3,35.16,0.0834,0.3391,0,0.0,,2400.0,8.7642,78.1348
PAN-1,2023-07-29,monsoon,28.69,66.66,23.77,9.88,10.07,12.27,23.81,0.0,0,49.87,48.1,53.43,0.0208,0.4769,0,0.0,,2400.0,8.7642,78.1348
PAN-1,2023-07-30,monsoon,31.87,67.39,31.96,0.0,10.57,12.0,24.58,0.0,1,21.68,34.0,22.27,0.0991,0.1931,0,0.0,,2400.0,8.7642,78.1348
PAN-1,2023-07-31,monsoon,27.93,78.36,29.39,4.18,8.93,12.0,24.61,0.0,0,67.39,58.1,63.36,0.1691,0.4686,0,0.0,,2400.0,8.7642,78.1348
PAN-1,2023-08-01,monsoon,26.2,60.28,32.12,4.56,8.75,12.0,24.74,0.0,0,52.71,51.9,53.55,0.0885,0.4448,0,0.0,,2400.0,8.7642,78.1348
PAN-1,2023-08-02,monsoon,31.03,65.13,35.51,0.0,8.11,12.0,25.06,0.0,1,101.04,98.0,92.92,0.0861,0.7149,0,0.0,,2400.0,8.7642,78.1348
PAN-1,2023-08-03,monsoon,25.48,72.97,32.39,29.8,9.02,14.38,20.21,0.0,0,16.11,27.7,20.86,0.0474,0.2046,0,0.0,,2400.0,8.7642,78.1348
PAN-1,2023-08-04,monsoon,29.55,66.15,34.81,6.78,10.04,14.01,20.74,0.0,0,22.81,30.1,24.48,0.031,0.183,0,0.0,,2400.0,8.7642,78.1348
PAN-1,2023-08-05,monsoon,30.99,76.39,37.25,10.42,9.74,14.22,20.43,0.0,0,81.6,88.5,94.91,0.03,0.6301,0,0.0,,2400.0,8.7642,78.1348
PAN-1,2023-08-06,monsoon,30.67,84.47,36.84,8.77,10.55,14.55,19.97,0.0,0,45.06,53.8,49.13,0.0529,0.3554,0,0.0,,2400.0,8.7642,78.1348
PAN-1,2023-08-07,monsoon,27.07,78.36,29.66,3.16,9.03,14.38,20.21,0.0,0,29.01,24.9,26.07,0.0515,0.2294,0,0.0,,2400.0,8.7642,78.1348
PAN-1,2023-08-08,monsoon,27.37,72.11,41.64,3.76,7.84,13.94,20.85,0.0,0,41.47,29.8,36.11,0.0,0.2467,0,0.0,,2400.0,8.7642,78.1348
PAN-1,2023-08-09,monsoon,27.77,71.13,31.79,2.25,8.27,13.47,21.58,0.0,0,59.71,56.2,64.94,0.0,0.5047,0,0.0,,2400.0,8.7642,78.1348
PAN-1,2023-08-10,monsoon,28.75,65.47,33.11,1.54,7.39,12.74,22.81,0.0,0,21.94,28.9,22.94,0.0202,0.2366,0,0.0,,2400.0,8.7642,78.1348
PAN-1,2023-08-11,monsoon,26.8,67.74,38.34,28.67,7.64,14.76,19.68,0.0,0,78.79,70.8,74.8,0.0155,0.5983,0,0.0,,2400.0,8.7642,78.1348
PAN-1,2023-08-12,monsoon,28.04,78.37,41.45,7.68,7.39,14.88,19.52,0.0,0,53.49,57.3,60.12,0.0354,0.5035,0,0.0,,2400.0,8.7642,78.1348
PAN-1,2023-08-13,monsoon,26.68,75.68,35.65,10.77,10.43,15.3,18.98,0.0,0,25.81,36.8,25.18,0.0207,0.242,0,0.0,,2400.0,8.7642,78.1348
PAN-1,2023-08-14,monsoon,26.14,86.52,36.64,0.21,7.92,14.97,19.4,0.0,1,60.37,52.5,65.13,0.0,0.446,0,0.0,,2400.0,8.7642,78.1348
PAN-1,2023-08-15,monsoon,27.77,76.89,30.84,11.45,10.31,15.53,18.7,0.0,0,41.15,39.6,39.0,0.0242,0.3664,0,0.0,,2400.0,8.7642,78.1348
PAN-1,2023-08-16,monsoon,27.24,87.01,42.14,3.07,9.16,15.44,18.81,0.0,0,29.23,36.5,34.65,0.0,0.2064,0,0.0,,2400.0,8.7642,78.1348
PAN-1,2023-08-17,monsoon,27.88,79.22,39.02,20.01,7.81,16.85,17.24,0.0,0,57.76,52.7,62.3,0.0,0.4733,0,0.0,,2400.0,8.7642,78.1348
PAN-1,2023-08-18,monsoon,26.1,84.25,37.21,0.0,7.48,16.47,17.64,0.0,1,53.94,45.2,53.6,0.0062,0.3723,0,0.0,,2400.0,8.7642,78.1348
PAN-1,2023-08-19,monsoon,27.4,78.73,35.42,12.11,8.46,17.13,16.96,0.0,0,31.85,32.0,29.44,0.0025,0.2272,0,0.0,,2400.0,8.7642,78.1348
PAN-1,2023-08-20,monsoon,23.73,73.13,39.78,2.42,8.34,16.75,17.34,0.0,0,38.85,42.6,36.59,0.0295,0.3324,0,0.0,,2400.0,8.7642,78.1348
PAN-1,2023-08-21,monsoon,28.67,98.02,39.08,17.93,7.19,18.49,15.71,0.0,0,5.05,12.0,4.87,0.0142,0.1635,0,0.0,,2400.0,8.7642,78.1348
PAN-1,2023-08-22,monsoon,27.61,82.52,40.07,0.0,7.99,17.99,16.15,0.0,1,29.88,44.8,30.83,0.0643,0.1762,0,0.0,,2400.0,8.7642,78.1348
PAN-1,2023-08-23,monsoon,28.76,92.95,38.28,4.49,9.59,18.22,15.95,0.0,0,28.28,23.9,28.25,0.0,0.2402,0,0.0,,2400.0,8.7642,78.1348
PAN-1,2023-08-24,monsoon,25.39,81.86,34.69,17.11,7.62,19.53,14.88,0.0,0,47.85,50.1,47.04,0.0,0.3402,0,0.0,,2400.0,8.7642,78.1348
PAN-1,2023-08-25,monsoon,27.63,75.36,35.89,5.72,7.5,19.47,14.93,0.0,0,31.71,28.7,26.46,0.0,0.1319,0,0.0,,2400.0,8.7642,78.1348
PAN-1,2023-08-26,monsoon,24.38,87.44,32.22,1.27,9.61,19.33,15.04,0.0,0,104.92,95.3,110.94,0.0,0.6548,0,0.0,,2400.0,8.7642,78.1348
PAN-1,2023-08-27,monsoon,24.87,79.65,36.61,2.5,7.5,19.13,15.2,0.0,0,16.79,24.9,18.0,0.0079,0.1448,0,0.0,,2400.0,8.7642,78.1348
PAN-1,2023-08-28,monsoon,27.22,92.05,38.3,24.93,8.67,21.4,13.59,0.0,0,32.95,19.6,28.64,0.0504,0.2988,0,0.0,,2400.0,8.7642,78.1348
PAN-1,2023-08-29,monsoon,26.57,85.17,36.73,6.74,9.55,21.68,13.42,0.0,0,36.93,38.2,33.57,0.0,0.2627,0,0.0,,2400.0,8.7642,78.1348
PAN-1,2023-08-30,monsoon,25.21,80.95,28.25,13.51,8.25,22.67,12.83,0.0,0,60.37,48.7,55.07,0.0,0.3656,0,0.0,,2400.0,8.7642,78.1348
PAN-1,2023-08-31,monsoon,26.91,77.74,23.92,2.8,7.92,22.55,12.9,0.0,0,15.16,13.9,14.29,0.0482,0.1728,0,0.0,,2400.0,8.7642,78.1348
PAN-1,2023-09-01,monsoon,26.2,67.27,28.04,6.24,8.15,22.53,12.91,0.0,0,110.8,98.0,122.45,0.047,0.5901,0,0.0,,2400.0,8.7642,78.1348
PAN-1,2023-09-02,monsoon,29.89,79.08,35.67,0.0,8.81,21.89,13.29,0.0,1,9.44,19.4,10.64,0.0344,0.1275,0,0.0,,2400.0,8.7642,78.1348
PAN-1,2023-09-03,monsoon,25.88,87.4,30.7,28.26,7.01,24.46,11.89,0.0,0,19.9,20.6,19.6,0.0,0.1475,0,0.0,,2400.0,8.7642,78.1348
PAN-1,2023-09-04,monsoon,29.07,87.17,35.7,18.87,11.73,25.93,11.22,0.0,0,28.14,24.7,22.93,0.0,0.3159,0,0.0,,2400.0,8.7642,78.1348
PAN-1,2023-09-05,monsoon,26.11,92.57,31.54,9.1,9.18,26.67,10.91,0.0,0,50.63,53.9,56.9,0.0,0.4741,0,0.0,,2400.0,8.7642,78.1348
PAN-1,2023-09-06,monsoon,27.45,93.1,29.83,18.07,9.73,28.31,10.28,0.0,0,32.14,44.0,38.54,0.0244,0.3256,0,0.0,,2400.0,8.7642,78.1348
PAN-1,2023-09-07,monsoon,24.18,82.96,37.79,30.11,8.98,30.92,9.41,0.0,0,16.8,15.9,15.42,0.0617,0.1964,0,0.0,,2400.0,8.7642,78.1348
PAN-1,2023-09-08,monsoon,24.68,79.47,30.65,18.55,8.74,32.37,8.99,0.0,0,43.75,41.4,41.75,0.0,0.3487,0,0.0,,2400.0,8.7642,78.1348
PAN-1,2023-09-09,monsoon,25.29,83.62,31.37,0.0,8.47,32.03,9.09,0.0,1,38.92,63.2,44.78,0.0,0.273,0,0.0,,2400.0,8.7642,78.1348
PAN-1,2023-09-10,monsoon,20.06,73.1,29.49,0.0,8.22,31.65,9.2,0.0,2,35.72,47.4,42.18,0.0,0.298,0,0.0,,2400.0,8.7642,78.1348
PAN-1,2023-09-11,monsoon,25.37,85.16,31.58,0.0,6.79,31.36,9.29,0.0,3,74.72,86.2,89.1,0.0235,0.6105,0,0.0,,2400.0,8.7642,78.1348
PAN-1,2023-09-12,monsoon,25.79,75.89,19.84,37.09,9.93,34.69,8.4,0.0,0,19.2,14.2,19.02,0.1258,0.1405,0,0.0,,2400.0,8.7642,78.1348
PAN-1,2023-09-13,monsoon,25.91,90.04,28.34,0.0,9.75,34.48,8.45,0.0,1,5.55,10.6,4.54,0.0,0.1791,0,0.0,,2400.0,8.7642,78.1348
PAN-1,2023-09-14,monsoon,24.08,73.75,24.89,17.94,9.31,35.84,8.13,0.0,0,45.65,51.4,43.39,0.0,0.3352,0,0.0,,2400.0,8.7642,78.1348
PAN-1,2023-09-15,monsoon,26.1,77.67,28.71,9.17,9.22,36.29,8.03,0.0,0,24.71,33.0,29.7,0.0,0.2539,0,0.0,,2400.0,8.7642,78.1348
PAN-1,2023-09-16,monsoon,23.86,87.59,24.89,0.0,8.63,36.09,8.07,0.0,1,53.77,59.0,56.39,0.0,0.5111,0,0.0,,2400.0,8.7642,78.1348
PAN-1,2023-09-17,monsoon,25.5,85.69,23.43,14.1,8.41,37.26,7.82,0.0,0,28.36,34.6,24.76,0.0327,0.2058,0,0.0,,2400.0,8.7642,78.1348
PAN-1,2023-09-18,monsoon,25.34,88.75,25.6,0.0,11.38,37.04,7.87,0.0,1,8.15,8.3,8.12,0.0,0.1039,0,0.0,,2400.0,8.7642,78.1348
PAN-1,2023-09-19,monsoon,21.58,72.27,30.22,11.87,8.73,37.78,7.72,0.0,0,23.58,26.9,22.22,0.0379,0.1729,0,0.0,,2400.0,8.7642,78.1348
PAN-1,2023-09-20,monsoon,24.87,79.11,17.61,4.7,10.03,37.97,7.68,0.0,0,59.4,60.6,65.49,0.0,0.5111,0,0.0,,2400.0,8.7642,78.1348
PAN-1,2023-09-21,monsoon,23.4,76.86,22.71,0.0,10.75,37.61,7.75,0.0,1,13.69,20.4,14.72,0.0372,0.129,0,0.0,,2400.0,8.7642,78.1348
PAN-1,2023-09-22,monsoon,23.64,61.61,17.94,1.05,10.3,37.22,7.83,0.0,0,23.06,28.8,21.86,0.0,0.24,0,0.0,,2400.0,8.7642,78.1348
PAN-1,2023-09-23,monsoon,25.18,85.28,19.72,0.0,9.87,37.0,7.88,0.0,1,5.59,11.0,6.93,0.0,0.1247,0,0.0,,2400.0,8.7642,78.1348
PAN-1,2023-09-24,monsoon,23.87,80.19,17.74,0.0,9.24,36.75,7.93,0.0,2,0.14,0.0,0.0,0.0,0.0261,0,0.0,,2400.0,8.7642,78.1348
PAN-1,2023-09-25,monsoon,24.59,68.13,14.25,0.0,11.86,36.36,8.01,0.0,3,1.01,1.8,0.0,0.0281,0.1038,0,0.0,,2400.0,8.7642,78.1348
PAN-1,2023-09-26,monsoon,23.72,74.97,19.61,0.0,8.05,36.04,8.08,0.0,4,30.7,23.9,28.21,0.0,0.2694,0,0.0,,2400.0,8.7642,78.1348
PAN-1,2023-09-27,monsoon,24.47,89.08,13.83,0.0,10.09,35.92,8.11,0.0,5,6.95,7.2,9.01,0.0,0.1364,0,0.0,,2400.0,8.7642,78.1348
PAN-1,2023-09-28,monsoon,23.15,76.4,12.88,0.0,11.49,35.68,8.16,0.0,6,19.95,19.5,18.81,0.0,0.0752,0,0.0,,2400.0,8.7642,78.1348
PAN-1,2023-09-29,monsoon,24.47,68.5,23.75,0.0,12.0,35.12,8.29,0.0,7,10.67,21.6,9.39,0.0,0.1064,0,0.0,,2400.0,8.7642,78.1348
PAN-1,2023-09-30,monsoon,24.52,76.62,20.52,0.0,9.5,34.78,8.37,0.0,8,0.0,1.4,0.0,0.0,0.0794,0,0.0,,2400.0,8.7642,78.1348
PAN-1,2023-10-01,other,22.65,71.7,10.78,0.0,9.09,34.55,8.43,0.0,9,0.0,16.1,0.0,0.06,0.0725,0,0.0,,2400.0,8.7642,78.1348
PAN-1,2023-10-02,other,21.44,67.71,11.3,4.36,12.06,34.71,8.39,0.0,0,4.91,17.4,5.66,0.0611,0.068,0,0.0,,2400.0,8.7642,78.1348
PAN-1,2023-10-03,other,24.17,71.4,16.82,0.0,10.27,34.35,8.48,0.0,1,0.35,0.5,0.0,0.0202,0.0802,0,0.0,,2400.0,8.7642,78.1348
PAN-1,2023-10-04,other,22.41,67.26,13.66,0.0,12.09,34.01,8.57,0.0,2,0.0,0.0,0.0,0.0,0.0,0,0.0,,2400.0,8.7642,78.1348
PAN-1,2023-10-05,other,24.59,73.16,11.85,0.0,10.9,33.73,8.64,0.0,3,0.0,10.8,0.0,0.0,0.0591,0,0.0,,2400.0,8.7642,78.1348
PAN-1,2023-10-06,other,23.79,61.72,13.12,13.37,10.2,34.67,8.41,0.0,0,0.45,4.9,0.0,0.0161,0.1143,0,0.0,,2400.0,8.7642,78.1348
PAN-1,2023-10-07,other,23.16,73.57,7.88,0.0,9.13,34.49,8.45,0.0,1,0.0,11.4,0.0,0.0,0.1501,0,0.0,,2400.0,8.7642,78.1348
PAN-1,2023-10-08,other,20.86,64.68,12.2,0.0,11.58,34.19,8.53,0.0,2,8.73,23.5,8.46,0.0,0.2432,0,0.0,,2400.0,8.7642,78.1348
PAN-1,2023-10-09,other,19.45,69.91,10.89,0.0,11.18,33.97,8.58,0.0,3,0.0,2.3,0.0,0.0,0.0,0,0.0,,2400.0,8.7642,78.1348
PAN-1,2023-10-10,other,22.32,61.65,7.34,0.0,9.09,33.73,8.64,0.0,4,2.37,2.4,2.35,0.0,0.0129,0,0.0,,2400.0,8.7642,78.1348
PAN-1,2023-10-11,other,22.01,64.51,9.94,0.0,11.13,33.45,8.71,0.0,5,0.0,13.6,0.0,0.0295,0.1012,0,0.0,,2400.0,8.7642,78.1348
PAN-1,2023-10-12,other,21.32,73.03,8.08,0.0,11.56,33.27,8.76,0.0,6,0.0,9.2,0.0,0.0495,0.092,0,0.0,,2400.0,8.7642,78.1348
PAN-1,2023-10-13,other,21.35,70.58,3.51,0.0,10.1,33.14,8.79,0.0,7,0.0,18.6,0.0,0.0185,0.0,0,0.0,,2400.0,8.7642,78.1348
PAN-1,2023-10-14,other,19.94,74.18,13.17,0.0,11.74,32.92,8.85,0.0,8,4.69,5.8,4.81,0.0,0.1609,0,0.0,,2400.0,8.7642,78.1348
PAN-1,2023-10-15,other,23.32,71.24,16.34,0.0,10.65,32.58,8.94,0.0,9,24.97,36.5,26.47,0.0242,0.2088,0,0.0,,2400.0,8.7642,78.1348
PAN-1,2023-10-16,other,21.51,42.17,1.62,0.0,10.65,32.37,9.0,0.0,10,4.81,6.8,6.3,0.0,0.0809,0,0.0,,2400.0,8.7642,78.1348
PAN-1,2023-10-17,other,24.14,68.57,12.07,0.0,9.31,32.07,9.08,0.0,11,0.0,8.3,0.0,0.0,0.0117,0,0.0,,2400.0,8.7642,78.1348
PAN-1,2023-10-18,other,22.1,68.77,5.77,0.0,8.88,31.9,9.13,0.0,12,15.16,14.2,14.71,0.0409,0.1149,0,0.0,,2400.0,8.7642,78.1348
PAN-1,2023-10-19,other,24.16,68.26,15.68,0.0,13.0,31.48,9.25,0.0,13,19.03,25.1,18.31,0.0,0.2536,0,0.0,,2400.0,8.7642,78.1348
PAN-1,2023-10-20,other,21.96,81.42,2.3,0.0,11.92,31.4,9.27,0.0,14,11.97,8.7,10.07,0.0139,0.1876,0,0.0,,2400.0,8.7642,78.1348
PAN-1,2023-10-21,other,18.39,67.44,11.79,0.0,11.07,31.17,9.34,0.0,15,0.0,3.4,0.0,0.0,0.0025,0,0.0,,2400.0,8.7642,78.1348
PAN-1,2023-10-22,other,22.5,72.29,6.08,0.0,10.16,31.0,9.39,0.0,16,0.36,14.2,0.0,0.0863,0.0259,0,0.0,,2400.0,8.7642,78.1348
PAN-1,2023-10-23,other,23.32,54.82,11.87,0.0,11.48,30.56,9.53,0.0,17,0.0,8.9,0.0,0.0,0.0,0,0.0,,2400.0,8.7642,78.1348
PAN-1,2023-10-24,other,20.0,66.03,6.89,0.0,10.51,30.37,9.59,0.0,18,1.55,18.6,1.07,0.0,0.0341,0,0.0,,2400.0,8.7642,78.1348
PAN-1,2023-10-25,other,23.07,68.09,5.68,0.0,10.05,30.18,9.65,0.0,19,50.52,41.6,41.79,0.0,0.3383,0,0.0,,2400.0,8.7642,78.1348
PAN-1,2023-10-26,other,20.15,69.37,6.1,0.0,12.14,30.01,9.7,0.0,20,0.0,21.7,0.0,0.0171,0.0316,0,0.0,,2400.0,8.7642,78.1348
PAN-1,2023-10-27,other,21.9,76.19,9.48,16.34,8.77,31.48,9.25,0.0,0,1.11,8.5,0.0,0.0241,0.0,0,0.0,,2400.0,8.7642,78.1348
PAN-1,2023-10-28,other,24.55,62.93,9.22,5.02,9.75,31.67,9.19,0.0,0,0.0,0.0,0.0,0.0671,0.0,0,0.0,,2400.0,8.7642,78.1348
PAN-1,2023-10-29,other,25.54,73.76,8.8,1.81,12.18,31.6,9.21,0.0,0,0.55,2.5,0.0,0.0849,0.0979,0,0.0,,2400.0,8.7642,78.1348
PAN-1,2023-10-30,other,20.8,81.47,10.92,0.0,11.81,31.45,9.25,0.0,1,0.0,6.1,0.0,0.0608,0.049,0,0.0,,2400.0,8.7642,78.1348
PAN-1,2023-10-31,other,23.96,68.99,9.89,3.37,12.17,31.5,9.24,0.0,0,0.07,9.0,0.0,0.0,0.0,0,0.0,,2400.0,8.7642,78.1348
PAN-1,2023-11-01,other,21.24,77.92,11.34,0.0,10.53,31.32,9.29,0.0,1,5.49,20.3,6.28,0.0,0.0948,0,0.0,,2400.0,8.7642,78.1348
PAN-1,2023-11-02,other,23.79,68.3,11.29,0.0,12.18,31.0,9.38,0.0,2,0.28,11.3,0.0,0.044,0.1256,0,0.0,,2400.0,8.7642,78.1348
PAN-1,2023-11-03,other,20.93,65.65,10.67,20.16,10.66,32.75,8.88,0.0,0,20.95,30.2,19.67,0.0,0.1129,0,0.0,,2400.0,8.7642,78.1348
PAN-1,2023-11-04,other,24.62,66.22,4.06,0.0,12.69,32.54,8.94,0.0,1,0.0,4.8,0.0,0.0492,0.0808,0,0.0,,2400.0,8.7642,78.1348
PAN-1,2023-11-05,other,22.24,62.8,7.15,0.0,10.76,32.3,9.01,0.0,2,0.0,0.0,0.0,0.0671,0.1075,0,0.0,,2400.0,8.7642,78.1348
PAN-1,2023-11-06,other,25.3,70.5,5.31,24.42,11.1,34.54,8.43,0.0,0,0.0,6.5,0.0,0.0298,0.0089,0,0.0,,2400.0,8.7642,78.1348
PAN-1,2023-11-07,other,19.84,62.38,12.22,0.0,11.35,34.24,8.5,0.0,1,1.18,13.0,0.6,0.0,0.0347,0,0.0,,2400.0,8.7642,78.1348
PAN-1,2023-11-08,other,23.66,70.54,13.26,0.0,9.29,33.95,8.57,0.0,2,0.06,8.8,0.0,0.0,0.1112,0,0.0,,2400.0,8.7642,78.1348
PAN-1,2023-11-09,other,23.03,58.86,14.07,0.0,11.66,33.5,8.68,0.0,3,12.17,24.4,10.84,0.0,0.1353,0,0.0,,2400.0,8.7642,78.1348
PAN-1,2023-11-10,other,22.88,64.57,8.78,0.0,10.11,33.23,8.75,0.0,4,0.0,6.2,0.0,0.0,0.0,0,0.0,,2400.0,8.7642,78.1348
PAN-1,2023-11-11,other,23.44,66.98,0.0,19.41,9.72,35.07,8.29,0.0,0,4.21,4.3,4.65,0.0,0.1656,0,0.0,,2400.0,8.7642,78.1348
PAN-1,2023-11-12,other,24.14,67.14,5.37,0.0,10.0,34.87,8.34,0.0,1,0.97,8.7,0.0,0.0292,0.0062,0,0.0,,2400.0,8.7642,78.1348
PAN-1,2023-11-13,other,25.89,72.59,6.62,0.0,10.74,34.66,8.39,0.0,2,1.08,11.3,0.0,0.0,0.0635,0,0.0,,2400.0,8.7642,78.1348
PAN-1,2023-11-14,other,24.98,57.29,6.85,0.0,9.17,34.35,8.46,0.0,3,0.0,13.6,0.0,0.0,0.0493,0,0.0,,2400.0,8.7642,78.1348
PAN-1,2023-11-15,other,21.76,55.22,7.68,0.0,9.4,34.07,8.53,0.0,4,0.0,5.9,0.0,0.0,0.1269,0,0.0,,2400.0,8.7642,78.1348
PAN-1,2023-11-16,other,20.72,64.72,12.33,0.0,10.21,33.78,8.6,0.0,5,0.0,8.5,0.0,0.0353,0.015,0,0.0,,2400.0,8.7642,78.1348
PAN-1,2023-11-17,other,24.02,71.02,8.4,0.0,11.15,33.54,8.66,0.0,6,13.68,21.4,15.32,0.018,0.1521,0,0.0,,2400.0,8.7642,78.1348
PAN-1,2023-11-18,other,22.88,65.54,6.37,0.0,11.4,33.31,8.72,0.0,7,0.0,8.0,0.0,0.0085,0.1053,0,0.0,,2400.0,8.7642,78.1348
PAN-1,2023-11-19,other,20.8,75.58,9.46,0.0,11.97,33.13,8.77,0.0,8,0.4,11.7,0.0,0.0,0.0144,0,0.0,,2400.0,8.7642,78.1348
PAN-1,2023-11-20,other,24.26,64.67,4.29,0.0,9.43,32.94,8.82,0.0,9,0.14,17.5,0.0,0.0,0.0,0,0.0,,2400.0,8.7642,78.1348
PAN-1,2023-11-21,other,20.43,62.86,5.52,0.0,9.99,32.75,8.87,0.0,10,0.57,10.6,0.0,0.0,0.184,0,0.0,,2400.0,8.7642,78.1348
PAN-1,2023-11-22,other,23.51,80.46,8.7,0.0,11.23,32.59,8.91,0.0,11,0.0,6.4,0.0,0.0,0.0,0,0.0,,2400.0,8.7642,78.1348
PAN-1,2023-11-23,other,25.26,61.46,6.99,0.0,8.97,32.31,8.99,0.0,12,18.16,34.9,21.09,0.0,0.1977,0,0.0,,2400.0,8.7642,78.1348
PAN-1,2023-11-24,other,25.03,63.03,9.11,0.0,12.17,31.96,9.09,0.0,13,0.4,6.9,0.0,0.0427,0.1145,0,0.0,,2400.0,8.7642,78.1348
PAN-1,2023-11-25,other,23.1,74.98,5.33,0.0,9.87,31.82,9.13,0.0,14,0.0,12.5,0.0,0.0,0.0032,0,0.0,,2400.0,8.7642,78.1348
PAN-1,2023-11-26,other,23.86,53.14,12.03,0.0,11.11,31.35,9.27,0.0,15,0.59,10.0,0.0,0.0762,0.0958,0,0.0,,2400.0,8.7642,78.1348
PAN-1,2023-11-27,other,24.7,62.96,12.52,0.0,11.9,30.94,9.39,0.0,16,0.44,6.4,0.82,0.0,0.0814,0,0.0,,2400.0,8.7642,78.1348
PAN-1,2023-11-28,other,26.69,84.4,8.99,0.0,10.96,30.79,9.44,0.0,17,2.1,16.6,1.97,0.0321,0.0785,0,0.0,,2400.0,8.7642,78.1348
PAN-1,2023-11-29,other,25.24,68.63,13.22,0.0,10.98,30.43,9.55,0.0,18,0.2,0.0,0.0,0.0,0.0419,0,0.0,,2400.0,8.7642,78.1348
PAN-1,2023-11-30,other,22.46,69.02,7.64,0.0,10.08,30.22,9.62,0.0,19,2.55,13.8,2.26,0.0135,0.116,0,0.0,,2400.0,8.7642,78.1348
PAN-1,2023-12-01,other,24.0,65.6,11.49,0.0,10.51,29.89,9.73,0.0,20,0.0,10.9,0.0,0.027,0.0041,0,0.0,,2400.0,8.7642,78.1348
PAN-1,2023-12-02,other,22.68,65.87,8.01,0.0,10.48,29.65,9.81,0.0,21,3.42,4.3,2.54,0.0081,0.0226,0,0.0,,2400.0,8.7642,78.1348
PAN-1,2023-12-03,other,20.47,58.13,7.0,0.0,11.64,29.4,9.89,0.0,22,0.1,11.3,0.0,0.0299,0.0107,0,0.0,,2400.0,8.7642,78.1348
PAN-1,2023-12-04,other,21.78,62.63,11.29,0.0,11.09,29.08,10.0,0.0,23,0.47,17.8,0.0,0.0,0.0871,0,0.0,,2400.0,8.7642,78.1348
PAN-1,2023-12-05,other,22.05,75.17,5.14,0.0,10.59,28.94,10.05,0.0,24,0.0,0.4,0.0,0.0,0.0079,0,0.0,,2400.0,8.7642,78.1348
PAN-1,2023-12-06,other,24.28,67.88,12.51,0.0,10.99,28.6,10.17,0.0,25,24.97,35.0,25.42,0.0,0.2091,0,0.0,,2400.0,8.7642,78.1348
PAN-1,2023-12-07,other,23.21,66.36,5.65,0.0,11.47,28.39,10.25,0.0,26,15.1,4.0,14.12,0.0,0.1754,0,0.0,,2400.0,8.7642,78.1348
PAN-1,2023-12-08,other,23.59,59.82,14.09,0.0,11.0,27.95,10.41,0.0,27,0.0,11.8,0.0,0.0042,0.0401,0,0.0,,2400.0,8.7642,78.1348
PAN-1,2023-12-09,other,26.59,63.88,10.32,0.0,9.18,27.59,10.55,0.0,28,0.0,8.6,0.0,0.0,0.0645,0,0.0,,2400.0,8.7642,78.1348
PAN-1,2023-12-10,other,21.44,56.72,5.16,0.0,9.68,27.37,10.63,0.0,29,0.71,15.0,0.0,0.0,0.0321,0,0.0,,2400.0,8.7642,78.1348
PAN-1,2023-12-11,other,24.77,60.32,13.23,0.0,11.43,26.91,10.81,0.0,30,0.85,0.0,0.0,0.0522,0.0134,0,0.0,,2400.0,8.7642,78.1348
PAN-1,2023-12-12,other,28.41,68.23,11.4,0.0,11.82,26.5,10.98,0.0,31,44.13,55.5,48.92,0.0096,0.2846,0,0.0,,2400.0,8.7642,78.1348
PAN-1,2023-12-13,other,23.94,50.11,3.42,0.0,9.87,26.25,11.08,0.0,32,0.37,10.1,0.0,0.0357,0.0723,0,0.0,,2400.0,8.7642,78.1348
PAN-1,2023-12-14,other,25.29,70.68,6.5,0.0,11.03,26.03,11.17,0.0,33,0.0,2.7,0.0,0.0166,0.0007,0,0.0,,2400.0,8.7642,78.1348
PAN-1,2023-12-15,other,24.19,64.65,7.83,0.0,11.39,25.75,11.29,0.0,34,0.0,15.4,0.0,0.0339,0.002,0,0.0,,2400.0,8.7642,78.1348
PAN-1,2023-12-16,other,24.86,64.03,3.87,0.0,11.1,25.54,11.38,0.0,35,21.26,22.4,19.86,0.0,0.1498,0,0.0,,2400.0,8.7642,78.1348
PAN-1,2023-12-17,other,26.76,61.23,8.09,0.0,11.38,25.17,11.55,0.0,36,18.68,13.3,18.84,0.0,0.2482,0,0.0,,2400.0,8.7642,78.1348
PAN-1,2023-12-18,other,27.42,75.05,15.43,0.0,11.29,24.8,11.72,0.0,37,14.84,11.6,15.66,0.0,0.1034,0,0.0,,2400.0,8.7642,78.1348
PAN-1,2023-12-19,other,24.99,66.55,5.85,4.68,10.67,25.04,11.61,0.0,0,9.45,9.4,9.43,0.0,0.1016,0,0.0,,2400.0,8.7642,78.1348
PAN-1,2023-12-20,other,26.9,70.05,9.13,0.0,11.21,24.74,11.75,0.0,1,0.0,9.3,0.0,0.0294,0.0232,0,0.0,,2400.0,8.7642,78.1348
PAN-1,2023-12-21,other,24.92,62.35,4.34,0.0,9.06,24.53,11.85,0.0,2,0.0,4.8,0.0,0.0408,0.0,0,0.0,,2400.0,8.7642,78.1348
PAN-1,2023-12-22,other,26.61,51.83,5.26,0.0,10.49,24.18,12.02,0.0,3,0.03,4.4,0.18,0.0,0.0849,0,0.0,,2400.0,8.7642,78.1348
PAN-1,2023-12-23,other,25.83,56.58,11.08,0.0,11.26,23.71,12.26,0.0,4,0.0,10.1,0.0,0.0602,0.0284,0,0.0,,2400.0,8.7642,78.1348
PAN-1,2023-12-24,other,24.66,69.76,8.04,0.0,10.65,23.47,12.39,0.0,5,0.87,10.7,1.66,0.0,0.0637,0,0.0,,2400.0,8.7642,78.1348
PAN-1,2023-12-25,other,28.24,64.25,7.07,0.0,12.1,23.12,12.58,0.0,6,0.0,0.0,0.0,0.0158,0.0154,0,0.0,,2400.0,8.7642,78.1348
PAN-1,2023-12-26,other,25.91,61.28,6.47,5.66,11.31,23.38,12.44,0.0,0,1.35,10.7,2.65,0.0901,0.098,0,0.0,,2400.0,8.7642,78.1348
PAN-1,2023-12-27,other,25.48,53.51,14.53,0.0,10.19,22.81,12.75,0.0,1,21.22,27.7,23.46,0.0,0.1206,0,0.0,,2400.0,8.7642,78.1348
PAN-1,2023-12-28,other,26.8,70.22,13.21,0.0,13.0,22.4,12.98,0.0,2,15.59,23.8,17.5,0.0,0.1728,0,0.0,,2400.0,8.7642,78.1348
PAN-1,2023-12-29,other,25.25,66.04,13.85,0.0,10.57,22.0,13.22,0.0,3,61.42,57.9,66.55,0.0,0.526,0,0.0,,2400.0,8.7642,78.1348
PAN-1,2023-12-30,other,24.94,61.47,10.95,12.53,11.47,22.86,12.72,0.0,0,39.0,37.0,39.64,0.0,0.3268,0,0.0,,2400.0,8.7642,78.1348
PAN-1,2023-12-31,other,28.15,66.24,12.45,0.0,10.81,22.42,12.97,0.0,1,14.79,15.7,13.48,0.0037,0.1528,0,0.0,,2400.0,8.7642,78.1348
PAN-1,2024-01-01,other,26.7,75.17,19.55,2.24,9.11,22.25,13.07,0.0,0,18.24,24.2,22.19,0.0112,0.1894,0,0.0,,2400.0,8.7642,78.1348
PAN-1,2024-01-02,other,27.71,72.22,24.86,3.61,8.5,22.06,13.18,0.0,0,41.09,51.4,47.26,0.0,0.425,0,0.0,,2400.0,8.7642,78.1348
PAN-1,2024-01-03,other,24.51,67.43,29.54,15.45,8.86,22.98,12.65,0.0,0,31.55,40.1,31.34,0.0,0.2747,0,0.0,,2400.0,8.7642,78.1348
PAN-1,2024-01-04,other,24.57,76.96,21.81,3.76,8.61,23.01,12.63,0.0,0,62.09,60.7,51.67,0.0499,0.357,0,0.0,,2400.0,8.7642,78.1348
PAN-1,2024-01-05,other,25.35,67.78,29.49,10.85,10.46,23.41,12.41,0.0,0,30.47,39.4,27.84,0.0,0.286,0,0.0,,2400.0,8.7642,78.1348
PAN-1,2024-01-06,other,24.98,72.58,22.8,0.0,7.21,23.0,12.63,0.0,1,51.59,43.5,46.91,0.0,0.3298,0,0.0,,2400.0,8.7642,78.1348
PAN-1,2024-01-07,other,25.3,90.5,25.81,0.0,8.43,22.83,12.72,0.0,2,25.2,21.4,25.75,0.0095,0.2963,0,0.0,,2400.0,8.7642,78.1348
PAN-1,2024-01-08,other,25.75,80.78,27.01,2.36,9.64,22.69,12.8,0.0,0,49.18,49.7,44.1,0.0,0.2699,0,0.0,,2400.0,8.7642,78.1348
PAN-1,2024-01-09,other,28.69,78.22,32.1,0.71,10.4,22.09,13.15,0.0,1,17.56,20.9,18.78,0.0154,0.0775,0,0.0,,2400.0,8.7642,78.1348
PAN-1,2024-01-10,other,27.09,68.41,28.6,0.0,10.59,21.36,13.6,0.0,2,87.2,71.6,84.49,0.0,0.6212,0,0.0,,2400.0,8.7642,78.1348
PAN-1,2024-01-11,other,26.38,68.06,28.41,9.31,10.4,21.59,13.45,0.0,0,36.48,45.2,45.63,0.0,0.3032,0,0.0,,2400.0,8.7642,78.1348
PAN-1,2024-01-12,other,25.9,76.55,27.0,27.61,10.03,23.88,12.16,0.0,0,40.16,42.8,39.88,0.009,0.2375,0,0.0,,2400.0,8.7642,78.1348
PAN-1,2024-01-13,other,29.05,79.85,25.47,0.0,8.76,23.44,12.39,0.0,1,16.76,22.1,19.31,0.0,0.1579,0,0.0,,2400.0,8.7642,78.1348
PAN-1,2024-01-14,other,25.36,66.09,26.31,22.11,9.94,25.01,11.61,0.0,0,44.63,38.8,42.38,0.0608,0.3426,0,0.0,,2400.0,8.7642,78.1348
PAN-1,2024-01-15,other,24.29,77.75,29.23,5.5,9.37,25.14,11.55,0.0,0,29.25,30.2,28.73,0.029,0.2502,0,0.0,,2400.0,8.7642,78.1348
PAN-1,2024-01-16,other,30.53,69.3,30.49,0.0,9.03,24.28,11.96,0.0,1,87.21,67.1,66.88,0.0,0.513,0,0.0,,2400.0,8.7642,78.1348
PAN-1,2024-01-17,other,29.06,78.17,38.82,0.0,8.38,23.6,12.3,0.0,2,28.7,40.2,28.61,0.0443,0.2482,0,0.0,,2400.0,8.7642,78.1348
PAN-1,2024-01-18,other,27.02,90.21,36.76,1.18,11.61,23.43,12.39,0.0,0,37.59,33.4,43.5,0.0,0.4203,0,0.0,,2400.0,8.7642,78.1348
PAN-1,2024-01-19,other,27.85,73.79,37.18,0.0,7.36,22.73,12.77,0.0,1,14.23,20.6,11.75,0.0158,0.0546,0,0.0,,2400.0,8.7642,78.1348
PAN-1,2024-01-20,other,29.3,74.08,32.37,1.38,7.49,22.19,13.08,0.0,0,63.89,69.9,75.86,0.018,0.549,0,0.0,,2400.0,8.7642,78.1348
PAN-1,2024-01-21,other,27.56,80.64,40.49,18.71,9.97,23.46,12.37,0.0,0,25.76,23.5,22.47,0.0,0.1577,0,0.0,,2400.0,8.7642,78.1348
PAN-1,2024-01-22,other,28.62,74.28,32.31,20.15,8.03,24.82,11.69,0.0,0,105.61,94.2,93.15,0.0135,0.6024,0,0.0,,2400.0,8.7642,78.1348
PAN-1,2024-01-23,other,26.03,78.5,38.47,0.0,9.29,24.25,11.97,0.0,1,55.47,75.8,69.57,0.0,0.4993,0,0.0,,2400.0,8.7642,78.1348
PAN-1,2024-01-24,other,27.9,76.28,32.03,21.46,9.27,25.79,11.25,0.0,0,24.13,17.0,27.32,0.0542,0.2271,0,0.0,,2400.0,8.7642,78.1348
PAN-1,2024-01-25,other,29.64,70.1,34.76,0.0,7.69,24.94,11.63,0.0,1,62.25,58.9,50.91,0.0,0.3462,0,0.0,,2400.0,8.7642,78.1348
PAN-1,2024-01-26,other,31.21,85.36,38.96,4.09,7.0,24.86,11.67,0.0,0,28.21,29.9,29.62,0.0981,0.179,0,0.0,,2400.0,8.7642,78.1348
PAN-1,2024-01-27,other,30.44,84.87,34.86,14.62,8.86,25.85,11.22,0.0,0,99.07,94.5,95.58,0.0,0.5713,0,0.0,,2400.0,8.7642,78.1348
PAN-1,2024-01-28,other,30.33,84.65,34.8,0.0,8.1,25.39,11.42,0.0,1,27.7,31.2,27.0,0.0027,0.1754,0,0.0,,2400.0,8.7642,78.1348
PAN-1,2024-01-29,other,28.34,72.85,36.38,0.0,10.12,24.58,11.8,0.0,2,42.56,55.1,46.33,0.0,0.4053,0,0.0,,2400.0,8.7642,78.1348
PAN-1,2024-01-30,other,29.14,72.96,36.59,0.0,10.35,23.72,12.23,0.0,3,46.17,59.8,55.05,0.0473,0.3881,0,0.0,,2400.0,8.7642,78.1348
PAN-1,2024-01-31,other,28.06,79.65,33.32,4.02,8.14,23.6,12.29,0.0,0,41.87,41.4,42.73,0.0,0.3419,0,0.0,,2400.0,8.7642,78.1348
PAN-1,2024-02-01,summer,29.76,78.76,30.11,5.23,10.44,23.53,12.33,0.0,0,30.71,28.0,31.22,0.0,0.3108,0,0.0,,2400.0,8.7642,78.1348
PAN-1,2024-02-02,summer,31.45,74.01,34.54,7.2,8.8,23.4,12.4,0.0,0,48.66,41.1,54.35,0.006,0.3784,0,0.0,,2400.0,8.7642,78.1348
PAN-1,2024-02-03,summer,28.67,65.23,33.76,5.71,9.54,23.0,12.62,0.0,0,19.36,22.8,21.18,0.0093,0.1865,0,0.0,,2400.0,8.7642,78.1348
PAN-1,2024-02-04,summer,28.88,73.94,33.48,24.76,7.14,24.8,11.7,0.0,0,45.4,48.5,51.15,0.0208,0.393,0,0.0,,2400.0,8.7642,78.1348
PAN-1,2024-02-05,summer,28.49,80.47,32.12,6.96,9.38,24.98,11.62,0.0,0,38.3,35.1,38.7,0.0,0.4186,0,0.0,,2400.0,8.7642,78.1348
PAN-1,2024-02-06,summer,28.82,63.97,36.58,24.01,8.21,26.34,11.02,0.0,0,70.69,63.3,63.05,0.0185,0.5106,0,0.0,,2400.0,8.7642,78.1348
PAN-1,2024-02-07,summer,29.14,67.61,32.66,1.59,8.61,25.62,11.33,0.0,0,43.02,43.9,42.68,0.0,0.3601,0,0.0,,2400.0,8.7642,78.1348
PAN-1,2024-02-08,summer,29.94,66.19,31.54,9.76,7.5,25.7,11.29,0.0,0,34.29,43.2,38.11,0.0,0.3386,0,0.0,,2400.0,8.7642,78.1348
PAN-1,2024-02-09,summer,33.37,75.52,30.47,6.81,10.84,25.52,11.37,0.0,0,41.37,49.2,46.75,0.0,0.4034,0,0.0,,2400.0,8.7642,78.1348
PAN-1,2024-02-10,summer,25.97,67.72,39.18,2.04,10.02,24.83,11.69,0.0,0,41.65,41.2,43.72,0.0233,0.3909,0,0.0,,2400.0,8.7642,78.1348
PAN-1,2024-02-11,summer,31.84,66.17,32.35,1.4,9.41,23.88,12.16,0.0,0,23.96,23.8,26.58,0.0,0.3749,0,0.0,,2400.0,8.7642,78.1348
PAN-1,2024-02-12,summer,32.89,63.97,32.31,0.0,9.49,22.64,12.82,0.0,1,13.0,25.9,17.78,0.0,0.2746,0,0.0,,2400.0,8.7642,78.1348
PAN-1,2024-02-13,summer,31.04,75.9,31.37,0.0,9.64,21.91,13.25,0.0,2,14.24,8.7,14.05,0.0,0.1909,0,0.0,,2400.0,8.7642,78.1348
PAN-1,2024-02-14,summer,29.12,72.01,29.25,0.0,11.28,21.15,13.73,0.0,3,59.53,44.3,44.77,0.0,0.3663,0,0.0,,2400.0,8.7642,78.1348
PAN-1,2024-02-15,summer,31.71,61.43,33.89,0.0,8.53,19.9,14.59,0.0,4,33.19,21.5,33.08,0.0135,0.2596,0,0.0,,2400.0,8.7642,78.1348
PAN-1,2024-02-16,summer,30.05,63.48,32.02,0.92,11.16,18.78,15.46,0.0,5,54.44,54.4,53.13,0.0228,0.4408,0,0.0,,2400.0,8.7642,78.1348
PAN-1,2024-02-17,summer,31.0,57.61,31.03,1.44,8.36,17.71,16.39,0.0,0,59.4,50.7,58.13,0.0,0.4629,0,0.0,,2400.0,8.7642,78.1348
PAN-1,2024-02-18,summer,29.38,71.28,38.31,5.54,9.28,17.34,16.74,0.0,0,38.67,65.5,50.16,0.0474,0.4641,0,0.0,,2400.0,8.7642,78.1348
PAN-1,2024-02-19,summer,28.41,60.46,33.01,0.0,10.02,16.25,17.86,0.0,1,33.66,38.5,29.69,0.0665,0.1591,0,0.0,,2400.0,8.7642,78.1348
PAN-1,2024-02-20,summer,27.8,73.58,18.9,6.75,7.91,16.51,17.58,0.0,0,25.97,30.1,19.66,0.0498,0.1035,0,0.0,,2400.0,8.7642,78.1348
PAN-1,2024-02-21,summer,32.48,49.89,31.39,4.72,8.74,15.39,18.86,0.0,0,23.98,31.6,25.78,0.0153,0.2651,0,0.0,,2400.0,8.7642,78.1348
PAN-1,2024-02-22,summer,34.44,60.16,24.45,32.16,11.26,17.35,16.73,0.0,0,92.2,69.4,79.03,0.0,0.5189,0,0.0,,2400.0,8.7642,78.1348
PAN-1,2024-02-23,summer,31.07,54.44,26.99,1.09,8.97,16.27,17.84,0.0,0,14.2,23.5,18.02,0.0052,0.0748,0,0.0,,2400.0,8.7642,78.1348
PAN-1,2024-02-24,summer,29.55,60.8,29.43,6.68,9.24,15.92,18.23,0.0,0,5.43,14.6,5.68,0.0,0.0,0,0.0,,2400.0,8.7642,78.1348
PAN-1,2024-02-25,summer,32.63,54.5,22.91,0.0,11.49,14.68,19.78,0.0,1,52.13,36.8,50.94,0.0029,0.3712,0,0.0,,2400.0,8.7642,78.1348
PAN-1,2024-02-26,summer,32.12,70.62,24.35,3.17,9.93,14.22,20.42,0.0,0,47.41,49.6,45.07,0.0,0.3151,0,0.0,,2400.0,8.7642,78.1348
PAN-1,2024-02-27,summer,34.77,60.66,24.64,13.74,8.34,14.45,20.1,0.0,0,46.93,45.1,41.55,0.0011,0.2309,0,0.0,,2400.0,8.7642,78.1348
PAN-1,2024-02-28,summer,33.1,53.23,26.28,0.0,10.11,13.05,22.25,0.0,1,24.72,43.8,30.23,0.0056,0.3104,0,0.0,,2400.0,8.7642,78.1348
PAN-1,2024-02-29,summer,31.46,56.03,20.88,0.0,11.98,12.0,24.2,0.0,2,10.14,16.5,9.36,0.0161,0.2072,0,0.0,,2400.0,8.7642,78.1348
PAN-1,2024-03-01,summer,32.86,62.33,30.06,2.9,8.9,12.0,24.46,0.0,0,25.14,25.6,26.82,0.0186,0.3847,0,0.0,,2400.0,8.7642,78.1348
PAN-1,2024-03-02,summer,31.41,59.86,25.2,0.0,9.98,12.0,24.77,0.0,1,7.27,11.3,7.29,0.1027,0.2012,0,0.0,,2400.0,8.7642,78.1348
PAN-1,2024-03-03,summer,34.47,54.7,23.17,0.0,6.7,12.0,25.11,0.0,2,13.1,23.3,15.95,0.1815,0.1939,0,0.0,,2400.0,8.7642,78.1348
PAN-1,2024-03-04,summer,30.3,44.29,21.27,0.0,11.32,11.72,23.72,0.0,3,19.46,23.8,16.73,0.0081,0.2707,0,0.0,,2400.0,8.7642,78.1348
PAN-1,2024-03-05,summer,32.87,54.2,21.08,0.0,10.59,12.0,23.58,0.0,4,6.5,14.5,6.0,0.0,0.173,0,0.0,,2400.0,8.7642,78.1348
PAN-1,2024-03-06,summer,32.85,53.93,21.06,35.87,9.61,14.47,19.56,0.0,0,17.08,23.1,14.52,0.005,0.0737,0,0.0,,2400.0,8.7642,78.1348
PAN-1,2024-03-07,summer,32.49,48.23,19.61,0.0,9.11,13.33,21.24,0.0,1,103.24,96.3,95.52,0.0459,0.6306,0,0.0,,2400.0,8.7642,78.1348
PAN-1,2024-03-08,summer,33.1,45.92,20.1,0.0,8.02,12.12,23.36,0.0,2,0.0,4.6,0.0,0.0313,0.1111,0,0.0,,2400.0,8.7642,78.1348
PAN-1,2024-03-09,summer,33.57,57.93,15.17,0.0,10.92,12.0,23.81,0.0,3,17.58,24.1,18.12,0.0174,0.1899,0,0.0,,2400.0,8.7642,78.1348
PAN-1,2024-03-10,summer,29.22,54.59,17.12,12.53,12.63,12.4,23.03,0.0,0,0.81,15.2,0.0,0.0,0.038,0,0.0,,2400.0,8.7642,78.1348
PAN-1,2024-03-11,summer,33.2,44.82,13.66,5.25,9.44,12.0,23.81,0.0,0,14.64,23.7,17.61,0.0143,0.1861,0,0.0,,2400.0,8.7642,78.1348
PAN-1,2024-03-12,summer,32.04,36.03,16.77,0.0,11.01,12.0,24.19,0.0,1,14.94,19.4,17.17,0.0313,0.1884,0,0.0,,2400.0,8.7642,78.1348
PAN-1,2024-03-13,summer,29.65,35.73,14.5,0.0,12.26,12.0,24.5,0.0,2,0.31,11.2,0.0,0.0563,0.0428,0,0.0,,2400.0,8.7642,78.1348
PAN-1,2024-03-14,summer,33.1,36.79,10.45,6.95,10.43,12.0,24.58,0.0,0,0.0,12.9,0.0,0.0413,0.1407,0,0.0,,2400.0,8.7642,78.1348
PAN-1,2024-03-15,summer,30.64,40.76,12.15,0.0,11.85,12.0,24.85,0.0,1,9.48,12.0,10.09,0.0466,0.1544,0,0.0,,2400.0,8.7642,78.1348
PAN-1,2024-03-16,summer,35.37,36.97,10.78,3.02,10.78,12.0,25.09,0.0,0,1.34,8.7,1.87,0.0895,0.0172,0,0.0,,2400.0,8.7642,78.1348
PAN-1,2024-03-17,summer,30.96,39.56,7.46,0.0,11.13,11.85,24.53,0.0,1,0.0,12.1,0.0,0.0122,0.1254,0,0.0,,2400.0,8.7642,78.1348
PAN-1,2024-03-18,summer,32.9,34.72,11.53,0.0,10.75,12.0,24.58,0.0,2,0.0,2.6,0.0,0.0573,0.1083,0,0.0,,2400.0,8.7642,78.1348
PAN-1,2024-03-19,summer,33.24,43.87,4.5,0.0,8.53,12.0,24.73,0.0,3,0.0,13.8,0.0,0.154,0.0559,0,0.0,,2400.0,8.7642,78.1348
PAN-1,2024-03-20,summer,33.77,34.43,8.12,0.0,11.46,12.0,25.0,0.0,4,0.89,9.8,0.0,0.1463,0.1882,0,0.0,,2400.0,8.7642,78.1348
PAN-1,2024-03-21,summer,32.73,31.37,10.69,0.0,10.03,11.78,23.92,0.0,5,2.97,18.8,3.25,0.0352,0.1643,0,0.0,,2400.0,8.7642,78.1348
PAN-1,2024-03-22,summer,33.31,44.11,12.09,0.0,10.35,12.0,23.82,0.0,6,0.0,1.3,0.0,0.0248,0.1219,0,0.0,,2400.0,8.7642,78.1348
PAN-1,2024-03-23,summer,34.56,43.45,3.99,0.0,12.58,12.0,24.0,0.0,7,0.0,8.9,0.0,0.0,0.0513,0,0.0,,2400.0,8.7642,78.1348
PAN-1,2024-03-24,summer,33.04,20.68,4.04,0.0,13.0,12.0,24.23,0.0,8,14.04,15.7,14.28,0.0035,0.2095,0,0.0,,2400.0,8.7642,78.1348
PAN-1,2024-03-25,summer,32.04,36.86,8.13,0.0,10.36,12.0,24.46,0.0,9,1.88,6.0,1.01,0.0261,0.103,0,0.0,,2400.0,8.7642,78.1348
PAN-1,2024-03-26,summer,32.59,38.65,15.29,0.0,9.89,12.0,24.8,0.0,10,0.39,13.2,0.0,0.1097,0.0916,0,0.0,,2400.0,8.7642,78.1348
PAN-1,2024-03-27,summer,33.71,31.55,7.58,0.0,13.0,12.0,25.08,0.0,11,0.0,13.0,0.0,0.1137,0.1161,0,0.0,,2400.0,8.7642,78.1348
PAN-1,2024-03-28,summer,34.32,43.48,5.89,0.0,10.03,11.85,24.56,0.0,12,0.0,0.0,0.0,0.0647,0.1114,0,0.0,,2400.0,8.7642,78.1348
PAN-1,2024-03-29,summer,35.51,28.27,9.36,0.0,10.97,12.0,24.65,0.0,13,0.0,12.1,0.0,0.0215,0.0943,0,0.0,,2400.0,8.7642,78.1348
PAN-1,2024-03-30,summer,34.45,47.23,15.45,0.0,9.67,12.0,24.97,0.0,14,6.26,23.8,7.39,0.126,0.1263,0,0.0,,2400.0,8.7642,78.1348
PAN-1,2024-03-31,summer,34.99,43.43,4.6,0.0,12.25,12.0,25.16,0.0,15,0.0,6.3,0.0,0.1624,0.09,0,0.0,,2400.0,8.7642,78.1348
PAN-1,2024-04-01,summer,29.92,26.69,12.46,0.0,11.65,11.75,24.0,0.0,16,0.0,0.0,0.0,0.0883,0.0774,0,0.0,,2400.0,8.7642,78.1348
PAN-1,2024-04-02,summer,32.33,40.13,8.75,0.0,11.78,12.0,23.81,0.0,17,0.0,3.3,0.46,0.0,0.1413,0,0.0,,2400.0,8.7642,78.1348
PAN-1,2024-04-03,summer,34.76,38.14,4.26,0.0,10.07,12.0,24.0,0.0,18,1.02,10.5,1.52,0.0031,0.0632,0,0.0,,2400.0,8.7642,78.1348
PAN-1,2024-04-04,summer,36.86,34.7,12.42,0.0,10.6,12.0,24.41,0.0,19,3.2,7.8,4.9,0.1233,0.1851,0,0.0,,2400.0,8.7642,78.1348
PAN-1,2024-04-05,summer,35.38,32.0,10.96,0.0,10.32,12.0,24.76,0.0,20,1.99,3.2,1.53,0.0793,0.0885,0,0.0,,2400.0,8.7642,78.1348
PAN-1,2024-04-06,summer,34.43,31.66,8.43,4.82,9.87,12.0,24.9,0.0,0,0.99,5.7,0.0,0.1744,0.0,0,0.0,,2400.0,8.7642,78.1348
PAN-1,2024-04-07,summer,33.67,42.54,11.78,0.0,9.99,12.0,25.18,0.0,1,1.25,14.3,0.97,0.1198,0.1589,0,0.0,,2400.0,8.7642,78.1348
PAN-1,2024-04-08,summer,35.07,42.98,14.57,0.0,10.93,11.71,23.81,0.0,2,0.0,2.0,0.0,0.0,0.1707,0,0.0,,2400.0,8.7642,78.1348
PAN-1,2024-04-09,summer,32.01,39.65,12.88,0.0,12.2,12.0,23.63,0.0,3,0.13,18.5,0.0,0.0,0.1057,0,0.0,,2400.0,8.7642,78.1348
PAN-1,2024-04-10,summer,33.25,34.01,0.0,0.0,12.2,12.0,23.74,0.0,4,0.0,12.1,0.0,0.0105,0.1156,0,0.0,,2400.0,8.7642,78.1348
PAN-1,2024-04-11,summer,35.89,37.89,11.93,0.0,11.2,12.0,24.1,0.0,5,38.46,52.5,44.58,0.0,0.4043,0,0.0,,2400.0,8.7642,78.1348
PAN-1,2024-04-12,summer,34.86,25.07,9.33,0.0,10.98,12.0,24.45,0.0,6,5.96,8.7,6.36,0.0983,0.131,0,0.0,,2400.0,8.7642,78.1348
PAN-1,2024-04-13,summer,33.56,38.74,1.92,0.0,8.63,12.0,24.58,0.0,7,6.39,14.6,6.29,0.0979,0.1904,0,0.0,,2400.0,8.7642,78.1348
PAN-1,2024-04-14,summer,33.91,21.74,3.85,0.0,10.12,12.0,24.8,0.0,8,16.33,12.9,17.44,0.112,0.1516,0,0.0,,2400.0,8.7642,78.1348
PAN-1,2024-04-15,summer,34.19,39.62,7.03,0.0,11.53,12.0,25.04,0.0,9,0.17,1.4,0.0,0.0903,0.1109,0,0.0,,2400.0,8.7642,78.1348
PAN-1,2024-04-16,summer,36.73,40.82,6.4,0.0,12.6,11.8,24.16,0.0,10,7.87,17.8,8.41,0.0109,0.1845,0,0.0,,2400.0,8.7642,78.1348
PAN-1,2024-04-17,summer,37.32,39.24,10.7,0.0,8.94,12.0,24.15,0.0,11,0.0,5.0,0.0,0.0193,0.0656,0,0.0,,2400.0,8.7642,78.1348
PAN-1,2024-04-18,summer,31.87,40.82,11.04,0.0,11.85,12.0,24.42,0.0,12,7.81,8.8,7.59,0.0754,0.1707,0,0.0,,2400.0,8.7642,78.1348
PAN-1,2024-04-19,summer,35.65,31.62,1.16,0.0,11.82,12.0,24.58,0.0,13,1.4,13.3,0.0,0.0533,0.1262,0,0.0,,2400.0,8.7642,78.1348
PAN-1,2024-04-20,summer,39.45,35.61,4.44,0.0,11.77,12.0,24.85,0.0,14,0.0,10.0,0.0,0.0813,0.0328,0,0.0,,2400.0,8.7642,78.1348
PAN-1,2024-04-21,summer,34.31,28.93,7.49,0.0,11.54,12.0,25.14,0.0,15,0.29,19.7,0.0,0.1254,0.0604,0,0.0,,2400.0,8.7642,78.1348
PAN-1,2024-04-22,summer,34.24,21.12,10.06,0.0,10.47,11.71,23.74,0.0,16,5.51,14.1,6.31,0.0,0.1175,0,0.0,,2400.0,8.7642,78.1348
PAN-1,2024-04-23,summer,31.94,34.05,10.33,0.0,11.01,12.0,23.53,0.0,17,0.26,6.7,0.0,0.0,0.1656,0,0.0,,2400.0,8.7642,78.1348
PAN-1,2024-04-24,summer,33.16,26.09,3.46,6.67,9.56,12.04,23.46,0.0,0,0.39,18.9,0.0,0.0,0.0759,0,0.0,,2400.0,8.7642,78.1348
PAN-1,2024-04-25,summer,34.33,39.29,13.04,37.71,11.96,14.59,19.36,0.0,0,0.0,5.2,0.0,0.0226,0.0535,0,0.0,,2400.0,8.7642,78.1348
PAN-1,2024-04-26,summer,33.53,35.35,9.53,8.89,9.84,14.54,19.43,0.0,0,0.53,8.4,0.0,0.0394,0.1001,0,0.0,,2400.0,8.7642,78.1348
PAN-1,2024-04-27,summer,34.12,25.47,10.26,0.0,11.32,13.31,21.23,0.0,1,25.75,28.7,30.13,0.0,0.2714,0,0.0,,2400.0,8.7642,78.1348
PAN-1,2024-04-28,summer,33.75,30.54,15.79,0.0,11.21,12.0,23.61,0.0,2,0.0,2.0,0.0,0.0,0.0702,0,0.0,,2400.0,8.7642,78.1348
PAN-1,2024-04-29,summer,38.24,37.99,13.68,0.0,12.5,12.0,24.08,0.0,3,5.31,7.8,3.98,0.0,0.1296,0,0.0,,2400.0,8.7642,78.1348
PAN-1,2024-04-30,summer,36.33,39.85,14.0,0.0,11.4,12.0,24.49,0.0,4,0.82,3.5,0.0,0.0,0.1369,0,0.0,,2400.0,8.7642,78.1348
PAN-2,2021-01-01,other,22.08,62.75,18.62,13.9,10.38,14.94,3.5,0.0,0,21.52,23.7,17.19,0.0745,0.1895,0,0.0,,5000.0,21.7645,72.1519
PAN-2,2021-01-02,other,24.13,74.85,28.92,0.0,9.15,14.47,3.61,0.0,1,13.46,25.1,13.91,0.0,0.1273,0,0.0,,5000.0,21.7645,72.1519
PAN-2,2021-01-03,other,25.88,68.83,30.79,0.0,10.53,13.76,3.8,0.0,2,11.27,24.9,12.19,0.0,0.1116,0,0.0,,5000.0,21.7645,72.1519
PAN-2,2021-01-04,other,27.43,73.79,20.21,2.9,10.7,13.58,3.85,0.0,0,22.25,37.3,29.74,0.0055,0.1813,0,0.0,,5000.0,21.7645,72.1519
PAN-2,2021-01-05,other,29.38,78.14,26.07,0.0,9.42,13.07,4.0,0.0,1,27.82,30.0,28.65,0.0,0.2857,0,0.0,,5000.0,21.7645,72.1519
PAN-2,2021-01-06,other,26.89,74.45,29.39,15.33,8.76,14.04,3.72,0.0,0,70.18,55.4,60.0,0.0017,0.4246,0,0.0,,5000.0,21.7645,72.1519
PAN-2,2021-01-07,other,30.2,80.44,33.06,5.45,9.01,14.01,3.73,0.0,0,33.39,38.7,37.29,0.0,0.3349,0,0.0,,5000.0,21.7645,72.1519
PAN-2,2021-01-08,other,23.56,57.72,29.83,0.0,9.23,13.23,3.95,0.0,1,24.44,33.8,26.11,0.0,0.1813,0,0.0,,5000.0,21.7645,72.1519
PAN-2,2021-01-09,other,24.94,78.22,30.09,0.0,9.01,12.79,4.08,0.0,2,58.47,48.7,59.07,0.0,0.4269,0,0.0,,5000.0,21.7645,72.1519
PAN-2,2021-01-10,other,27.43,83.02,26.26,11.69,8.87,13.61,3.83,0.0,0,68.02,58.5,56.75,0.0,0.4826,0,0.0,,5000.0,21.7645,72.1519
PAN-2,2021-01-11,other,27.9,63.18,33.67,0.0,6.66,12.73,4.1,0.0,1,33.67,42.2,46.18,0.0261,0.3022,0,0.0,,5000.0,21.7645,72.1519
PAN-2,2021-01-12,other,27.09,76.98,27.44,1.75,10.07,12.4,4.21,0.0,0,71.82,57.2,60.99,0.0,0.3704,0,0.0,,5000.0,21.7645,72.1519
PAN-2,2021-01-13,other,26.65,71.29,28.98,0.0,9.09,12.0,4.41,0.0,1,64.76,46.0,52.05,0.0,0.38,0,0.0,,5000.0,21.7645,72.1519
PAN-2,2021-01-14,other,24.09,82.02,34.53,2.92,9.77,12.0,4.44,0.0,0,48.44,41.6,48.2,0.0,0.4008,0,0.0,,5000.0,21.7645,72.1519
PAN-2,2021-01-15,other,25.22,76.07,35.3,0.0,8.0,12.0,4.6,0.0,1,52.28,52.9,56.68,0.0,0.343,0,0.0,,5000.0,21.7645,72.1519
PAN-2,2021-01-16,other,28.87,71.74,32.18,3.24,9.8,12.0,4.73,0.0,0,23.81,21.3,24.71,0.0477,0.1712,0,0.0,,5000.0,21.7645,72.1519
PAN-2,2021-01-17,other,26.64,78.27,30.71,6.86,8.86,12.2,4.65,0.0,0,35.23,37.1,32.71,0.0675,0.2241,0,0.0,,5000.0,21.7645,72.1519
PAN-2,2021-01-18,other,24.82,77.87,33.69,0.0,8.52,12.0,4.81,0.0,1,33.76,35.6,36.6,0.0231,0.2256,0,0.0,,5000.0,21.7645,72.1519
PAN-2,2021-01-19,other,26.85,74.77,36.85,4.91,8.65,12.0,4.86,0.0,0,40.19,47.2,48.83,0.0523,0.3054,0,0.0,,5000.0,21.7645,72.1519
PAN-2,2021-01-20,other,29.32,74.32,35.58,11.25,9.48,12.34,4.72,0.0,0,43.65,43.9,42.11,0.0604,0.3782,0,0.0,,5000.0,21.7645,72.1519
PAN-2,2021-01-21,other,26.87,81.9,35.6,0.5,8.21,12.0,4.89,0.0,1,18.86,32.2,19.46,0.0,0.2284,0,0.0,,5000.0,21.7645,72.1519
PAN-2,2021-01-22,other,28.61,76.03,38.17,0.0,9.29,12.0,5.11,0.0,2,38.1,64.6,47.65,0.0,0.3517,0,0.0,,5000.0,21.7645,72.1519
PAN-2,2021-01-23,other,27.7,71.48,39.31,7.5,8.82,12.0,5.14,0.0,0,44.36,38.0,40.41,0.0,0.3277,0,0.0,,5000.0,21.7645,72.1519
PAN-2,2021-01-24,other,26.34,66.09,38.5,7.54,11.77,12.0,5.21,0.0,0,30.93,36.0,34.1,0.027,0.2501,0,0.0,,5000.0,21.7645,72.1519
PAN-2,2021-01-25,other,30.71,71.23,28.98,0.0,8.35,12.0,5.43,0.0,1,7.45,20.7,7.12,0.0157,0.0864,0,0.0,,5000.0,21.7645,72.1519
PAN-2,2021-01-26,other,26.2,73.85,32.77,5.11,8.21,12.0,5.45,0.0,0,51.97,43.0,51.42,0.024,0.4345,0,0.0,,5000.0,21.7645,72.1519
PAN-2,2021-01-27,other,30.14,78.03,34.22,0.0,9.16,12.0,5.65,0.0,1,36.31,35.3,32.42,0.0073,0.2285,0,0.0,,5000.0,21.7645,72.1519
PAN-2,2021-01-28,other,27.69,78.98,32.62,0.0,9.01,12.0,5.8,0.0,2,66.15,53.0,59.12,0.023,0.5279,0,0.0,,5000.0,21.7645,72.1519
PAN-2,2021-01-29,other,28.44,67.78,30.12,0.0,8.47,12.0,6.03,0.0,3,75.5,80.4,75.45,0.0248,0.5685,0,0.0,,5000.0,21.7645,72.1519
PAN-2,2021-01-30,other,30.18,67.2,38.85,0.0,10.8,12.0,6.38,0.0,4,22.52,29.5,23.01,0.0376,0.2208,0,0.0,,5000.0,21.7645,72.1519
PAN-2,2021-01-31,other,25.29,77.6,35.3,2.61,9.54,12.0,6.46,0.0,0,46.58,53.1,48.95,0.0438,0.3397,0,0.0,,5000.0,21.7645,72.1519
PAN-2,2021-02-01,summer,27.02,70.93,27.06,12.48,9.98,12.62,6.14,0.0,0,38.18,32.5,38.88,0.0367,0.2561,0,0.0,,5000.0,21.7645,72.1519
PAN-2,2021-02-02,summer,29.48,82.91,35.01,0.0,9.89,12.09,6.41,0.0,1,14.1,13.7,11.69,0.0,0.0935,0,0.0,,5000.0,21.7645,72.1519
PAN-2,2021-02-03,summer,30.3,80.18,37.34,8.42,8.45,12.29,6.3,0.0,0,51.65,57.6,51.82,0.0066,0.3401,0,0.0,,5000.0,21.7645,72.1519
PAN-2,2021-02-04,summer,32.97,74.84,31.88,0.0,9.49,12.0,6.62,0.0,1,21.76,33.6,25.52,0.0017,0.1509,0,0.0,,5000.0,21.7645,72.1519
PAN-2,2021-02-05,summer,26.86,70.33,38.47,0.0,9.78,12.0,6.87,0.0,2,34.13,41.5,34.9,0.0,0.2704,0,0.0,,5000.0,21.7645,72.1519
PAN-2,2021-02-06,summer,30.86,71.09,32.44,8.53,12.71,12.0,6.91,0.0,0,60.39,55.7,63.92,0.0,0.5437,0,0.0,,5000.0,21.7645,72.1519
PAN-2,2021-02-07,summer,29.3,69.74,35.77,1.72,9.32,12.0,7.13,0.0,0,22.69,27.3,21.42,0.0,0.1445,0,0.0,,5000.0,21.7645,72.1519
PAN-2,2021-02-08,summer,23.48,65.37,27.01,0.0,9.56,12.0,7.3,0.0,1,50.65,60.1,54.91,0.0272,0.3657,0,0.0,,5000.0,21.7645,72.1519
PAN-2,2021-02-09,summer,29.7,79.07,37.42,10.17,8.0,12.37,7.08,0.0,0,50.69,51.9,50.32,0.0,0.3889,0,0.0,,5000.0,21.7645,72.1519
PAN-2,2021-02-10,summer,29.59,74.94,33.9,0.0,9.42,12.0,7.41,0.0,1,97.96,83.0,81.91,0.0489,0.5861,0,0.0,,5000.0,21.7645,72.1519
PAN-2,2021-02-11,summer,29.13,72.43,35.76,30.78,7.68,14.3,6.22,0.0,0,16.91,23.7,20.01,0.0489,0.2137,0,0.0,,5000.0,21.7645,72.1519
PAN-2,2021-02-12,summer,28.48,66.67,31.53,1.67,9.06,13.61,6.54,0.0,0,100.64,78.6,98.92,0.0,0.527,0,0.0,,5000.0,21.7645,72.1519
PAN-2,2021-02-13,summer,26.16,66.04,35.38,0.0,9.79,12.75,6.98,0.0,1,32.17,28.1,27.97,0.0,0.1514,0,0.0,,5000.0,21.7645,72.1519
PAN-2,2021-02-14,summer,27.04,53.09,27.51,0.0,9.95,12.0,7.5,0.0,2,90.46,86.7,98.69,0.0,0.6744,0,0.0,,5000.0,21.7645,72.1519
PAN-2,2021-02-15,summer,28.55,62.89,43.62,4.8,8.41,12.0,7.72,0.0,0,21.01,29.0,18.95,0.039,0.159,0,0.0,,5000.0,21.7645,72.1519
PAN-2,2021-02-16,summer,31.63,80.94,35.31,8.48,7.11,12.25,7.56,0.0,0,30.49,43.7,42.38,0.0,0.2688,0,0.0,,5000.0,21.7645,72.1519
PAN-2,2021-02-17,summer,29.43,64.87,33.65,0.0,8.32,12.0,7.93,0.0,1,28.18,27.0,25.73,0.0,0.227,0,0.0,,5000.0,21.7645,72.1519
PAN-2,2021-02-18,summer,30.2,62.72,37.51,0.0,10.5,12.0,8.31,0.0,2,50.28,41.6,44.56,0.0,0.3198,0,0.0,,5000.0,21.7645,72.1519
PAN-2,2021-02-19,summer,33.41,66.98,31.79,3.08,7.38,12.0,8.53,0.0,0,47.94,49.4,43.99,0.0,0.2849,0,0.0,,5000.0,21.7645,72.1519
PAN-2,2021-02-20,summer,31.15,65.82,25.72,6.68,10.4,12.0,8.6,0.0,0,62.82,58.3,56.97,0.0198,0.3381,0,0.0,,5000.0,21.7645,72.1519
PAN-2,2021-02-21,summer,27.92,61.0,34.11,0.0,9.7,12.0,8.91,0.0,1,28.27,33.2,22.46,0.0499,0.1672,0,0.0,,5000.0,21.7645,72.1519
PAN-2,2021-02-22,summer,29.34,54.75,16.36,0.0,9.88,12.0,9.13,0.0,2,30.43,24.0,30.71,0.0498,0.2745,0,0.0,,5000.0,21.7645,72.1519
PAN-2,2021-02-23,summer,30.26,61.26,34.44,0.0,11.36,12.0,9.51,0.0,3,35.98,43.9,31.45,0.0,0.3162,0,0.0,,5000.0,21.7645,72.1519
PAN-2,2021-02-24,summer,26.44,59.25,22.26,0.0,9.71,12.0,9.72,0.0,4,20.46,18.0,26.95,0.0,0.2032,0,0.0,,5000.0,21.7645,72.1519
PAN-2,2021-02-25,summer,30.24,59.81,27.46,0.0,11.16,12.0,10.04,0.0,5,10.81,19.9,10.91,0.0,0.1235,0,0.0,,5000.0,21.7645,72.1519
PAN-2,2021-02-26,summer,29.69,49.38,28.33,5.68,12.03,12.0,10.29,0.0,0,18.26,23.6,18.49,0.0,0.1303,0,0.0,,5000.0,21.7645,72.1519
PAN-2,2021-02-27,summer,28.7,61.83,18.9,33.92,9.76,14.72,8.39,0.0,0,27.27,40.3,30.91,0.0062,0.2417,0,0.0,,5000.0,21.7645,72.1519
PAN-2,2021-02-28,summer,29.29,56.71,23.04,0.0,11.34,13.74,8.99,0.0,1,28.05,24.1,26.46,0.0084,0.1677,0,0.0,,5000.0,21.7645,72.1519
PAN-2,2021-03-01,summer,32.9,57.73,28.98,0.0,10.35,12.37,9.98,0.0,2,19.05,26.4,17.89,0.0131,0.1402,0,0.0,,5000.0,21.7645,72.1519
PAN-2,2021-03-02,summer,30.58,48.13,22.15,0.0,9.64,12.0,10.52,0.0,3,12.69,26.5,18.59,0.0,0.1612,0,0.0,,5000.0,21.7645,72.1519
PAN-2,2021-03-03,summer,30.68,45.34,20.2,0.0,10.34,12.0,10.86,0.0,4,57.59,54.6,63.36,0.0,0.4758,0,0.0,,5000.0,21.7645,72.1519
PAN-2,2021-03-04,summer,33.48,44.75,25.82,0.0,10.43,12.0,11.35,0.0,5,15.59,18.6,15.85,0.0128,0.1005,0,0.0,,5000.0,21.7645,72.1519
PAN-2,2021-03-05,summer,30.13,57.88,17.43,0.0,9.61,12.0,11.57,0.0,6,5.8,13.1,6.45,0.0229,0.056,0,0.0,,5000.0,21.7645,72.1519
PAN-2,2021-03-06,summer,31.94,42.65,21.79,0.0,10.46,12.0,11.98,0.0,7,0.0,0.0,0.0,0.0163,0.0502,0,0.0,,5000.0,21.7645,72.1519
PAN-2,2021-03-07,summer,30.93,52.04,19.1,0.0,10.65,12.0,12.27,0.0,8,24.73,18.8,19.45,0.0,0.1046,0,0.0,,5000.0,21.7645,72.1519
PAN-2,2021-03-08,summer,30.33,41.44,14.22,0.0,11.08,12.0,12.55,0.0,9,12.38,24.5,12.03,0.0,0.1136,0,0.0,,5000.0,21.7645,72.1519
PAN-2,2021-03-09,summer,34.03,48.5,21.61,0.0,10.03,12.0,12.95,0.0,10,17.42,39.9,19.04,0.0,0.2137,0,0.0,,5000.0,21.7645,72.1519
PAN-2,2021-03-10,summer,32.58,50.21,12.57,0.0,10.53,12.0,13.2,0.0,11,20.98,17.4,20.93,0.0406,0.2638,0,0.0,,5000.0,21.7645,72.1519
PAN-2,2021-03-11,summer,32.19,38.16,16.2,0.0,10.07,12.0,13.55,0.0,12,0.0,1.3,0.0,0.0,0.075,0,0.0,,5000.0,21.7645,72.1519
PAN-2,2021-03-12,summer,31.67,48.55,15.58,0.0,10.64,12.0,13.83,0.0,13,15.5,24.9,13.4,0.0219,0.1295,0,0.0,,5000.0,21.7645,72.1519
PAN-2,2021-03-13,summer,34.15,39.32,18.39,0.0,8.49,12.0,14.23,0.0,14,4.18,18.7,4.86,0.0466,0.1614,0,0.0,,5000.0,21.7645,72.1519
PAN-2,2021-03-14,summer,32.69,47.75,6.66,0.0,11.24,12.0,14.41,0.0,15,12.38,26.2,12.79,0.0,0.1519,0,0.0,,5000.0,21.7645,72.1519
PAN-2,2021-03-15,summer,29.57,44.04,14.68,0.0,10.48,12.0,14.67,0.0,16,0.0,2.5,0.0,0.1033,0.0633,0,0.0,,5000.0,21.7645,72.1519
PAN-2,2021-03-16,summer,32.25,49.02,13.8,0.0,10.53,12.0,14.93,0.0,17,0.25,9.7,0.0,0.0775,0.0132,0,0.0,,5000.0,21.7645,72.1519
PAN-2,2021-03-17,summer,33.3,28.47,5.84,0.0,12.08,12.0,15.18,0.0,18,0.81,7.6,0.0,0.0,0.0752,0,0.0,,5000.0,21.7645,72.1519
PAN-2,2021-03-18,summer,30.46,52.44,8.62,0.0,11.71,12.0,15.35,0.0,19,0.0,23.8,0.0,0.0018,0.1304,0,0.0,,5000.0,21.7645,72.1519
PAN-2,2021-03-19,summer,30.97,43.99,5.02,0.0,11.96,12.0,15.51,0.0,20,0.0,14.9,0.0,0.0,0.0,0,0.0,,5000.0,21.7645,72.1519
PAN-2,2021-03-20,summer,31.68,34.7,14.77,0.0,12.49,12.0,15.88,0.0,21,12.94,19.4,14.93,0.0,0.1783,0,0.0,,5000.0,21.7645,72.1519
PAN-2,2021-03-21,summer,32.91,44.1,8.97,0.0,9.54,12.0,16.1,0.0,22,2.1,10.4,1.95,0.0,0.0803,0,0.0,,5000.0,21.7645,72.1519
PAN-2,2021-03-22,summer,33.5,35.1,11.77,0.0,11.7,12.0,16.44,0.0,23,0.0,3.9,0.0,0.0,0.0626,0,0.0,,5000.0,21.7645,72.1519
PAN-2,2021-03-23,summer,31.91,38.65,17.24,0.0,10.51,12.0,16.8,0.0,24,0.97,10.2,1.91,0.0,0.0489,0,0.0,,5000.0,21.7645,72.1519
PAN-2,2021-03-24,summer,33.97,38.93,9.86,0.0,10.89,12.0,17.08,0.0,25,0.74,12.0,0.0,0.0516,0.0226,0,0.0,,5000.0,21.7645,72.1519
PAN-2,2021-03-25,summer,33.77,31.41,5.72,0.0,10.55,12.0,17.31,0.0,26,16.67,24.3,16.08,0.0241,0.1541,0,0.0,,5000.0,21.7645,72.1519
PAN-2,2021-03-26,summer,33.92,37.62,9.69,0.0,10.21,12.0,17.59,0.0,27,1.77,14.4,0.0,0.0,0.0014,0,0.0,,5000.0,21.7645,72.1519
PAN-2,2021-03-27,summer,32.66,42.15,6.21,0.0,9.26,12.0,17.77,0.0,28,0.0,3.8,0.0,0.0,0.0708,0,0.0,,5000.0,21.7645,72.1519
PAN-2,2021-03-28,summer,33.15,34.54,12.23,0.0,10.45,12.0,18.1,0.0,29,0.0,1.2,0.0,0.0,0.0,0,0.0,,5000.0,21.7645,72.1519
PAN-2,2021-03-29,summer,31.1,33.31,15.53,0.0,12.41,12.0,18.47,0.0,30,32.18,35.6,30.85,0.0,0.2046,0,0.0,,5000.0,21.7645,72.1519
PAN-2,2021-03-30,summer,33.56,34.98,10.48,0.0,9.51,12.0,18.76,0.0,31,0.47,7.7,0.0,0.06,0.0,0,0.0,,5000.0,21.7645,72.1519
PAN-2,2021-03-31,summer,29.35,43.8,4.75,0.0,9.64,12.0,18.89,0.0,32,0.0,11.4,0.0,0.0,0.0266,0,0.0,,5000.0,21.7645,72.1519
PAN-2,2021-04-01,summer,33.24,40.2,5.98,0.0,13.0,12.0,19.1,0.0,33,0.57,16.1,0.0,0.0024,0.0591,0,0.0,,5000.0,21.7645,72.1519
PAN-2,2021-04-02,summer,32.94,34.0,13.13,0.0,11.99,12.0,19.46,0.0,34,26.21,25.1,21.89,0.0146,0.1898,0,0.0,,5000.0,21.7645,72.1519
PAN-2,2021-04-03,summer,34.41,41.47,11.94,0.0,10.38,12.0,19.77,0.0,35,1.65,24.0,0.94,0.0411,0.0777,0,0.0,,5000.0,21.7645,72.1519
PAN-2,2021-04-04,summer,35.42,33.71,9.05,0.0,10.27,12.0,20.08,0.0,36,0.78,7.2,0.0,0.0,0.0,0,0.0,,5000.0,21.7645,72.1519
PAN-2,2021-04-05,summer,34.73,34.94,5.08,0.0,10.22,12.0,20.29,0.0,37,10.7,22.2,9.71,0.0,0.1667,0,0.0,,5000.0,21.7645,72.1519
PAN-2,2021-04-06,summer,34.18,26.48,12.32,0.0,9.77,12.0,20.67,0.0,38,0.38,9.4,0.0,0.036,0.0855,0,0.0,,5000.0,21.7645,72.1519
PAN-2,2021-04-07,summer,32.64,35.7,10.28,0.0,10.21,12.0,20.95,0.0,39,0.36,26.5,0.0,0.0263,0.0,0,0.0,,5000.0,21.7645,72.1519
PAN-2,2021-04-08,summer,36.04,40.25,7.81,0.0,10.8,12.0,21.22,0.0,40,1.08,1.6,0.0,0.0,0.1098,0,0.0,,5000.0,21.7645,72.1519
PAN-2,2021-04-09,summer,34.05,34.24,10.88,0.0,12.3,12.0,21.56,0.0,41,1.36,0.0,0.0,0.0196,0.0342,0,0.0,,5000.0,21.7645,72.1519
PAN-2,2021-04-10,summer,33.39,46.65,8.45,0.0,10.43,12.0,21.77,0.0,42,6.95,18.1,6.3,0.0837,0.2,0,0.0,,5000.0,21.7645,72.1519
PAN-2,2021-04-11,summer,32.24,33.76,11.12,0.0,11.45,12.0,22.07,0.0,43,0.0,6.0,0.0,0.0193,0.0439,0,0.0,,5000.0,21.7645,72.1519
PAN-2,2021-04-12,summer,36.96,36.69,7.01,0.0,9.57,12.0,22.34,0.0,44,0.0,1.8,0.0,0.0,0.0558,0,0.0,,5000.0,21.7645,72.1519
PAN-2,2021-04-13,summer,35.68,30.44,7.95,0.0,12.12,12.0,22.66,0.0,45,0.0,8.3,0.0,0.0,0.0758,0,0.0,,5000.0,21.7645,72.1519
PAN-2,2021-04-14,summer,35.16,30.78,9.16,0.0,9.72,12.0,22.97,0.0,46,0.15,4.5,0.0,0.0,0.0499,0,0.0,,5000.0,21.7645,72.1519
PAN-2,2021-04-15,summer,38.02,15.21,14.48,0.0,10.53,12.0,23.59,0.0,47,0.0,4.1,0.0,0.0208,0.1169,0,0.0,,5000.0,21.7645,72.1519
PAN-2,2021-04-16,summer,33.89,27.49,11.44,0.0,12.33,12.0,23.97,0.0,48,0.0,9.3,0.0,0.0103,0.0932,0,0.0,,5000.0,21.7645,72.1519
PAN-2,2021-04-17,summer,31.54,33.92,0.18,0.0,11.89,12.0,24.08,0.0,49,0.0,16.5,0.0,0.0,0.155,0,0.0,,5000.0,21.7645,72.1519
PAN-2,2021-04-18,summer,33.66,26.88,7.26,0.0,13.0,12.0,24.38,0.0,50,0.5,0.0,0.0,0.0576,0.1508,0,0.0,,5000.0,21.7645,72.1519
PAN-2,2021-04-19,summer,31.49,35.34,8.21,0.0,10.67,12.0,24.61,0.0,51,7.59,5.1,7.47,0.0978,0.1899,0,0.0,,5000.0,21.7645,72.1519
PAN-2,2021-04-20,summer,31.54,34.6,4.24,0.0,13.0,12.0,24.79,0.0,52,0.41,4.0,0.0,0.0749,0.0914,0,0.0,,5000.0,21.7645,72.1519
PAN-2,2021-04-21,summer,32.0,33.47,11.3,0.0,10.98,12.0,25.09,0.0,53,0.0,16.0,0.0,0.1465,0.1432,0,0.0,,5000.0,21.7645,72.1519
PAN-2,2021-04-22,summer,35.36,32.77,5.58,0.0,11.64,11.81,24.28,0.0,54,0.46,4.3,0.0,0.0264,0.1213,0,0.0,,5000.0,21.7645,72.1519
PAN-2,2021-04-23,summer,34.66,29.7,0.0,0.0,10.94,12.0,24.08,0.0,55,0.42,10.8,0.0,0.0273,0.0932,0,0.0,,5000.0,21.7645,72.1519
PAN-2,2021-04-24,summer,34.48,34.86,6.8,0.0,11.67,12.0,24.33,0.0,56,0.0,0.0,0.0,0.0,0.1278,0,0.0,,5000.0,21.7645,72.1519
PAN-2,2021-04-25,summer,35.84,40.74,5.99,0.0,8.3,12.0,24.54,0.0,57,9.05,16.7,8.14,0.0572,0.1004,0,0.0,,5000.0,21.7645,72.1519
PAN-2,2021-04-26,summer,34.85,36.44,1.67,7.84,12.68,12.25,24.04,0.0,0,1.58,6.6,1.64,0.0083,0.0916,0,0.0,,5000.0,21.7645,72.1519
PAN-2,2021-04-27,summer,33.53,33.29,1.63,0.0,13.0,12.0,24.62,0.0,1,0.0,4.5,0.0,0.1457,0.1216,0,0.0,,5000.0,21.7645,72.1519
PAN-2,2021-04-28,summer,34.09,36.1,7.46,0.0,13.0,12.0,24.89,0.0,2,0.0,5.8,0.0,0.1167,0.046,0,0.0,,5000.0,21.7645,72.1519
PAN-2,2021-04-29,summer,33.54,29.55,2.73,0.0,11.1,12.0,25.06,0.0,3,0.47,4.2,0.0,0.0718,0.1026,0,0.0,,5000.0,21.7645,72.1519
PAN-2,2021-04-30,summer,33.73,35.68,5.32,0.0,12.1,11.84,24.42,0.0,4,0.0,10.3,0.0,0.0003,0.1046,0,0.0,,5000.0,21.7645,72.1519
PAN-2,2021-05-01,summer,32.16,45.22,12.59,0.0,12.32,12.0,24.42,0.0,5,0.0,5.0,0.0,0.0849,0.1023,0,0.0,,5000.0,21.7645,72.1519
PAN-2,2021-05-02,summer,32.4,40.04,10.83,0.0,11.58,12.0,24.69,0.0,6,5.98,25.2,5.54,0.1276,0.1479,0,0.0,,5000.0,21.7645,72.1519
PAN-2,2021-05-03,summer,36.82,41.04,11.15,0.0,10.9,12.0,25.03,0.0,7,0.71,8.2,0.0,0.1455,0.0447,0,0.0,,5000.0,21.7645,72.1519
PAN-2,2021-05-04,summer,32.51,29.33,10.31,0.0,11.21,11.77,23.9,0.0,8,0.0,7.1,0.0,0.0,0.1133,0,0.0,,5000.0,21.7645,72.1519
PAN-2,2021-05-05,summer,32.01,29.72,16.27,0.0,11.46,12.0,23.92,0.0,9,0.74,14.6,0.25,0.0314,0.0054,0,0.0,,5000.0,21.7645,72.1519
PAN-2,2021-05-06,summer,31.37,41.78,6.14,0.0,11.76,12.0,24.1,0.0,10,26.31,23.7,28.85,0.0281,0.3299,0,0.0,,5000.0,21.7645,72.1519
PAN-2,2021-05-07,summer,36.15,27.36,5.37,0.0,10.39,12.0,24.36,0.0,11,0.0,15.3,0.0,0.0681,0.1888,0,0.0,,5000.0,21.7645,72.1519
PAN-2,2021-05-08,summer,36.47,34.94,5.01,0.0,9.66,12.0,24.59,0.0,12,12.46,22.4,13.67,0.0582,0.1726,0,0.0,,5000.0,21.7645,72.1519
PAN-2,2021-05-09,summer,33.9,30.1,16.24,0.0,10.96,12.0,24.84,0.0,13,0.88,0.0,0.0,0.12,0.1347,0,0.0,,5000.0,21.7645,72.1519
PAN-2,2021-05-10,summer,34.65,26.96,9.74,0.0,10.34,12.0,25.18,0.0,14,0.0,10.5,0.0,0.1328,0.1187,0,0.0,,5000.0,21.7645,72.1519
PAN-2,2021-05-11,summer,32.85,36.99,13.32,0.0,9.04,11.75,24.07,0.0,15,0.35,5.6,0.0,0.0096,0.048,0,0.0,,5000.0,21.7645,72.1519
PAN-2,2021-05-12,summer,32.99,34.18,1.75,0.0,10.15,12.0,23.78,0.0,16,0.0,3.9,0.0,0.0926,0.0749,0,0.0,,5000.0,21.7645,72.1519
PAN-2,2021-05-13,summer,32.9,33.55,2.74,17.93,8.29,13.3,21.45,0.0,0,0.9,25.4,0.0,0.0187,0.0,0,0.0,,5000.0,21.7645,72.1519
PAN-2,2021-05-14,summer,33.31,46.53,7.08,0.0,11.98,12.61,22.63,0.0,1,0.23,9.7,0.0,0.0,0.0655,0,0.0,,5000.0,21.7645,72.1519
PAN-2,2021-05-15,summer,35.78,27.78,9.23,0.0,11.23,12.0,23.96,0.0,2,0.0,18.0,0.0,0.0,0.1655,0,0.0,,5000.0,21.7645,72.1519
PAN-2,2021-05-16,summer,36.73,40.3,11.82,0.0,10.73,12.0,24.32,0.0,3,0.0,3.1,0.0,0.0294,0.0901,0,0.0,,5000.0,21.7645,72.1519
PAN-2,2021-05-17,summer,31.84,39.07,0.08,11.34,11.9,12.8,22.8,0.0,0,17.1,36.4,23.56,0.0,0.2824,0,0.0,,5000.0,21.7645,72.1519
PAN-2,2021-05-18,summer,28.12,35.32,11.79,0.0,11.04,12.0,24.33,0.0,1,0.24,4.4,0.0,0.131,0.093,0,0.0,,5000.0,21.7645,72.1519
PAN-2,2021-05-19,summer,34.82,24.14,5.53,0.0,12.2,12.0,24.61,0.0,2,11.68,18.9,12.68,0.0864,0.2235,0,0.0,,5000.0,21.7645,72.1519
PAN-2,2021-05-20,summer,32.12,36.0,3.92,0.0,12.67,12.0,24.79,0.0,3,4.2,14.7,3.74,0.1261,0.0956,0,0.0,,5000.0,21.7645,72.1519
PAN-2,2021-05-21,summer,31.87,44.41,7.22,0.0,9.62,12.0,24.97,0.0,4,2.17,12.6,3.02,0.1422,0.199,0,0.0,,5000.0,21.7645,72.1519
PAN-2,2021-05-22,summer,33.05,46.09,10.33,0.0,10.88,12.0,25.21,0.0,5,1.05,16.1,0.0,0.1738,0.1445,0,0.0,,5000.0,21.7645,72.1519
PAN-2,2021-05-23,summer,32.97,40.8,4.03,0.0,8.56,11.88,24.92,0.0,6,5.34,8.0,6.28,0.0548,0.135,0,0.0,,5000.0,21.7645,72.1519
PAN-2,2021-05-24,summer,36.48,31.7,8.51,0.0,10.57,12.0,25.03,0.0,7,35.95,27.0,31.98,0.1567,0.2743,0,0.0,,5000.0,21.7645,72.1519
PAN-2,2021-05-25,summer,34.83,36.23,5.92,0.0,12.62,11.82,24.24,0.0,8,10.74,18.0,8.84,0.0205,0.1581,0,0.0,,5000.0,21.7645,72.1519
PAN-2,2021-05-26,summer,30.02,33.73,12.96,4.5,11.31,12.0,24.09,0.0,0,2.42,11.3,1.51,0.0,0.1615,0,0.0,,5000.0,21.7645,72.1519
PAN-2,2021-05-27,summer,32.26,39.22,4.89,0.0,10.09,12.0,24.26,0.0,1,0.0,16.9,0.0,0.0168,0.2119,0,0.0,,5000.0,21.7645,72.1519
PAN-2,2021-05-28,summer,31.64,35.06,2.93,0.0,10.76,12.0,24.41,0.0,2,17.36,31.5,15.65,0.0522,0.1899,0,0.0,,5000.0,21.7645,72.1519
PAN-2,2021-05-29,summer,35.96,39.25,3.14,0.0,10.57,12.0,24.59,0.0,3,15.01,22.3,16.87,0.0639,0.2797,0,0.0,,5000.0,21.7645,72.1519
PAN-2,2021-05-30,summer,33.29,36.35,3.78,0.0,9.4,12.0,24.75,0.0,4,0.0,9.0,0.0,0.0646,0.0576,0,0.0,,5000.0,21.7645,72.1519
PAN-2,2021-05-31,summer,31.14,37.91,11.34,0.0,10.94,12.0,25.02,0.0,5,0.0,7.2,0.0,0.12,0.0836,0,0.0,,5000.0,21.7645,72.1519
PAN-2,2021-06-01,summer,33.59,30.39,6.4,0.0,10.86,11.82,24.23,0.0,6,0.0,16.3,0.0,0.0216,0.1506,0,0.0,,5000.0,21.7645,72.1519
PAN-2,2021-06-02,summer,33.14,36.02,10.5,0.0,10.05,12.0,24.2,0.0,7,0.2,6.5,0.0,0.0048,0.0344,0,0.0,,5000.0,21.7645,72.1519
PAN-2,2021-06-03,summer,31.83,31.87,2.34,0.0,10.11,12.0,24.34,0.0,8,0.0,0.0,0.0,0.0042,0.1475,0,0.0,,5000.0,21.7645,72.1519
PAN-2,2021-06-04,summer,30.62,41.22,9.77,0.0,12.08,12.0,24.57,0.0,9,0.88,2.8,0.0,0.0332,0.0976,0,0.0,,5000.0,21.7645,72.1519
PAN-2,2021-06-05,summer,31.81,36.7,12.75,0.0,10.64,12.0,24.87,0.0,10,16.54,15.5,12.83,0.0825,0.1595,0,0.0,,5000.0,21.7645,72.1519
PAN-2,2021-06-06,summer,31.41,42.59,2.62,0.0,11.62,12.0,25.0,0.0,11,2.73,13.2,3.58,0.0756,0.1726,0,0.0,,5000.0,21.7645,72.1519
PAN-2,2021-06-07,summer,32.05,35.58,0.0,0.0,9.59,11.93,24.96,0.0,12,0.0,0.0,0.0,0.0726,0.2002,0,0.0,,5000.0,21.7645,72.1519
PAN-2,2021-06-08,summer,34.33,36.09,14.7,0.0,9.85,12.0,25.21,0.0,13,0.47,10.5,0.0,0.1117,0.142,0,0.0,,5000.0,21.7645,72.1519
PAN-2,2021-06-09,summer,31.44,31.48,10.38,0.0,12.05,11.76,24.2,0.0,14,6.48,23.9,7.03,0.0037,0.1214,0,0.0,,5000.0,21.7645,72.1519
PAN-2,2021-06-10,summer,31.74,36.41,6.37,0.0,11.12,12.0,23.99,0.0,15,11.27,22.7,10.35,0.0555,0.2197,0,0.0,,5000.0,21.7645,72.1519
PAN-2,2021-06-11,summer,30.91,44.52,9.28,0.0,11.03,12.0,24.2,0.0,16,0.0,11.2,0.0,0.0366,0.1524,0,0.0,,5000.0,21.7645,72.1519
PAN-2,2021-06-12,summer,33.12,34.57,11.03,0.0,12.17,12.0,24.52,0.0,17,0.0,0.0,0.0,0.1406,0.2048,0,0.0,,5000.0,21.7645,72.1519
PAN-2,2021-06-13,summer,33.62,48.24,8.01,0.0,12.01,12.0,24.73,0.0,18,15.09,18.6,16.21,0.1106,0.2254,0,0.0,,5000.0,21.7645,72.1519
PAN-2,2021-06-14,summer,31.56,43.71,4.49,0.0,10.62,12.0,24.88,0.0,19,0.45,3.1,0.0,0.0925,0.0576,0,0.0,,5000.0,21.7645,72.1519
PAN-2,2021-06-15,summer,32.5,39.94,9.59,0.0,11.87,12.0,25.14,0.0,20,14.1,27.3,14.86,0.1014,0.1465,0,0.0,,5000.0,21.7645,72.1519
PAN-2,2021-06-16,summer,30.46,41.27,15.65,0.0,9.95,11.77,24.12,0.0,21,0.0,0.0,0.0,0.046,0.0988,0,0.0,,5000.0,21.7645,72.1519
PAN-2,2021-06-17,summer,34.76,43.05,0.98,0.0,11.51,12.0,23.85,0.0,22,0.06,14.7,0.0,0.0334,0.0,0,0.0,,5000.0,21.7645,72.1519
PAN-2,2021-06-18,summer,33.5,39.93,10.55,0.0,11.6,12.0,24.14,0.0,23,13.08,27.1,13.41,0.0209,0.3004,0,0.0,,5000.0,21.7645,72.1519
PAN-2,2021-06-19,summer,33.04,45.18,7.18,0.0,12.24,12.0,24.35,0.0,24,0.24,21.9,0.78,0.0227,0.0193,0,0.0,,5000.0,21.7645,72.1519
PAN-2,2021-06-20,summer,29.6,26.55,14.6,0.0,9.75,12.0,24.68,0.0,25,24.3,26.9,22.13,0.1158,0.267,0,0.0,,5000.0,21.7645,72.1519
PAN-2,2021-06-21,summer,30.36,32.63,10.5,0.0,11.97,12.0,24.95,0.0,26,6.33,17.7,6.99,0.1616,0.2039,0,0.0,,5000.0,21.7645,72.1519
PAN-2,2021-06-22,summer,30.25,43.57,0.19,0.0,11.2,12.0,25.03,0.0,27,0.54,12.0,0.0,0.1325,0.0955,0,0.0,,5000.0,21.7645,72.1519
PAN-2,2021-06-23,summer,28.85,35.63,4.14,0.0,13.0,11.89,24.71,0.0,28,0.0,9.4,0.0,0.0427,0.1003,0,0.0,,5000.0,21.7645,72.1519
PAN-2,2021-06-24,summer,31.39,44.65,1.63,0.0,11.21,12.0,24.62,0.0,29,4.83,9.1,4.38,0.0979,0.0603,0,0.0,,5000.0,21.7645,72.1519
PAN-2,2021-06-25,summer,30.31,29.49,4.57,0.0,8.5,12.0,24.78,0.0,30,0.0,0.0,0.0,0.0658,0.1111,0,0.0,,5000.0,21.7645,72.1519
PAN-2,2021-06-26,summer,28.39,53.44,12.75,0.0,11.11,12.0,24.97,0.0,31,0.0,3.9,0.0,0.1449,0.0958,0,0.0,,5000.0,21.7645,72.1519
PAN-2,2021-06-27,summer,33.09,37.96,7.8,0.0,11.25,12.0,25.21,0.0,32,16.14,29.9,17.21,0.1196,0.1562,0,0.0,,5000.0,21.7645,72.1519
PAN-2,2021-06-28,summer,30.31,37.92,8.82,0.0,10.55,11.83,24.59,0.0,33,0.0,3.5,0.0,0.0922,0.0978,0,0.0,,5000.0,21.7645,72.1519
PAN-2,2021-06-29,summer,31.67,37.97,9.58,0.0,11.17,12.0,24.54,0.0,34,7.28,12.1,6.1,0.0829,0.2469,0,0.0,,5000.0,21.7645,72.1519
PAN-2,2021-06-30,summer,32.72,42.49,6.74,0.0,10.26,12.0,24.73,0.0,35,3.32,11.7,3.21,0.1149,0.0455,0,0.0,,5000.0,21.7645,72.1519
PAN-2,2021-07-01,monsoon,27.3,41.63,9.2,0.0,9.23,12.0,24.9,0.0,36,0.8,12.9,1.15,0.0978,0.1543,0,0.0,,5000.0,21.7645,72.1519
PAN-2,2021-07-02,monsoon,31.35,46.55,12.29,0.0,8.77,12.0,25.13,0.0,37,17.22,19.2,16.24,0.0847,0.1843,0,0.0,,5000.0,21.7645,72.1519
PAN-2,2021-07-03,monsoon,29.59,42.81,10.22,2.13,8.86,11.85,24.54,0.0,0,8.68,14.0,8.86,0.0368,0.2604,0,0.0,,5000.0,21.7645,72.1519
PAN-2,2021-07-04,monsoon,29.94,60.57,9.08,0.0,10.11,12.0,24.41,0.0,1,11.19,15.6,13.61,0.0,0.1929,0,0.0,,5000.0,21.7645,72.1519
PAN-2,2021-07-05,monsoon,29.33,57.8,14.36,0.0,11.69,12.0,24.61,0.0,2,38.3,44.1,41.54,0.039,0.4106,0,0.0,,5000.0,21.7645,72.1519
PAN-2,2021-07-06,monsoon,32.65,55.57,13.82,0.0,10.74,12.0,24.85,0.0,3,28.16,36.7,29.54,0.0964,0.2374,0,0.0,,5000.0,21.7645,72.1519
PAN-2,2021-07-07,monsoon,33.05,50.5,15.8,0.0,10.28,12.0,25.14,0.0,4,24.06,22.2,24.44,0.0952,0.3226,0,0.0,,5000.0,21.7645,72.1519
PAN-2,2021-07-08,monsoon,28.1,57.6,13.94,0.0,11.22,11.86,24.7,0.0,5,28.0,38.7,26.17,0.092,0.3011,0,0.0,,5000.0,21.7645,72.1519
PAN-2,2021-07-09,monsoon,30.77,46.23,14.84,13.34,10.98,12.26,23.9,0.0,0,36.19,39.4,32.73,0.0,0.3215,0,0.0,,5000.0,21.7645,72.1519
PAN-2,2021-07-10,monsoon,30.12,55.04,19.17,10.62,11.03,12.41,23.61,0.0,0,32.94,26.7,29.85,0.0,0.309,0,0.0,,5000.0,21.7645,72.1519
PAN-2,2021-07-11,monsoon,30.14,51.45,16.17,6.66,10.18,12.23,23.95,0.0,0,12.3,29.3,13.72,0.0379,0.1971,0,0.0,,5000.0,21.7645,72.1519
PAN-2,2021-07-12,monsoon,30.88,61.18,17.14,0.0,11.5,12.0,24.57,0.0,1,0.11,8.4,0.0,0.07,0.172,0,0.0,,5000.0,21.7645,72.1519
PAN-2,2021-07-13,monsoon,30.76,61.95,20.57,0.0,11.26,12.0,24.82,0.0,2,50.75,52.3,48.7,0.0994,0.4956,0,0.0,,5000.0,21.7645,72.1519
PAN-2,2021-07-14,monsoon,29.73,59.35,17.89,0.0,8.86,12.0,25.03,0.0,3,3.29,13.2,2.58,0.2046,0.1871,0,0.0,,5000.0,21.7645,72.1519
PAN-2,2021-07-15,monsoon,29.75,58.96,23.05,0.0,10.56,11.8,24.11,0.0,4,27.36,30.7,29.85,0.0263,0.313,0,0.0,,5000.0,21.7645,72.1519
PAN-2,2021-07-16,monsoon,29.04,63.46,22.97,14.32,9.03,12.48,22.79,0.0,0,46.09,30.3,43.28,0.0,0.456,0,0.0,,5000.0,21.7645,72.1519
PAN-2,2021-07-17,monsoon,29.53,58.98,34.61,0.0,10.85,12.0,23.94,0.0,1,13.89,27.2,13.27,0.0701,0.1525,0,0.0,,5000.0,21.7645,72.1519
PAN-2,2021-07-18,monsoon,32.42,52.89,24.34,0.0,10.54,12.0,24.32,0.0,2,16.05,24.7,15.95,0.0927,0.2353,0,0.0,,5000.0,21.7645,72.1519
PAN-2,2021-07-19,monsoon,29.91,63.05,18.54,0.0,9.22,12.0,24.52,0.0,3,3.6,18.7,3.08,0.0596,0.0754,0,0.0,,5000.0,21.7645,72.1519
PAN-2,2021-07-20,monsoon,28.61,63.1,19.36,0.0,7.85,12.0,24.7,0.0,4,34.76,37.8,34.23,0.0571,0.3542,0,0.0,,5000.0,21.7645,72.1519
PAN-2,2021-07-21,monsoon,31.53,67.15,21.16,0.0,8.97,12.0,24.91,0.0,5,14.42,11.3,14.85,0.1294,0.2295,0,0.0,,5000.0,21.7645,72.1519
PAN-2,2021-07-22,monsoon,32.93,62.19,32.73,0.0,9.27,12.0,25.29,0.0,6,31.91,38.5,31.17,0.1635,0.301,0,0.0,,5000.0,21.7645,72.1519
PAN-2,2021-07-23,monsoon,26.38,64.56,25.54,6.02,10.39,11.89,24.42,0.0,0,42.69,45.0,42.95,0.0,0.3874,0,0.0,,5000.0,21.7645,72.1519
PAN-2,2021-07-24,monsoon,28.87,72.1,24.66,2.18,11.13,12.0,24.35,0.0,0,66.03,59.2,63.17,0.0919,0.661,0,0.0,,5000.0,21.7645,72.1519
PAN-2,2021-07-25,monsoon,26.62,72.9,36.84,0.0,8.72,12.0,24.56,0.0,1,25.35,34.3,29.8,0.1223,0.3926,0,0.0,,5000.0,21.7645,72.1519
PAN-2,2021-07-26,monsoon,26.11,73.73,32.19,8.84,6.23,12.35,23.87,0.0,0,42.77,53.6,45.86,0.0055,0.2937,0,0.0,,5000.0,21.7645,72.1519
PAN-2,2021-07-27,monsoon,23.55,79.1,29.91,0.0,6.8,12.0,24.57,0.0,1,57.32,56.3,56.79,0.1322,0.5042,0,0.0,,5000.0,21.7645,72.1519
PAN-2,2021-07-28,monsoon,25.79,75.85,30.96,1.9,8.57,12.0,24.66,0.0,0,61.85,54.4,57.92,0.1,0.5411,0,0.0,,5000.0,21.7645,72.1519
PAN-2,2021-07-29,monsoon,27.22,72.31,30.51,3.3,8.3,12.0,24.75,0.0,0,28.48,21.2,30.16,0.0763,0.2873,0,0.0,,5000.0,21.7645,72.1519
PAN-2,2021-07-30,monsoon,24.88,73.29,33.82,0.0,11.39,12.0,24.94,0.0,1,17.74,26.3,16.32,0.0922,0.2001,0,0.0,,5000.0,21.7645,72.1519
PAN-2,2021-07-31,monsoon,25.98,72.63,35.1,0.0,6.3,12.0,25.11,0.0,2,43.73,38.7,43.09,0.0945,0.3608,0,0.0,,5000.0,21.7645,72.1519
PAN-2,2021-08-01,monsoon,29.42,70.9,26.65,0.0,10.71,11.84,24.49,0.0,3,12.94,25.4,13.95,0.0038,0.2208,0,0.0,,5000.0,21.7645,72.1519
PAN-2,2021-08-02,monsoon,28.12,71.38,35.04,6.1,11.71,12.0,24.28,0.0,0,45.04,50.1,42.28,0.0,0.3904,0,0.0,,5000.0,21.7645,72.1519
PAN-2,2021-08-03,monsoon,25.42,79.28,29.3,12.72,9.87,12.84,22.69,0.0,0,67.31,57.2,57.4,0.0,0.4642,0,0.0,,5000.0,21.7645,72.1519
PAN-2,2021-08-04,monsoon,30.7,81.58,31.26,10.1,11.18,13.27,21.95,0.0,0,34.58,22.6,34.39,0.0,0.301,0,0.0,,5000.0,21.7645,72.1519
PAN-2,2021-08-05,monsoon,28.56,64.01,34.08,5.41,9.98,12.78,22.79,0.0,0,29.54,28.2,32.08,0.0,0.3843,0,0.0,,5000.0,21.7645,72.1519
PAN-2,2021-08-06,monsoon,29.18,82.64,31.83,0.0,10.85,12.28,23.72,0.0,1,38.73,29.2,33.83,0.0,0.2787,0,0.0,,5000.0,21.7645,72.1519
PAN-2,2021-08-07,monsoon,27.73,86.31,39.21,7.49,6.61,12.66,23.01,0.0,0,30.61,33.6,28.48,0.0827,0.1993,0,0.0,,5000.0,21.7645,72.1519
PAN-2,2021-08-08,monsoon,28.85,63.35,30.65,0.0,9.18,12.0,24.36,0.0,1,28.62,34.6,27.41,0.1041,0.3364,0,0.0,,5000.0,21.7645,72.1519
PAN-2,2021-08-09,monsoon,28.9,77.2,33.08,0.0,7.56,12.0,24.53,0.0,2,48.0,39.3,49.13,0.0356,0.4825,0,0.0,,5000.0,21.7645,72.1519
PAN-2,2021-08-10,monsoon,25.5,93.33,33.13,7.85,8.6,12.64,23.29,0.0,0,62.63,56.7,54.83,0.0165,0.5415,0,0.0,,5000.0,21.7645,72.1519
PAN-2,2021-08-11,monsoon,25.62,70.19,33.45,0.0,10.2,12.0,24.55,0.0,1,7.23,28.3,8.36,0.0367,0.0989,0,0.0,,5000.0,21.7645,72.1519
PAN-2,2021-08-12,monsoon,25.43,83.57,37.78,1.76,7.74,12.0,24.61,0.0,0,55.9,57.7,56.61,0.0,0.5124,0,0.0,,5000.0,21.7645,72.1519
PAN-2,2021-08-13,monsoon,24.85,84.41,35.16,1.28,7.14,12.0,24.67,0.0,0,38.37,33.4,34.29,0.0062,0.364,0,0.0,,5000.0,21.7645,72.1519
PAN-2,2021-08-14,monsoon,26.43,90.77,39.62,13.06,7.84,13.06,22.67,0.0,0,88.09,86.9,84.57,0.0482,0.5682,0,0.0,,5000.0,21.7645,72.1519
PAN-2,2021-08-15,monsoon,26.74,84.72,39.32,5.58,7.25,13.22,22.4,0.0,0,56.08,54.6,52.77,0.0141,0.4306,0,0.0,,5000.0,21.7645,72.1519
PAN-2,2021-08-16,monsoon,24.0,82.38,39.3,3.04,8.88,13.11,22.59,0.0,0,10.12,16.4,10.62,0.0127,0.203,0,0.0,,5000.0,21.7645,72.1519
PAN-2,2021-08-17,monsoon,28.84,80.76,32.6,6.85,8.4,13.29,22.29,0.0,0,12.27,23.9,13.54,0.0,0.2527,0,0.0,,5000.0,21.7645,72.1519
PAN-2,2021-08-18,monsoon,26.96,77.09,32.83,14.86,8.64,14.23,20.82,0.0,0,32.19,60.2,40.05,0.0,0.3512,0,0.0,,5000.0,21.7645,72.1519
PAN-2,2021-08-19,monsoon,26.39,88.17,42.67,6.8,8.91,14.56,20.35,0.0,0,56.47,51.4,63.23,0.0,0.4842,0,0.0,,5000.0,21.7645,72.1519
PAN-2,2021-08-20,monsoon,28.06,81.47,33.97,5.14,9.68,14.57,20.34,0.0,0,55.03,54.6,49.04,0.0,0.3482,0,0.0,,5000.0,21.7645,72.1519
PAN-2,2021-08-21,monsoon,26.68,76.81,29.61,2.98,10.07,14.34,20.67,0.0,0,28.29,28.6,26.45,0.0,0.2884,0,0.0,,5000.0,21.7645,72.1519
PAN-2,2021-08-22,monsoon,23.83,72.79,34.82,9.45,8.37,14.72,20.14,0.0,0,27.9,38.0,26.5,0.0,0.1995,0,0.0,,5000.0,21.7645,72.1519
PAN-2,2021-08-23,monsoon,23.63,73.44,34.99,2.63,8.1,14.44,20.53,0.0,0,27.42,27.5,31.74,0.0,0.2763,0,0.0,,5000.0,21.7645,72.1519
PAN-2,2021-08-24,monsoon,26.19,77.44,30.29,0.0,8.89,13.95,21.25,0.0,1,66.27,58.8,63.33,0.0,0.5358,0,0.0,,5000.0,21.7645,72.1519
PAN-2,2021-08-25,monsoon,22.82,71.5,33.69,5.23,8.97,13.92,21.3,0.0,0,20.71,24.2,18.28,0.0164,0.1563,0,0.0,,5000.0,21.7645,72.1519
PAN-2,2021-08-26,monsoon,27.25,82.75,33.77,0.0,8.66,13.49,21.98,0.0,1,44.19,30.2,41.5,0.0,0.39,0,0.0,,5000.0,21.7645,72.1519
PAN-2,2021-08-27,monsoon,28.64,72.02,34.2,4.7,8.93,13.19,22.49,0.0,0,34.93,42.2,38.78,0.0183,0.4517,0,0.0,,5000.0,21.7645,72.1519
PAN-2,2021-08-28,monsoon,25.99,77.55,32.94,0.0,10.11,12.65,23.45,0.0,1,54.91,73.8,72.74,0.0,0.5534,0,0.0,,5000.0,21.7645,72.1519
PAN-2,2021-08-29,monsoon,26.14,78.93,35.92,6.2,10.71,12.71,23.34,0.0,0,20.42,25.8,17.13,0.0,0.1628,0,0.0,,5000.0,21.7645,72.1519
PAN-2,2021-08-30,monsoon,23.7,80.62,33.5,2.74,11.36,12.55,23.63,0.0,0,37.52,44.1,35.35,0.0,0.385,0,0.0,,5000.0,21.7645,72.1519
PAN-2,2021-08-31,monsoon,24.54,88.25,39.76,16.78,7.46,13.95,21.25,0.0,0,94.91,83.1,88.01,0.0,0.6938,0,0.0,,5000.0,21.7645,72.1519
PAN-2,2021-09-01,monsoon,23.48,71.18,32.57,15.44,5.81,14.99,19.77,0.0,0,30.82,42.1,30.27,0.0329,0.2515,0,0.0,,5000.0,21.7645,72.1519
PAN-2,2021-09-02,monsoon,27.85,85.38,35.35,24.58,6.3,17.09,17.34,0.0,0,47.49,49.2,46.1,0.0091,0.4011,0,0.0,,5000.0,21.7645,72.1519
PAN-2,2021-09-03,monsoon,26.43,74.91,25.08,6.24,7.52,17.27,17.16,0.0,0,58.47,42.0,53.98,0.0726,0.4014,0,0.0,,5000.0,21.7645,72.1519
PAN-2,2021-09-04,monsoon,22.98,82.76,28.5,0.0,10.64,16.96,17.48,0.0,1,17.96,18.1,17.91,0.0315,0.177,0,0.0,,5000.0,21.7645,72.1519
PAN-2,2021-09-05,monsoon,23.21,79.01,27.14,0.0,11.17,16.58,17.88,0.0,2,6.4,14.2,6.06,0.0,0.1525,0,0.0,,5000.0,21.7645,72.1519
PAN-2,2021-09-06,monsoon,26.7,87.75,35.05,27.54,7.64,19.04,15.57,0.0,0,4.92,12.5,6.46,0.0,0.0934,0,0.0,,5000.0,21.7645,72.1519
PAN-2,2021-09-07,monsoon,25.83,78.38,36.03,0.0,10.21,18.48,16.04,0.0,1,54.05,51.1,49.77,0.0,0.292,0,0.0,,5000.0,21.7645,72.1519
PAN-2,2021-09-08,monsoon,21.04,81.85,24.67,20.67,9.07,20.3,14.6,0.0,0,32.9,51.7,31.89,0.0354,0.3229,0,0.0,,5000.0,21.7645,72.1519
PAN-2,2021-09-09,monsoon,23.3,77.99,29.86,0.0,9.5,19.9,14.9,0.0,1,14.54,16.5,13.07,0.0396,0.2182,0,0.0,,5000.0,21.7645,72.1519
PAN-2,2021-09-10,monsoon,26.05,73.44,29.17,0.0,9.46,19.34,15.33,0.0,2,26.93,35.2,30.02,0.049,0.2573,0,0.0,,5000.0,21.7645,72.1519
PAN-2,2021-09-11,monsoon,19.98,79.99,30.73,0.0,9.92,19.03,15.58,0.0,3,19.29,27.8,21.36,0.0247,0.1916,0,0.0,,5000.0,21.7645,72.1519
PAN-2,2021-09-12,monsoon,22.07,99.36,25.71,3.08,8.99,19.33,15.34,0.0,0,39.45,51.4,40.12,0.0518,0.3049,0,0.0,,5000.0,21.7645,72.1519
PAN-2,2021-09-13,monsoon,26.02,90.59,26.55,28.78,8.01,22.03,13.46,0.0,0,19.49,34.5,21.25,0.0509,0.1299,0,0.0,,5000.0,21.7645,72.1519
PAN-2,2021-09-14,monsoon,24.43,86.65,20.16,0.0,9.6,21.84,13.58,0.0,1,2.87,7.1,2.56,0.0,0.042,0,0.0,,5000.0,21.7645,72.1519
PAN-2,2021-09-15,monsoon,22.52,84.14,29.57,6.78,8.28,22.25,13.33,0.0,0,25.7,25.0,24.92,0.0325,0.1454,0,0.0,,5000.0,21.7645,72.1519
PAN-2,2021-09-16,monsoon,22.16,79.24,28.46,21.72,9.63,24.08,12.32,0.0,0,34.29,39.8,34.02,0.0129,0.3175,0,0.0,,5000.0,21.7645,72.1519
PAN-2,2021-09-17,monsoon,23.82,92.31,26.02,3.86,8.14,24.34,12.19,0.0,0,7.8,10.6,8.18,0.026,0.0636,0,0.0,,5000.0,21.7645,72.1519
PAN-2,2021-09-18,monsoon,22.41,90.75,28.84,0.0,11.52,24.17,12.27,0.0,1,35.1,43.9,36.26,0.0,0.281,0,0.0,,5000.0,21.7645,72.1519
PAN-2,2021-09-19,monsoon,23.23,89.85,21.54,26.26,8.74,26.66,11.13,0.0,0,84.93,86.2,80.53,0.0,0.6038,0,0.0,,5000.0,21.7645,72.1519
PAN-2,2021-09-20,monsoon,23.12,82.98,20.5,4.82,12.77,26.89,11.04,0.0,0,42.47,50.8,41.23,0.0889,0.403,0,0.0,,5000.0,21.7645,72.1519
PAN-2,2021-09-21,monsoon,21.15,72.08,18.02,12.24,10.2,27.81,10.68,0.0,0,21.9,21.0,21.2,0.0561,0.1678,0,0.0,,5000.0,21.7645,72.1519
PAN-2,2021-09-22,monsoon,21.15,87.28,23.41,5.38,9.67,28.18,10.54,0.0,0,27.11,28.9,30.1,0.0,0.2608,0,0.0,,5000.0,21.7645,72.1519
PAN-2,2021-09-23,monsoon,24.14,76.16,16.98,0.0,11.02,27.87,10.66,0.0,1,24.06,35.5,24.78,0.0,0.2268,0,0.0,,5000.0,21.7645,72.1519
PAN-2,2021-09-24,monsoon,24.73,75.86,26.07,9.36,7.46,28.41,10.46,0.0,0,10.45,21.6,12.16,0.0,0.1096,0,0.0,,5000.0,21.7645,72.1519
PAN-2,2021-09-25,monsoon,21.93,65.46,13.04,7.78,11.18,28.86,10.3,0.0,0,8.88,17.2,9.2,0.0,0.0918,0,0.0,,5000.0,21.7645,72.1519
PAN-2,2021-09-26,monsoon,22.84,65.48,10.87,13.88,13.0,29.92,9.93,0.0,0,30.66,39.0,28.21,0.0,0.3155,0,0.0,,5000.0,21.7645,72.1519
PAN-2,2021-09-27,monsoon,23.23,69.06,8.44,0.0,9.75,29.69,10.01,0.0,1,14.63,24.7,14.15,0.0,0.0534,0,0.0,,5000.0,21.7645,72.1519
PAN-2,2021-09-28,monsoon,20.42,62.34,18.62,0.0,9.91,29.29,10.15,0.0,2,3.6,13.5,3.46,0.0772,0.0988,0,0.0,,5000.0,21.7645,72.1519
PAN-2,2021-09-29,monsoon,20.07,78.82,14.31,0.0,8.75,29.11,10.21,0.0,3,0.0,14.5,0.0,0.0,0.0971,0,0.0,,5000.0,21.7645,72.1519
PAN-2,2021-09-30,monsoon,25.4,64.42,23.64,0.0,8.47,28.52,10.42,0.0,4,19.21,30.4,25.47,0.0199,0.2152,0,0.0,,5000.0,21.7645,72.1519
PAN-2,2021-10-01,other,20.04,72.91,8.89,0.0,9.56,28.35,10.48,0.0,5,0.1,5.4,0.0,0.0,0.0175,0,0.0,,5000.0,21.7645,72.1519
PAN-2,2021-10-02,other,22.52,71.24,14.42,0.0,11.31,28.04,10.59,0.0,6,14.13,22.2,14.71,0.0,0.1399,0,0.0,,5000.0,21.7645,72.1519
PAN-2,2021-10-03,other,22.38,59.47,14.15,0.0,10.99,27.62,10.75,0.0,7,2.08,16.6,1.59,0.0064,0.0,0,0.0,,5000.0,21.7645,72.1519
PAN-2,2021-10-04,other,23.5,78.68,8.15,0.0,8.2,27.47,10.81,0.0,8,9.71,24.4,10.13,0.0252,0.0059,0,0.0,,5000.0,21.7645,72.1519
PAN-2,2021-10-05,other,25.37,68.67,13.52,0.0,9.33,27.12,10.95,0.0,9,4.42,11.1,4.04,0.0155,0.0994,0,0.0,,5000.0,21.7645,72.1519
PAN-2,2021-10-06,other,25.29,66.51,9.1,0.0,10.73,26.82,11.07,0.0,10,0.08,19.4,0.0,0.056,0.0601,0,0.0,,5000.0,21.7645,72.1519
PAN-2,2021-10-07,other,21.52,68.23,12.21,0.0,11.5,26.54,11.19,0.0,11,0.39,9.1,0.0,0.0,0.0693,0,0.0,,5000.0,21.7645,72.1519
PAN-2,2021-10-08,other,21.42,74.67,2.87,0.0,11.74,26.43,11.24,0.0,12,0.0,13.0,0.12,0.0,0.1126,0,0.0,,5000.0,21.7645,72.1519
PAN-2,2021-10-09,other,23.1,62.59,8.92,0.0,11.31,26.13,11.37,0.0,13,0.31,12.0,0.0,0.04,0.0795,0,0.0,,5000.0,21.7645,72.1519
PAN-2,2021-10-10,other,22.8,70.56,14.13,0.0,9.98,25.83,11.5,0.0,14,10.76,9.3,10.68,0.0,0.1343,0,0.0,,5000.0,21.7645,72.1519
PAN-2,2021-10-11,other,22.06,59.92,8.41,7.04,10.26,26.25,11.31,0.0,0,0.0,15.3,0.0,0.012,0.0299,0,0.0,,5000.0,21.7645,72.1519
PAN-2,2021-10-12,other,22.02,71.34,10.54,0.0,11.23,26.01,11.41,0.0,1,19.1,28.9,17.52,0.0,0.1355,0,0.0,,5000.0,21.7645,72.1519
PAN-2,2021-10-13,other,22.11,71.78,4.92,0.0,12.06,25.85,11.48,0.0,2,0.0,6.6,0.0,0.0,0.08,0,0.0,,5000.0,21.7645,72.1519
PAN-2,2021-10-14,other,23.66,75.56,8.97,0.0,10.39,25.65,11.57,0.0,3,5.87,19.3,6.27,0.01,0.0713,0,0.0,,5000.0,21.7645,72.1519
PAN-2,2021-10-15,other,24.19,58.86,4.19,0.0,11.77,25.41,11.68,0.0,4,8.37,19.2,8.93,0.0,0.0632,0,0.0,,5000.0,21.7645,72.1519
PAN-2,2021-10-16,other,22.54,74.96,9.11,0.0,9.38,25.23,11.76,0.0,5,16.51,19.3,16.19,0.0078,0.0887,0,0.0,,5000.0,21.7645,72.1519
PAN-2,2021-10-17,other,19.14,65.32,10.72,0.0,9.37,25.0,11.87,0.0,6,6.1,9.1,4.86,0.0,0.0434,0,0.0,,5000.0,21.7645,72.1519
PAN-2,2021-10-18,other,21.23,60.79,7.24,0.0,9.48,24.77,11.98,0.0,7,0.0,2.4,0.0,0.0,0.0,0,0.0,,5000.0,21.7645,72.1519
PAN-2,2021-10-19,other,21.1,62.95,3.33,1.84,11.1,24.79,11.97,0.0,0,0.0,3.2,0.0,0.0,0.0069,0,0.0,,5000.0,21.7645,72.1519
PAN-2,2021-10-20,other,23.94,78.33,7.62,0.0,13.0,24.61,12.06,0.0,1,3.91,22.2,3.08,0.0052,0.0726,0,0.0,,5000.0,21.7645,72.1519
PAN-2,2021-10-21,other,22.59,64.29,11.55,0.0,11.71,24.28,12.22,0.0,2,0.0,11.3,0.0,0.0647,0.0647,0,0.0,,5000.0,21.7645,72.1519
PAN-2,2021-10-22,other,25.6,71.31,13.77,0.0,11.25,23.93,12.4,0.0,3,0.0,6.9,0.0,0.0,0.0434,0,0.0,,5000.0,21.7645,72.1519
PAN-2,2021-10-23,other,23.29,72.08,2.11,0.0,9.46,23.82,12.46,0.0,4,0.0,7.3,0.0,0.0083,0.0,0,0.0,,5000.0,21.7645,72.1519
PAN-2,2021-10-24,other,23.15,73.6,8.03,0.0,11.02,23.62,12.56,0.0,5,9.08,6.9,7.83,0.0406,0.1732,0,0.0,,5000.0,21.7645,72.1519
PAN-2,2021-10-25,other,21.37,71.72,4.6,0.0,9.43,23.49,12.63,0.0,6,1.81,13.0,0.0,0.0,0.0265,0,0.0,,5000.0,21.7645,72.1519
PAN-2,2021-10-26,other,21.95,69.52,10.5,0.0,12.74,23.23,12.77,0.0,7,0.0,2.2,0.0,0.0,0.0115,0,0.0,,5000.0,21.7645,72.1519
PAN-2,2021-10-27,other,22.79,67.77,4.52,0.0,12.43,23.05,12.87,0.0,8,0.0,15.1,0.0,0.0311,0.0846,0,0.0,,5000.0,21.7645,72.1519
PAN-2,2021-10-28,other,19.13,70.22,4.73,0.0,8.74,22.93,12.94,0.0,9,2.64,13.1,2.4,0.0169,0.0445,0,0.0,,5000.0,21.7645,72.1519
PAN-2,2021-10-29,other,23.54,76.38,6.67,0.0,11.33,22.77,13.03,0.0,10,0.22,11.3,0.0,0.0091,0.0,0,0.0,,5000.0,21.7645,72.1519
PAN-2,2021-10-30,other,21.26,73.91,10.58,0.0,10.96,22.56,13.15,0.0,11,0.35,2.6,0.0,0.0286,0.1193,0,0.0,,5000.0,21.7645,72.1519
PAN-2,2021-10-31,other,20.5,79.72,8.15,0.0,10.84,22.43,13.23,0.0,12,8.24,21.8,8.26,0.0122,0.1466,0,0.0,,5000.0,21.7645,72.1519
PAN-2,2021-11-01,other,21.12,74.31,14.51,0.0,7.99,22.21,13.36,0.0,13,0.0,11.5,0.0,0.0172,0.1068,0,0.0,,5000.0,21.7645,72.1519
PAN-2,2021-11-02,other,21.37,61.2,4.33,0.0,11.21,22.02,13.48,0.0,14,0.58,0.7,0.0,0.0121,0.0,0,0.0,,5000.0,21.7645,72.1519
PAN-2,2021-11-03,other,21.25,74.42,3.44,0.0,11.91,21.9,13.55,0.0,15,0.11,15.3,0.0,0.0807,0.0441,0,0.0,,5000.0,21.7645,72.1519
PAN-2,2021-11-04,other,22.18,72.7,13.81,0.0,11.48,21.62,13.72,0.0,16,1.1,0.0,0.0,0.0648,0.052,0,0.0,,5000.0,21.7645,72.1519
PAN-2,2021-11-05,other,23.0,73.92,0.0,0.0,10.82,21.54,13.77,0.0,17,0.06,16.4,0.0,0.0,0.1075,0,0.0,,5000.0,21.7645,72.1519
PAN-2,2021-11-06,other,23.74,74.76,8.12,0.0,11.06,21.34,13.9,0.0,18,0.57,6.5,0.44,0.0,0.0,0,0.0,,5000.0,21.7645,72.1519
PAN-2,2021-11-07,other,23.94,58.5,15.1,0.0,8.88,20.89,14.2,0.0,19,0.15,9.7,0.0,0.1403,0.0569,0,0.0,,5000.0,21.7645,72.1519
PAN-2,2021-11-08,other,25.87,66.94,4.89,0.0,12.06,20.66,14.36,0.0,20,0.36,15.0,0.0,0.0545,0.0,0,0.0,,5000.0,21.7645,72.1519
PAN-2,2021-11-09,other,24.47,69.29,4.98,0.0,11.31,20.46,14.5,0.0,21,0.0,6.5,0.0,0.0,0.0336,0,0.0,,5000.0,21.7645,72.1519
PAN-2,2021-11-10,other,22.54,68.24,0.04,0.0,9.84,20.37,14.57,0.0,22,0.0,12.9,0.0,0.0417,0.0477,0,0.0,,5000.0,21.7645,72.1519
PAN-2,2021-11-11,other,20.0,72.32,8.94,0.0,9.75,20.2,14.7,0.0,23,15.16,22.7,13.84,0.0022,0.0653,0,0.0,,5000.0,21.7645,72.1519
PAN-2,2021-11-12,other,25.22,68.29,6.48,0.0,9.01,19.98,14.86,0.0,24,0.0,17.7,0.0,0.0,0.0,0,0.0,,5000.0,21.7645,72.1519
PAN-2,2021-11-13,other,27.0,66.04,0.0,0.0,10.49,19.85,14.96,0.0,25,0.08,15.0,0.0,0.061,0.0142,0,0.0,,5000.0,21.7645,72.1519
PAN-2,2021-11-14,other,20.71,68.25,3.68,0.0,11.59,19.71,15.07,0.0,26,0.0,0.0,0.0,0.0,0.0016,0,0.0,,5000.0,21.7645,72.1519
PAN-2,2021-11-15,other,20.11,64.14,18.95,0.0,10.37,19.32,15.37,0.0,27,0.0,1.1,0.0,0.0,0.0,0,0.0,,5000.0,21.7645,72.1519
PAN-2,2021-11-16,other,22.44,74.35,6.04,0.0,10.07,19.17,15.49,0.0,28,12.23,17.1,12.97,0.0,0.0702,0,0.0,,5000.0,21.7645,72.1519
PAN-2,2021-11-17,other,22.76,77.93,5.86,0.33,8.63,19.05,15.59,0.0,29,0.0,7.0,0.0,0.0,0.0445,0,0.0,,5000.0,21.7645,72.1519
PAN-2,2021-11-18,other,21.07,71.43,7.45,0.0,11.05,18.87,15.74,0.0,30,0.02,8.2,0.0,0.0,0.0274,0,0.0,,5000.0,21.7645,72.1519
PAN-2,2021-11-19,other,20.85,67.27,7.35,0.0,10.27,18.67,15.91,0.0,31,0.0,5.1,0.0,0.0,0.0,0,0.0,,5000.0,21.7645,72.1519
PAN-2,2021-11-20,other,19.5,57.88,1.9,0.0,10.39,18.53,16.03,0.0,32,0.42,10.5,0.0,0.0,0.0672,0,0.0,,5000.0,21.7645,72.1519
PAN-2,2021-11-21,other,25.09,69.53,2.66,0.0,11.29,18.37,16.17,0.0,33,0.25,17.9,0.0,0.013,0.0,0,0.0,,5000.0,21.7645,72.1519
PAN-2,2021-11-22,other,20.3,69.64,0.0,0.0,10.3,18.29,16.24,0.0,34,0.27,13.4,0.0,0.0115,0.0589,0,0.0,,5000.0,21.7645,72.1519
PAN-2,2021-11-23,other,22.99,72.19,5.28,0.0,9.99,18.13,16.38,0.0,35,0.17,13.0,0.0,0.0,0.093,0,0.0,,5000.0,21.7645,72.1519
PAN-2,2021-11-24,other,22.44,68.52,11.67,0.0,11.76,17.84,16.65,0.0,36,0.0,3.7,0.0,0.0298,0.0222,0,0.0,,5000.0,21.7645,72.1519
PAN-2,2021-11-25,other,20.82,64.65,11.98,8.52,10.56,18.4,16.14,0.0,0,0.0,7.1,0.0,0.0339,0.0286,0,0.0,,5000.0,21.7645,72.1519
PAN-2,2021-11-26,other,23.84,69.5,10.3,0.0,10.02,18.13,16.38,0.0,1,8.56,19.4,9.28,0.0,0.15,0,0.0,,5000.0,21.7645,72.1519
PAN-2,2021-11-27,other,22.56,79.54,16.87,16.67,11.69,19.55,15.19,0.0,0,0.0,17.7,0.0,0.0,0.0,0,0.0,,5000.0,21.7645,72.1519
PAN-2,2021-11-28,other,19.6,74.57,13.65,0.0,11.7,19.33,15.36,0.0,1,11.36,22.4,16.32,0.0,0.1568,0,0.0,,5000.0,21.7645,72.1519
PAN-2,2021-11-29,other,24.98,73.9,9.33,0.0,12.64,19.08,15.56,0.0,2,0.0,21.6,0.0,0.0157,0.069,0,0.0,,5000.0,21.7645,72.1519
PAN-2,2021-11-30,other,22.56,57.09,2.6,0.0,10.75,18.89,15.71,0.0,3,0.44,16.1,1.03,0.0677,0.1112,0,0.0,,5000.0,21.7645,72.1519
PAN-2,2021-12-01,other,18.72,71.47,4.26,0.0,10.7,18.77,15.81,0.0,4,0.86,2.0,0.0,0.0296,0.0345,0,0.0,,5000.0,21.7645,72.1519
PAN-2,2021-12-02,other,20.33,62.8,3.18,0.0,9.29,18.63,15.93,0.0,5,0.37,5.6,0.0,0.0,0.0055,0,0.0,,5000.0,21.7645,72.1519
PAN-2,2021-12-03,other,21.69,77.43,9.52,0.0,12.01,18.45,16.08,0.0,6,0.0,8.4,0.0,0.0,0.029,0,0.0,,5000.0,21.7645,72.1519
PAN-2,2021-12-04,other,24.41,63.39,10.14,0.0,9.66,18.13,16.37,0.0,7,0.99,6.3,0.0,0.0,0.027,0,0.0,,5000.0,21.7645,72.1519
PAN-2,2021-12-05,other,20.21,63.57,8.79,0.0,12.17,17.88,16.6,0.0,8,8.8,14.5,8.71,0.0,0.0299,0,0.0,,5000.0,21.7645,72.1519
PAN-2,2021-12-06,other,22.33,70.01,6.64,0.0,10.58,17.69,16.78,0.0,9,0.0,1.4,0.0,0.0,0.0264,0,0.0,,5000.0,21.7645,72.1519
PAN-2,2021-12-07,other,22.6,64.92,10.94,0.0,9.77,17.4,17.06,0.0,10,57.82,53.0,46.57,0.0028,0.3767,0,0.0,,5000.0,21.7645,72.1519
PAN-2,2021-12-08,other,22.95,62.59,11.53,0.0,10.8,17.06,17.4,0.0,11,10.07,24.4,11.25,0.0,0.2437,0,0.0,,5000.0,21.7645,72.1519
PAN-2,2021-12-09,other,23.94,53.31,6.56,0.0,13.0,16.71,17.76,0.0,12,0.0,2.1,0.0,0.0,0.0533,0,0.0,,5000.0,21.7645,72.1519
PAN-2,2021-12-10,other,23.47,48.3,6.42,0.0,9.89,16.38,18.12,0.0,13,4.09,12.2,3.56,0.0,0.0,0,0.0,,5000.0,21.7645,72.1519
PAN-2,2021-12-11,other,24.13,62.92,7.61,0.0,9.49,16.11,18.42,0.0,14,0.0,5.9,0.0,0.0,0.0025,0,0.0,,5000.0,21.7645,72.1519
PAN-2,2021-12-12,other,25.94,67.34,3.58,0.0,10.51,15.92,18.64,0.0,15,0.39,2.7,0.0,0.0,0.0254,0,0.0,,5000.0,21.7645,72.1519
PAN-2,2021-12-13,other,23.81,63.07,4.5,0.0,10.91,15.71,18.89,0.0,16,1.82,0.0,0.0,0.023,0.1316,0,0.0,,5000.0,21.7645,72.1519
PAN-2,2021-12-14,other,21.92,66.87,5.48,8.36,10.88,16.36,18.14,0.0,0,0.0,4.0,0.0,0.0291,0.0,0,0.0,,5000.0,21.7645,72.1519
PAN-2,2021-12-15,other,24.41,60.75,9.08,0.0,10.73,16.02,18.52,0.0,1,28.42,27.1,24.89,0.0,0.1679,0,0.0,,5000.0,21.7645,72.1519
PAN-2,2021-12-16,other,23.77,68.03,8.23,0.0,10.45,15.77,18.81,0.0,2,1.1,10.5,0.0,0.0,0.0385,0,0.0,,5000.0,21.7645,72.1519
PAN-2,2021-12-17,other,27.82,64.52,7.14,0.0,11.57,15.44,19.22,0.0,3,0.33,16.5,0.0,0.0135,0.0815,0,0.0,,5000.0,21.7645,72.1519
PAN-2,2021-12-18,other,25.89,62.82,5.6,0.0,11.46,15.17,19.57,0.0,4,1.94,8.9,1.96,0.0078,0.0,0,0.0,,5000.0,21.7645,72.1519
PAN-2,2021-12-19,other,24.83,56.6,17.3,0.0,11.34,14.57,20.38,0.0,5,5.01,8.0,4.73,0.0,0.1441,0,0.0,,5000.0,21.7645,72.1519
PAN-2,2021-12-20,other,26.96,56.87,12.23,0.0,9.86,14.06,21.11,0.0,6,0.0,0.0,0.0,0.036,0.0229,0,0.0,,5000.0,21.7645,72.1519
PAN-2,2021-12-21,other,25.83,57.29,9.54,0.0,10.23,13.66,21.73,0.0,7,0.0,2.0,0.0,0.0,0.0662,0,0.0,,5000.0,21.7645,72.1519
PAN-2,2021-12-22,other,24.38,69.21,4.86,0.0,12.64,13.46,22.06,0.0,8,0.0,9.7,0.0,0.0,0.0727,0,0.0,,5000.0,21.7645,72.1519
PAN-2,2021-12-23,other,23.03,57.88,9.06,2.54,10.65,13.38,22.19,0.0,0,0.0,0.0,0.0,0.0,0.0535,0,0.0,,5000.0,21.7645,72.1519
PAN-2,2021-12-24,other,22.96,65.31,10.01,0.0,9.8,13.1,22.66,0.0,1,0.69,18.2,0.0,0.0,0.0,0,0.0,,5000.0,21.7645,72.1519
PAN-2,2021-12-25,other,22.38,69.03,9.27,0.0,12.92,12.84,23.11,0.0,2,14.07,34.7,16.11,0.0471,0.3015,0,0.0,,5000.0,21.7645,72.1519
PAN-2,2021-12-26,other,24.65,60.05,9.77,0.0,10.66,12.48,23.78,0.0,3,2.15,10.7,2.09,0.0559,0.0727,0,0.0,,5000.0,21.7645,72.1519
PAN-2,2021-12-27,other,26.11,67.55,7.0,0.0,12.6,12.2,24.33,0.0,4,0.21,9.5,1.05,0.0829,0.1058,0,0.0,,5000.0,21.7645,72.1519
PAN-2,2021-12-28,other,24.85,68.12,6.94,0.0,11.94,12.0,24.75,0.0,5,46.9,59.4,46.64,0.1247,0.4852,0,0.0,,5000.0,21.7645,72.1519
PAN-2,2021-12-29,other,24.57,60.57,8.07,0.0,11.78,12.0,24.85,0.0,6,25.03,34.8,21.7,0.0676,0.22,0,0.0,,5000.0,21.7645,72.1519
PAN-2,2021-12-30,other,23.53,62.49,2.43,0.0,10.95,12.0,24.9,0.0,7,15.53,9.6,13.98,0.0885,0.1953,0,0.0,,5000.0,21.7645,72.1519
PAN-2,2021-12-31,other,25.76,61.55,7.71,0.0,13.0,12.0,25.0,0.0,8,11.81,14.3,12.94,0.1562,0.1559,0,0.0,,5000.0,21.7645,72.1519
PAN-2,2022-01-01,other,27.75,79.04,27.85,21.01,8.82,13.64,21.51,0.0,0,11.96,16.0,12.92,0.0012,0.1296,0,0.0,,5000.0,21.7645,72.1519
PAN-2,2022-01-02,other,22.13,66.92,22.17,0.0,8.58,13.21,22.21,0.0,1,103.38,92.5,91.83,0.0,0.5243,0,0.0,,5000.0,21.7645,72.1519
PAN-2,2022-01-03,other,24.88,72.58,26.55,4.94,8.35,13.22,22.19,0.0,0,62.93,48.6,53.81,0.0,0.3528,0,0.0,,5000.0,21.7645,72.1519
PAN-2,2022-01-04,other,24.54,88.28,31.97,1.42,10.92,13.1,22.39,0.0,0,20.06,30.4,20.86,0.0515,0.1579,0,0.0,,5000.0,21.7645,72.1519
PAN-2,2022-01-05,other,28.38,80.61,35.25,6.25,9.49,13.17,22.27,0.0,0,46.52,45.3,47.34,0.0,0.3074,0,0.0,,5000.0,21.7645,72.1519
PAN-2,2022-01-06,other,26.16,73.27,19.71,5.18,10.63,13.25,22.13,0.0,0,42.67,28.2,37.06,0.0113,0.3371,0,0.0,,5000.0,21.7645,72.1519
PAN-2,2022-01-07,other,28.67,79.77,20.15,20.41,9.03,14.93,19.65,0.0,0,28.05,52.6,28.95,0.0,0.2467,0,0.0,,5000.0,21.7645,72.1519
PAN-2,2022-01-08,other,26.64,75.47,27.18,2.03,10.61,14.6,20.09,0.0,0,73.1,72.4,63.61,0.0,0.5096,0,0.0,,5000.0,21.7645,72.1519
PAN-2,2022-01-09,other,27.24,80.23,27.6,11.51,9.31,15.32,19.14,0.0,0,77.79,70.1,77.19,0.0,0.5093,0,0.0,,5000.0,21.7645,72.1519
PAN-2,2022-01-10,other,26.4,76.49,36.22,0.0,9.91,14.7,19.95,0.0,1,34.9,42.8,34.36,0.0,0.2994,0,0.0,,5000.0,21.7645,72.1519
PAN-2,2022-01-11,other,24.67,71.34,27.49,1.32,8.63,14.31,20.49,0.0,0,14.88,14.0,13.75,0.0376,0.163,0,0.0,,5000.0,21.7645,72.1519
PAN-2,2022-01-12,other,29.27,83.73,30.82,0.0,8.43,13.89,21.11,0.0,1,52.47,61.4,56.52,0.0,0.4393,0,0.0,,5000.0,21.7645,72.1519
PAN-2,2022-01-13,other,23.86,68.28,35.24,2.83,7.94,13.52,21.69,0.0,0,30.3,23.3,24.19,0.0037,0.1073,0,0.0,,5000.0,21.7645,72.1519
PAN-2,2022-01-14,other,28.92,81.6,39.6,0.0,10.76,12.89,22.75,0.0,1,32.14,50.7,37.64,0.0356,0.463,0,0.0,,5000.0,21.7645,72.1519
PAN-2,2022-01-15,other,26.78,73.39,29.51,3.61,9.19,12.66,23.16,0.0,0,44.54,49.1,44.01,0.0,0.3691,0,0.0,,5000.0,21.7645,72.1519
PAN-2,2022-01-16,other,28.74,90.03,34.65,0.0,9.62,12.37,23.7,0.0,1,31.73,25.9,28.04,0.097,0.2294,0,0.0,,5000.0,21.7645,72.1519
PAN-2,2022-01-17,other,28.4,81.07,28.09,0.48,9.32,12.0,24.45,0.0,2,89.88,79.0,87.24,0.0996,0.6064,0,0.0,,5000.0,21.7645,72.1519
PAN-2,2022-01-18,other,26.19,68.43,33.02,0.0,9.37,12.0,24.67,0.0,3,75.44,89.2,86.69,0.1134,0.5973,0,0.0,,5000.0,21.7645,72.1519
PAN-2,2022-01-19,other,26.03,81.17,37.08,0.0,8.85,12.0,24.81,0.0,4,28.25,23.3,31.7,0.1177,0.3178,0,0.0,,5000.0,21.7645,72.1519
PAN-2,2022-01-20,other,28.76,70.26,38.72,21.74,9.75,13.22,22.52,0.0,0,31.04,38.8,35.42,0.0024,0.3196,0,0.0,,5000.0,21.7645,72.1519
PAN-2,2022-01-21,other,28.24,75.71,38.7,12.76,9.15,13.76,21.64,0.0,0,83.36,63.8,70.35,0.0,0.4618,0,0.0,,5000.0,21.7645,72.1519
PAN-2,2022-01-22,other,25.71,63.52,39.83,11.53,9.81,13.91,21.41,0.0,0,12.14,15.1,11.46,0.0,0.1659,0,0.0,,5000.0,21.7645,72.1519
PAN-2,2022-01-23,other,28.05,78.51,29.05,0.65,9.72,13.39,22.23,0.0,1,35.47,25.8,31.95,0.0,0.324,0,0.0,,5000.0,21.7645,72.1519
PAN-2,2022-01-24,other,23.73,64.32,40.7,5.12,8.64,13.05,22.81,0.0,0,18.55,22.6,15.17,0.0026,0.2465,0,0.0,,5000.0,21.7645,72.1519
PAN-2,2022-01-25,other,28.5,80.23,27.05,3.4,8.12,12.96,22.97,0.0,0,122.49,98.0,103.4,0.0483,0.6159,0,0.0,,5000.0,21.7645,72.1519
PAN-2,2022-01-26,other,26.03,74.66,36.26,0.0,8.28,12.34,24.12,0.0,1,44.01,47.0,51.19,0.0594,0.4032,0,0.0,,5000.0,21.7645,72.1519
PAN-2,2022-01-27,other,30.74,70.87,35.3,5.83,11.24,12.0,24.83,0.0,0,82.8,80.8,75.0,0.0706,0.6353,0,0.0,,5000.0,21.7645,72.1519
PAN-2,2022-01-28,other,32.58,69.02,30.13,14.23,7.49,12.51,23.82,0.0,0,63.05,49.6,57.03,0.0294,0.4767,0,0.0,,5000.0,21.7645,72.1519
PAN-2,2022-01-29,other,27.07,86.22,42.15,0.0,9.3,12.09,24.65,0.0,1,132.04,98.0,120.22,0.1199,0.7317,0,0.0,,5000.0,21.7645,72.1519
PAN-2,2022-01-30,other,29.43,72.39,38.14,8.22,10.74,12.0,24.84,0.0,0,57.92,53.7,54.59,0.1098,0.4998,0,0.0,,5000.0,21.7645,72.1519
PAN-2,2022-01-31,other,27.84,72.59,40.12,22.0,9.65,13.35,22.33,0.0,0,32.62,34.6,29.4,0.0,0.334,0,0.0,,5000.0,21.7645,72.1519
PAN-2,2022-02-01,summer,28.56,61.92,41.12,1.64,8.2,12.32,24.2,0.0,0,73.12,64.4,72.37,0.0,0.5978,0,0.0,,5000.0,21.7645,72.1519
PAN-2,2022-02-02,summer,28.09,69.08,39.07,0.0,10.39,12.0,25.04,0.0,1,109.54,98.0,122.34,0.1175,0.6267,0,0.0,,5000.0,21.7645,72.1519
PAN-2,2022-02-03,summer,27.16,57.69,34.3,1.78,9.09,11.76,23.83,0.0,0,48.93,54.6,49.91,0.0025,0.5041,0,0.0,,5000.0,21.7645,72.1519
PAN-2,2022-02-04,summer,29.01,67.59,39.81,7.69,6.62,12.0,23.48,0.0,0,69.74,57.5,56.86,0.0397,0.5678,0,0.0,,5000.0,21.7645,72.1519
PAN-2,2022-02-05,summer,28.09,80.54,30.98,0.0,7.86,12.0,23.61,0.0,1,67.94,75.1,65.05,0.0,0.4998,0,0.0,,5000.0,21.7645,72.1519
PAN-2,2022-02-06,summer,28.96,72.72,38.06,7.22,10.74,12.0,23.66,0.0,0,50.45,50.6,51.17,0.0248,0.4172,0,0.0,,5000.0,21.7645,72.1519
PAN-2,2022-02-07,summer,30.34,73.09,35.88,0.0,7.1,12.0,23.89,0.0,1,27.31,17.6,23.41,0.0481,0.2342,0,0.0,,5000.0,21.7645,72.1519
PAN-2,2022-02-08,summer,23.82,57.37,34.62,8.35,8.93,12.0,23.91,0.0,0,38.91,33.4,33.49,0.017,0.3287,0,0.0,,5000.0,21.7645,72.1519
PAN-2,2022-02-09,summer,29.77,65.28,38.24,1.96,9.5,12.0,24.19,0.0,0,34.34,40.5,40.34,0.0295,0.3974,0,0.0,,5000.0,21.7645,72.1519
PAN-2,2022-02-10,summer,29.25,66.35,33.94,10.1,9.55,12.03,24.13,0.0,0,41.49,49.0,47.45,0.0133,0.5037,0,0.0,,5000.0,21.7645,72.1519
PAN-2,2022-02-11,summer,29.31,68.38,29.2,0.0,7.77,12.0,24.4,0.0,1,44.84,52.8,49.06,0.0,0.4382,0,0.0,,5000.0,21.7645,72.1519
PAN-2,2022-02-12,summer,24.05,70.01,32.0,15.08,8.01,12.93,22.65,0.0,0,51.66,43.4,48.32,0.0016,0.4884,0,0.0,,5000.0,21.7645,72.1519
PAN-2,2022-02-13,summer,30.03,73.18,31.98,0.0,9.77,12.15,24.11,0.0,1,58.74,46.0,52.68,0.0085,0.4247,0,0.0,,5000.0,21.7645,72.1519
PAN-2,2022-02-14,summer,32.57,71.99,30.08,0.0,9.0,12.0,24.62,0.0,2,7.04,16.3,6.28,0.0906,0.1809,0,0.0,,5000.0,21.7645,72.1519
PAN-2,2022-02-15,summer,28.73,72.54,32.23,0.0,7.75,12.0,24.82,0.0,3,30.08,42.9,33.66,0.0541,0.2541,0,0.0,,5000.0,21.7645,72.1519
PAN-2,2022-02-16,summer,29.49,56.35,38.52,3.48,8.49,12.0,25.07,0.0,0,9.43,14.0,9.67,0.1048,0.2624,0,0.0,,5000.0,21.7645,72.1519
PAN-2,2022-02-17,summer,28.04,65.75,28.39,4.21,7.6,11.84,24.3,0.0,0,31.4,44.0,34.02,0.0587,0.4312,0,0.0,,5000.0,21.7645,72.1519
PAN-2,2022-02-18,summer,29.63,59.68,22.54,8.98,9.32,12.0,24.01,0.0,0,11.96,13.0,9.92,0.0,0.2246,0,0.0,,5000.0,21.7645,72.1519
PAN-2,2022-02-19,summer,29.53,66.87,28.63,9.77,9.77,12.12,23.77,0.0,0,22.01,26.1,24.39,0.0372,0.2682,0,0.0,,5000.0,21.7645,72.1519
PAN-2,2022-02-20,summer,30.24,69.79,33.23,0.0,10.15,12.0,24.25,0.0,1,44.94,45.1,62.64,0.0213,0.5982,0,0.0,,5000.0,21.7645,72.1519
PAN-2,2022-02-21,summer,30.06,58.99,21.98,15.88,9.97,12.7,22.92,0.0,0,20.29,31.4,19.7,0.0314,0.2044,0,0.0,,5000.0,21.7645,72.1519
PAN-2,2022-02-22,summer,34.21,54.98,16.9,8.62,10.67,12.53,23.23,0.0,0,28.1,32.2,22.43,0.0,0.2848,0,0.0,,5000.0,21.7645,72.1519
PAN-2,2022-02-23,summer,31.84,69.34,25.0,0.0,7.76,12.0,24.32,0.0,1,23.93,29.6,24.95,0.0498,0.2904,0,0.0,,5000.0,21.7645,72.1519
PAN-2,2022-02-24,summer,30.22,57.04,24.41,0.0,10.51,12.0,24.62,0.0,2,33.77,34.8,31.81,0.1181,0.2873,0,0.0,,5000.0,21.7645,72.1519
PAN-2,2022-02-25,summer,27.54,43.61,34.47,3.1,9.96,12.0,24.78,0.0,0,3.1,10.4,2.64,0.1355,0.1707,0,0.0,,5000.0,21.7645,72.1519
PAN-2,2022-02-26,summer,29.14,51.31,24.74,6.23,10.87,12.0,24.93,0.0,0,11.51,13.6,12.07,0.1334,0.2513,0,0.0,,5000.0,21.7645,72.1519
PAN-2,2022-02-27,summer,28.82,47.86,29.36,0.0,10.66,12.0,25.21,0.0,1,26.98,26.6,23.78,0.1051,0.2342,0,0.0,,5000.0,21.7645,72.1519
PAN-2,2022-02-28,summer,31.64,64.66,23.7,0.0,7.32,11.81,24.49,0.0,2,38.55,33.8,31.41,0.0551,0.3746,0,0.0,,5000.0,21.7645,72.1519
PAN-2,2022-03-01,summer,33.86,52.11,26.96,0.0,9.62,12.0,24.55,0.0,3,27.34,29.3,26.61,0.1013,0.3404,0,0.0,,5000.0,21.7645,72.1519
PAN-2,2022-03-02,summer,31.53,71.07,20.95,0.0,9.38,12.0,24.74,0.0,4,17.53,25.3,17.41,0.1326,0.3411,0,0.0,,5000.0,21.7645,72.1519
PAN-2,2022-03-03,summer,33.54,47.06,16.62,0.0,9.78,12.0,25.07,0.0,5,14.64,21.4,17.14,0.0959,0.2051,0,0.0,,5000.0,21.7645,72.1519
PAN-2,2022-03-04,summer,31.37,63.72,24.18,0.0,9.63,11.8,24.19,0.0,6,10.24,19.8,8.88,0.0387,0.2067,0,0.0,,5000.0,21.7645,72.1519
PAN-2,2022-03-05,summer,30.81,59.73,15.72,0.0,9.67,12.0,24.05,0.0,7,36.65,40.4,37.57,0.0,0.3044,0,0.0,,5000.0,21.7645,72.1519
PAN-2,2022-03-06,summer,32.36,57.95,15.45,19.88,11.0,13.16,21.92,0.0,0,1.98,11.4,2.04,0.0,0.1809,0,0.0,,5000.0,21.7645,72.1519
PAN-2,2022-03-07,summer,30.66,59.52,16.96,0.0,8.98,12.44,23.19,0.0,1,21.23,17.5,20.45,0.0396,0.2879,0,0.0,,5000.0,21.7645,72.1519
PAN-2,2022-03-08,summer,31.73,49.03,24.31,10.57,9.84,12.19,23.67,0.0,0,8.68,12.7,8.9,0.0445,0.2062,0,0.0,,5000.0,21.7645,72.1519
PAN-2,2022-03-09,summer,29.32,34.91,12.25,0.11,10.98,12.0,24.26,0.0,1,6.77,12.8,6.42,0.0077,0.0598,0,0.0,,5000.0,21.7645,72.1519
PAN-2,2022-03-10,summer,28.66,36.25,22.38,0.0,8.87,12.0,24.62,0.0,2,38.06,34.6,34.43,0.1231,0.3587,0,0.0,,5000.0,21.7645,72.1519
PAN-2,2022-03-11,summer,30.65,38.49,15.72,2.87,12.17,12.0,24.87,0.0,0,0.0,7.7,0.0,0.0985,0.1161,0,0.0,,5000.0,21.7645,72.1519
PAN-2,2022-03-12,summer,30.6,49.64,26.66,0.0,10.82,12.0,25.23,0.0,1,18.04,30.2,18.22,0.1362,0.2713,0,0.0,,5000.0,21.7645,72.1519
PAN-2,2022-03-13,summer,35.34,45.84,13.61,3.14,10.96,11.73,23.92,0.0,0,4.33,6.9,4.85,0.0,0.1867,0,0.0,,5000.0,21.7645,72.1519
PAN-2,2022-03-14,summer,30.89,42.21,18.91,0.0,12.39,12.0,23.83,0.0,1,0.34,8.8,0.0,0.0129,0.1658,0,0.0,,5000.0,21.7645,72.1519
PAN-2,2022-03-15,summer,29.03,46.55,9.91,0.0,10.47,12.0,24.01,0.0,2,0.0,16.3,0.0,0.0,0.129,0,0.0,,5000.0,21.7645,72.1519
PAN-2,2022-03-16,summer,33.25,46.88,12.19,0.0,10.69,12.0,24.28,0.0,3,0.0,9.3,0.0,0.1337,0.1667,0,0.0,,5000.0,21.7645,72.1519
PAN-2,2022-03-17,summer,33.17,40.97,14.63,0.0,10.28,12.0,24.61,0.0,4,1.64,9.6,1.48,0.066,0.1567,0,0.0,,5000.0,21.7645,72.1519
PAN-2,2022-03-18,summer,30.98,49.83,14.5,0.0,13.0,12.0,24.88,0.0,5,0.0,10.6,0.0,0.1102,0.1067,0,0.0,,5000.0,21.7645,72.1519
PAN-2,2022-03-19,summer,32.26,33.76,13.21,0.0,7.86,12.0,25.18,0.0,6,0.0,12.9,0.0,0.1491,0.1198,0,0.0,,5000.0,21.7645,72.1519
PAN-2,2022-03-20,summer,33.74,20.97,8.99,0.0,11.82,11.72,23.88,0.0,7,0.0,0.0,0.0,0.0,0.1431,0,0.0,,5000.0,21.7645,72.1519
PAN-2,2022-03-21,summer,30.56,23.1,13.41,0.0,11.44,12.0,23.77,0.0,8,0.0,13.4,0.0,0.0157,0.1294,0,0.0,,5000.0,21.7645,72.1519
PAN-2,2022-03-22,summer,31.0,40.3,8.02,0.0,7.98,12.0,23.95,0.0,9,0.56,13.0,0.0,0.0,0.0725,0,0.0,,5000.0,21.7645,72.1519
PAN-2,2022-03-23,summer,31.56,42.78,11.61,0.0,10.7,12.0,24.2,0.0,10,0.0,11.4,0.0,0.0691,0.083,0,0.0,,5000.0,21.7645,72.1519
PAN-2,2022-03-24,summer,34.82,37.02,5.36,0.0,10.66,12.0,24.41,0.0,11,0.84,8.4,0.0,0.0669,0.1755,0,0.0,,5000.0,21.7645,72.1519
PAN-2,2022-03-25,summer,33.82,37.25,6.29,0.0,11.42,12.0,24.64,0.0,12,0.38,7.9,0.0,0.0942,0.1833,0,0.0,,5000.0,21.7645,72.1519
PAN-2,2022-03-26,summer,33.07,27.84,6.08,0.0,10.29,12.0,24.87,0.0,13,0.32,0.9,0.0,0.1318,0.1334,0,0.0,,5000.0,21.7645,72.1519
PAN-2,2022-03-27,summer,31.79,25.73,5.89,0.0,9.09,12.0,25.08,0.0,14,7.58,18.6,7.29,0.2159,0.1021,0,0.0,,5000.0,21.7645,72.1519
PAN-2,2022-03-28,summer,32.35,36.35,5.94,0.0,12.48,11.84,24.46,0.0,15,0.0,9.6,0.0,0.0433,0.2079,0,0.0,,5000.0,21.7645,72.1519
PAN-2,2022-03-29,summer,30.34,31.55,9.28,0.0,11.12,12.0,24.43,0.0,16,5.92,9.6,6.1,0.099,0.1395,0,0.0,,5000.0,21.7645,72.1519
PAN-2,2022-03-30,summer,32.04,30.54,3.72,0.0,10.92,12.0,24.6,0.0,17,0.0,13.3,0.0,0.1094,0.1115,0,0.0,,5000.0,21.7645,72.1519
PAN-2,2022-03-31,summer,33.45,41.85,11.23,0.0,9.5,12.0,24.87,0.0,18,0.5,4.1,0.0,0.0361,0.1395,0,0.0,,5000.0,21.7645,72.1519
PAN-2,2022-04-01,summer,33.47,49.77,3.1,0.0,10.11,12.0,24.99,0.0,19,0.46,9.5,0.0,0.1068,0.17,0,0.0,,5000.0,21.7645,72.1519
PAN-2,2022-04-02,summer,33.89,29.89,0.0,0.0,10.63,12.0,25.11,0.0,20,29.77,36.8,29.54,0.1336,0.2886,0,0.0,,5000.0,21.7645,72.1519
PAN-2,2022-04-03,summer,35.8,29.42,12.69,0.0,11.29,11.67,23.39,0.0,21,17.98,26.5,17.69,0.0,0.2114,0,0.0,,5000.0,21.7645,72.1519
PAN-2,2022-04-04,summer,37.12,43.47,10.0,0.0,11.75,12.0,23.16,0.0,22,18.8,32.1,20.56,0.0,0.2457,0,0.0,,5000.0,21.7645,72.1519
PAN-2,2022-04-05,summer,34.78,34.32,6.99,0.0,11.12,12.0,23.42,0.0,23,0.0,3.9,0.0,0.0146,0.1955,0,0.0,,5000.0,21.7645,72.1519
PAN-2,2022-04-06,summer,35.62,33.29,10.56,0.62,10.52,12.0,23.77,0.0,24,0.0,0.0,0.0,0.0407,0.0,0,0.0,,5000.0,21.7645,72.1519
PAN-2,2022-04-07,summer,33.68,39.62,3.52,0.0,10.66,12.0,23.93,0.0,25,18.08,17.1,19.64,0.0173,0.1727,0,0.0,,5000.0,21.7645,72.1519
PAN-2,2022-04-08,summer,32.66,37.08,2.93,0.0,11.16,12.0,24.08,0.0,26,0.0,0.0,0.0,0.0123,0.1731,0,0.0,,5000.0,21.7645,72.1519
PAN-2,2022-04-09,summer,33.93,35.07,5.32,0.0,12.18,12.0,24.3,0.0,27,0.42,6.1,0.0,0.0489,0.0786,0,0.0,,5000.0,21.7645,72.1519
PAN-2,2022-04-10,summer,34.76,25.83,11.07,0.0,10.55,12.0,24.68,0.0,28,0.0,3.1,0.0,0.0861,0.09,0,0.0,,5000.0,21.7645,72.1519
PAN-2,2022-04-11,summer,32.01,46.14,7.95,0.0,12.61,12.0,24.89,0.0,29,0.58,0.0,0.0,0.0712,0.1354,0,0.0,,5000.0,21.7645,72.1519
PAN-2,2022-04-12,summer,33.72,28.83,9.74,0.0,10.09,12.0,25.2,0.0,30,0.0,0.0,0.0,0.1476,0.1509,0,0.0,,5000.0,21.7645,72.1519
PAN-2,2022-04-13,summer,34.4,35.81,2.27,2.16,11.28,11.87,24.8,0.0,0,0.43,7.1,0.0,0.149,0.1308,0,0.0,,5000.0,21.7645,72.1519
PAN-2,2022-04-14,summer,36.62,32.0,4.11,0.0,12.38,12.0,24.81,0.0,1,1.51,8.3,0.64,0.1185,0.1011,0,0.0,,5000.0,21.7645,72.1519
PAN-2,2022-04-15,summer,35.87,45.12,5.57,0.0,10.27,12.0,25.01,0.0,2,16.59,17.7,18.11,0.1763,0.2004,0,0.0,,5000.0,21.7645,72.1519
PAN-2,2022-04-16,summer,32.51,32.71,0.96,0.0,13.0,11.9,24.78,0.0,3,4.81,9.2,3.74,0.0218,0.1292,0,0.0,,5000.0,21.7645,72.1519
PAN-2,2022-04-17,summer,35.96,45.78,0.0,0.0,10.55,12.0,24.7,0.0,4,25.95,35.5,25.53,0.0203,0.31,0,0.0,,5000.0,21.7645,72.1519
PAN-2,2022-04-18,summer,34.9,25.05,8.5,0.0,10.48,12.0,25.03,0.0,5,11.1,28.3,12.45,0.1798,0.2075,0,0.0,,5000.0,21.7645,72.1519
PAN-2,2022-04-19,summer,32.37,42.01,9.68,0.0,11.63,11.82,24.23,0.0,6,4.93,5.1,4.67,0.062,0.1388,0,0.0,,5000.0,21.7645,72.1519
PAN-2,2022-04-20,summer,34.21,33.32,10.18,0.0,12.21,12.0,24.25,0.0,7,15.68,16.3,15.92,0.0198,0.1876,0,0.0,,5000.0,21.7645,72.1519
PAN-2,2022-04-21,summer,33.56,22.52,1.73,0.0,10.3,12.0,24.41,0.0,8,8.48,27.5,7.84,0.0546,0.0899,0,0.0,,5000.0,21.7645,72.1519
PAN-2,2022-04-22,summer,29.74,40.84,14.59,0.0,11.2,12.0,24.69,0.0,9,9.14,10.6,12.18,0.1112,0.2051,0,0.0,,5000.0,21.7645,72.1519
PAN-2,2022-04-23,summer,30.57,47.71,10.28,0.0,11.6,12.0,24.9,0.0,10,11.25,0.0,9.86,0.1224,0.2152,0,0.0,,5000.0,21.7645,72.1519
PAN-2,2022-04-24,summer,35.23,39.13,12.25,0.0,11.9,12.0,25.26,0.0,11,6.93,21.7,8.21,0.1997,0.1776,0,0.0,,5000.0,21.7645,72.1519
PAN-2,2022-04-25,summer,31.37,30.36,8.7,0.0,9.81,11.8,24.49,0.0,12,10.66,15.7,10.67,0.1009,0.1761,0,0.0,,5000.0,21.7645,72.1519
PAN-2,2022-04-26,summer,38.05,37.23,10.99,0.0,11.66,12.0,24.54,0.0,13,0.76,16.1,0.0,0.0902,0.1547,0,0.0,,5000.0,21.7645,72.1519
PAN-2,2022-04-27,summer,34.86,38.64,5.71,0.0,8.31,12.0,24.74,0.0,14,0.79,25.2,0.0,0.0619,0.1323,0,0.0,,5000.0,21.7645,72.1519
PAN-2,2022-04-28,summer,35.7,29.6,4.46,0.0,11.02,12.0,24.97,0.0,15,6.32,12.5,6.84,0.0868,0.1673,0,0.0,,5000.0,21.7645,72.1519
PAN-2,2022-04-29,summer,32.4,26.58,0.0,0.0,12.42,12.0,25.09,0.0,16,0.83,15.5,0.0,0.1379,0.1345,0,0.0,,5000.0,21.7645,72.1519
PAN-2,2022-04-30,summer,30.73,26.14,6.14,0.0,12.21,11.83,24.4,0.0,17,20.28,24.1,16.85,0.0272,0.3348,0,0.0,,5000.0,21.7645,72.1519
PAN-2,2022-05-01,summer,33.94,30.1,11.82,0.0,12.1,12.0,24.48,0.0,18,1.08,1.9,0.0,0.0333,0.0884,0,0.0,,5000.0,21.7645,72.1519
PAN-2,2022-05-02,summer,30.15,21.78,10.16,0.0,13.0,12.0,24.8,0.0,19,0.0,17.8,0.0,0.0164,0.1689,0,0.0,,5000.0,21.7645,72.1519
PAN-2,2022-05-03,summer,33.53,27.73,11.16,0.0,12.82,12.0,25.17,0.0,20,16.25,22.5,14.87,0.1292,0.3051,0,0.0,,5000.0,21.7645,72.1519
PAN-2,2022-05-04,summer,32.13,34.17,9.93,0.0,10.05,11.79,24.29,0.0,21,40.76,53.1,37.69,0.0,0.3173,0,0.0,,5000.0,21.7645,72.1519
PAN-2,2022-05-05,summer,34.26,23.33,7.88,0.0,9.5,12.0,24.22,0.0,22,50.91,38.5,44.08,0.041,0.4066,0,0.0,,5000.0,21.7645,72.1519
PAN-2,2022-05-06,summer,33.51,48.04,10.51,0.0,9.68,12.0,24.45,0.0,23,0.0,0.9,0.0,0.0507,0.1025,0,0.0,,5000.0,21.7645,72.1519
PAN-2,2022-05-07,summer,30.81,25.82,2.35,0.0,11.61,12.0,24.6,0.0,24,0.18,0.0,0.0,0.1307,0.0198,0,0.0,,5000.0,21.7645,72.1519
PAN-2,2022-05-08,summer,35.37,32.94,16.49,0.0,11.75,12.0,24.58,0.0,25,0.5,7.3,0.0,0.0438,0.199,0,0.0,,5000.0,21.7645,72.1519
PAN-2,2022-05-09,summer,34.77,24.47,8.58,0.0,12.33,12.0,24.93,0.0,26,0.25,11.8,0.0,0.1149,0.1247,0,0.0,,5000.0,21.7645,72.1519
PAN-2,2022-05-10,summer,33.83,44.43,4.38,0.0,9.7,12.0,25.09,0.0,27,6.17,20.9,5.79,0.0497,0.1799,0,0.0,,5000.0,21.7645,72.1519
PAN-2,2022-05-11,summer,31.98,33.45,3.55,0.0,9.72,11.88,24.75,0.0,28,0.05,17.0,0.0,0.0624,0.0425,0,0.0,,5000.0,21.7645,72.1519
PAN-2,2022-05-12,summer,34.09,42.66,11.84,0.0,10.38,12.0,24.83,0.0,29,0.0,6.7,0.0,0.0665,0.13,0,0.0,,5000.0,21.7645,72.1519
PAN-2,2022-05-13,summer,35.08,26.95,10.07,0.0,12.01,12.0,25.21,0.0,30,0.05,0.0,0.0,0.1541,0.1242,0,0.0,,5000.0,21.7645,72.1519
PAN-2,2022-05-14,summer,33.02,41.55,0.76,0.0,11.24,11.91,25.12,0.0,31,17.77,16.7,16.62,0.1471,0.1498,0,0.0,,5000.0,21.7645,72.1519
PAN-2,2022-05-15,summer,33.36,30.96,7.89,0.0,11.62,11.79,24.02,0.0,32,2.77,5.1,2.48,0.0158,0.0886,0,0.0,,5000.0,21.7645,72.1519
PAN-2,2022-05-16,summer,36.28,32.95,8.69,0.0,11.25,12.0,23.99,0.0,33,11.64,14.2,13.98,0.0271,0.1872,0,0.0,,5000.0,21.7645,72.1519
PAN-2,2022-05-17,summer,30.2,39.71,0.0,0.0,13.0,12.0,24.08,0.0,34,7.46,8.7,6.03,0.0435,0.1372,0,0.0,,5000.0,21.7645,72.1519
PAN-2,2022-05-18,summer,34.19,35.96,11.87,0.0,13.0,12.0,24.44,0.0,35,0.66,2.2,0.0,0.0765,0.0181,0,0.0,,5000.0,21.7645,72.1519
PAN-2,2022-05-19,summer,36.11,38.04,6.55,0.0,10.62,12.0,24.69,0.0,36,0.0,0.0,0.0,0.107,0.1041,0,0.0,,5000.0,21.7645,72.1519
PAN-2,2022-05-20,summer,32.14,24.09,8.89,0.0,11.2,12.0,24.99,0.0,37,0.17,4.6,0.0,0.1447,0.0825,0,0.0,,5000.0,21.7645,72.1519
PAN-2,2022-05-21,summer,37.56,33.24,9.54,0.0,10.48,12.0,25.35,0.0,38,0.0,13.8,0.0,0.133,0.0,0,0.0,,5000.0,21.7645,72.1519
PAN-2,2022-05-22,summer,37.05,19.68,0.0,0.0,10.62,11.86,25.01,0.0,39,0.0,5.1,0.0,0.1463,0.1269,0,0.0,,5000.0,21.7645,72.1519
PAN-2,2022-05-23,summer,30.87,41.78,5.3,14.07,10.28,12.73,22.63,0.0,0,0.71,0.0,0.0,0.0938,0.0845,0,0.0,,5000.0,21.7645,72.1519
PAN-2,2022-05-24,summer,34.01,24.6,11.66,0.0,10.84,12.0,24.18,0.0,1,3.83,10.1,3.9,0.0595,0.1693,0,0.0,,5000.0,21.7645,72.1519
PAN-2,2022-05-25,summer,33.27,34.05,5.28,0.0,10.87,12.0,24.39,0.0,2,10.9,15.6,12.05,0.0389,0.1972,0,0.0,,5000.0,21.7645,72.1519
PAN-2,2022-05-26,summer,33.47,26.82,1.87,0.0,10.08,12.0,24.55,0.0,3,1.16,9.4,0.92,0.1141,0.1398,0,0.0,,5000.0,21.7645,72.1519
PAN-2,2022-05-27,summer,32.87,42.46,2.54,0.0,11.66,12.0,24.69,0.0,4,1.93,10.3,1.96,0.0892,0.2138,0,0.0,,5000.0,21.7645,72.1519
PAN-2,2022-05-28,summer,31.41,31.35,0.0,0.0,11.98,12.0,24.8,0.0,5,58.74,45.9,49.54,0.0593,0.4425,0,0.0,,5000.0,21.7645,72.1519
PAN-2,2022-05-29,summer,34.5,34.27,12.74,0.0,9.98,12.0,25.16,0.0,6,0.0,13.8,0.0,0.1776,0.0787,0,0.0,,5000.0,21.7645,72.1519
PAN-2,2022-05-30,summer,36.59,43.18,8.92,0.0,11.59,11.77,24.15,0.0,7,3.77,8.2,4.91,0.0314,0.1005,0,0.0,,5000.0,21.7645,72.1519
PAN-2,2022-05-31,summer,31.32,42.62,6.19,0.0,9.93,12.0,23.92,0.0,8,1.2,6.8,0.0,0.11,0.042,0,0.0,,5000.0,21.7645,72.1519
PAN-2,2022-06-01,summer,34.17,31.77,14.56,1.71,9.41,12.0,24.26,0.0,0,4.57,8.9,4.04,0.0486,0.1306,0,0.0,,5000.0,21.7645,72.1519
PAN-2,2022-06-02,summer,32.33,35.99,9.53,0.0,10.07,12.0,24.52,0.0,1,0.0,11.6,0.0,0.0406,0.1593,0,0.0,,5000.0,21.7645,72.1519
PAN-2,2022-06-03,summer,33.39,40.76,11.39,11.28,9.08,12.2,24.12,0.0,0,3.26,0.0,2.65,0.0805,0.1602,0,0.0,,5000.0,21.7645,72.1519
PAN-2,2022-06-04,summer,35.06,38.08,10.13,0.0,10.79,12.0,24.77,0.0,1,0.71,14.8,0.0,0.0831,0.0986,0,0.0,,5000.0,21.7645,72.1519
PAN-2,2022-06-05,summer,34.25,38.34,10.19,0.0,11.44,12.0,25.07,0.0,2,9.15,15.2,11.77,0.165,0.1867,0,0.0,,5000.0,21.7645,72.1519
PAN-2,2022-06-06,summer,32.45,47.13,8.5,0.0,10.59,11.85,24.5,0.0,3,0.0,1.7,0.48,0.0078,0.0673,0,0.0,,5000.0,21.7645,72.1519
PAN-2,2022-06-07,summer,31.69,34.37,7.36,0.0,11.96,12.0,24.47,0.0,4,3.06,0.7,2.98,0.0156,0.1956,0,0.0,,5000.0,21.7645,72.1519
PAN-2,2022-06-08,summer,30.59,36.95,9.53,0.0,12.82,12.0,24.72,0.0,5,0.0,5.1,0.0,0.0833,0.0268,0,0.0,,5000.0,21.7645,72.1519
PAN-2,2022-06-09,summer,33.93,45.52,10.71,0.0,11.41,12.0,24.99,0.0,6,0.13,8.4,0.0,0.1399,0.0799,0,0.0,,5000.0,21.7645,72.1519
PAN-2,2022-06-10,summer,28.63,31.28,4.83,0.0,9.9,12.0,25.14,0.0,7,2.03,3.5,2.4,0.1038,0.1501,0,0.0,,5000.0,21.7645,72.1519
PAN-2,2022-06-11,summer,33.45,35.11,5.81,0.0,10.92,11.83,24.51,0.0,8,0.01,13.9,0.44,0.0702,0.1188,0,0.0,,5000.0,21.7645,72.1519
PAN-2,2022-06-12,summer,30.27,32.72,2.56,0.0,7.93,12.0,24.33,0.0,9,0.17,0.0,0.0,0.0516,0.0415,0,0.0,,5000.0,21.7645,72.1519
PAN-2,2022-06-13,summer,34.96,46.14,11.0,0.0,13.0,12.0,24.63,0.0,10,0.0,19.6,0.0,0.0411,0.1448,0,0.0,,5000.0,21.7645,72.1519
PAN-2,2022-06-14,summer,30.08,54.27,10.28,0.0,12.73,12.0,24.81,0.0,11,0.0,15.2,0.0,0.1597,0.2052,0,0.0,,5000.0,21.7645,72.1519
PAN-2,2022-06-15,summer,31.76,38.19,7.36,0.0,10.19,12.0,25.02,0.0,12,22.32,33.3,24.83,0.1658,0.2817,0,0.0,,5000.0,21.7645,72.1519
PAN-2,2022-06-16,summer,30.99,47.81,4.36,0.0,10.17,11.91,24.81,0.0,13,1.2,9.6,0.0,0.0732,0.0657,0,0.0,,5000.0,21.7645,72.1519
PAN-2,2022-06-17,summer,34.34,42.93,5.97,0.0,10.01,12.0,24.85,0.0,14,0.76,6.9,0.0,0.1064,0.0971,0,0.0,,5000.0,21.7645,72.1519
PAN-2,2022-06-18,summer,29.76,44.95,8.32,0.0,13.0,12.0,25.04,0.0,15,0.0,4.2,0.0,0.1323,0.1298,0,0.0,,5000.0,21.7645,72.1519
PAN-2,2022-06-19,summer,33.84,40.08,11.13,0.0,13.0,11.76,23.88,0.0,16,0.27,1.2,0.0,0.0,0.0371,0,0.0,,5000.0,21.7645,72.1519
PAN-2,2022-06-20,summer,31.43,27.79,8.58,0.0,11.37,12.0,23.74,0.0,17,2.22,0.2,2.5,0.0328,0.2244,0,0.0,,5000.0,21.7645,72.1519
PAN-2,2022-06-21,summer,33.38,39.7,8.63,0.0,9.48,12.0,23.98,0.0,18,1.4,15.6,1.26,0.0811,0.1559,0,0.0,,5000.0,21.7645,72.1519
PAN-2,2022-06-22,summer,33.31,41.92,13.79,0.0,12.37,12.0,24.32,0.0,19,4.33,14.7,3.71,0.0,0.1208,0,0.0,,5000.0,21.7645,72.1519
PAN-2,2022-06-23,summer,32.41,49.96,16.7,0.0,11.19,12.0,24.63,0.0,20,6.51,24.9,5.55,0.0505,0.1065,0,0.0,,5000.0,21.7645,72.1519
PAN-2,2022-06-24,summer,32.3,43.61,7.87,0.0,11.85,12.0,24.84,0.0,21,1.45,2.9,1.59,0.1341,0.2187,0,0.0,,5000.0,21.7645,72.1519
PAN-2,2022-06-25,summer,32.87,42.33,6.21,0.0,12.47,12.0,25.04,0.0,22,1.03,15.7,0.0,0.1607,0.1214,0,0.0,,5000.0,21.7645,72.1519
PAN-2,2022-06-26,summer,31.42,47.24,5.76,0.0,10.28,11.89,24.72,0.0,23,12.94,28.2,17.13,0.1684,0.2162,0,0.0,,5000.0,21.7645,72.1519
PAN-2,2022-06-27,summer,30.37,40.21,11.0,0.0,11.69,12.0,24.77,0.0,24,3.55,11.5,4.06,0.0829,0.1596,0,0.0,,5000.0,21.7645,72.1519
PAN-2,2022-06-28,summer,30.91,30.4,4.1,0.0,11.54,12.0,24.94,0.0,25,0.0,3.7,0.0,0.0921,0.1138,0,0.0,,5000.0,21.7645,72.1519
PAN-2,2022-06-29,summer,32.15,44.41,5.35,0.0,10.01,12.0,25.1,0.0,26,17.6,24.8,17.84,0.1599,0.2876,0,0.0,,5000.0,21.7645,72.1519
PAN-2,2022-06-30,summer,32.69,41.18,3.6,0.0,11.33,11.88,24.77,0.0,27,1.08,3.6,1.2,0.0796,0.1514,0,0.0,,5000.0,21.7645,72.1519
PAN-2,2022-07-01,monsoon,31.63,42.8,13.33,0.0,9.92,12.0,24.83,0.0,28,41.74,33.8,38.75,0.1201,0.3817,0,0.0,,5000.0,21.7645,72.1519
PAN-2,2022-07-02,monsoon,31.6,44.51,5.61,0.0,12.97,12.0,25.0,0.0,29,9.29,9.5,8.41,0.163,0.1273,0,0.0,,5000.0,21.7645,72.1519
PAN-2,2022-07-03,monsoon,30.06,35.65,9.68,0.0,10.98,11.83,24.25,0.0,30,0.12,0.2,0.0,0.0535,0.1223,0,0.0,,5000.0,21.7645,72.1519
PAN-2,2022-07-04,monsoon,29.64,38.16,16.92,0.0,9.57,12.0,24.26,0.0,31,4.79,14.1,5.07,0.0459,0.1927,0,0.0,,5000.0,21.7645,72.1519
PAN-2,2022-07-05,monsoon,30.7,47.12,20.25,0.0,11.49,12.0,24.6,0.0,32,1.65,13.7,1.31,0.0,0.1044,0,0.0,,5000.0,21.7645,72.1519
PAN-2,2022-07-06,monsoon,30.46,46.93,18.68,0.0,10.75,12.0,24.91,0.0,33,0.65,16.2,0.0,0.0951,0.0837,0,0.0,,5000.0,21.7645,72.1519
PAN-2,2022-07-07,monsoon,31.72,43.07,17.65,0.0,9.97,12.0,25.24,0.0,34,29.16,33.9,30.29,0.1167,0.3437,0,0.0,,5000.0,21.7645,72.1519
PAN-2,2022-07-08,monsoon,29.2,57.06,21.21,0.0,9.3,11.8,24.47,0.0,35,39.99,40.0,38.59,0.0806,0.368,0,0.0,,5000.0,21.7645,72.1519
PAN-2,2022-07-09,monsoon,30.45,56.25,15.14,1.39,10.79,12.0,24.3,0.0,0,23.59,9.3,23.08,0.0407,0.2606,0,0.0,,5000.0,21.7645,72.1519
PAN-2,2022-07-10,monsoon,29.94,51.81,15.76,0.0,8.64,12.0,24.52,0.0,1,40.07,42.8,36.15,0.0,0.3425,0,0.0,,5000.0,21.7645,72.1519
PAN-2,2022-07-11,monsoon,32.47,59.39,16.91,11.44,11.67,12.27,23.98,0.0,0,11.38,19.6,11.07,0.0,0.2575,0,0.0,,5000.0,21.7645,72.1519
PAN-2,2022-07-12,monsoon,29.01,33.25,16.73,0.0,8.79,12.0,24.75,0.0,1,44.1,47.4,49.81,0.1296,0.482,0,0.0,,5000.0,21.7645,72.1519
PAN-2,2022-07-13,monsoon,28.19,51.67,17.47,0.0,9.91,12.0,24.98,0.0,2,8.11,16.3,6.9,0.0747,0.1106,0,0.0,,5000.0,21.7645,72.1519
PAN-2,2022-07-14,monsoon,28.19,52.94,21.34,0.0,10.85,12.0,25.25,0.0,3,16.09,23.1,17.61,0.1348,0.211,0,0.0,,5000.0,21.7645,72.1519
PAN-2,2022-07-15,monsoon,31.35,56.85,21.52,13.28,11.48,12.28,22.91,0.0,0,76.3,66.9,71.26,0.0409,0.6309,0,0.0,,5000.0,21.7645,72.1519
PAN-2,2022-07-16,monsoon,28.4,54.91,24.76,0.0,11.3,12.0,23.66,0.0,1,40.17,52.0,41.26,0.0,0.3537,0,0.0,,5000.0,21.7645,72.1519
PAN-2,2022-07-17,monsoon,26.33,48.82,27.55,20.22,10.8,12.92,21.98,0.0,0,66.81,68.5,71.29,0.0,0.5606,0,0.0,,5000.0,21.7645,72.1519
PAN-2,2022-07-18,monsoon,25.42,61.98,29.85,0.0,8.15,12.17,23.34,0.0,1,5.73,15.1,6.88,0.0628,0.1949,0,0.0,,5000.0,21.7645,72.1519
PAN-2,2022-07-19,monsoon,29.84,46.84,14.63,22.27,9.75,13.57,20.94,0.0,0,5.98,8.7,5.58,0.0,0.131,0,0.0,,5000.0,21.7645,72.1519
PAN-2,2022-07-20,monsoon,31.92,55.92,25.94,0.0,9.44,12.38,22.96,0.0,1,53.5,55.3,55.39,0.0037,0.4489,0,0.0,,5000.0,21.7645,72.1519
PAN-2,2022-07-21,monsoon,28.35,57.02,23.85,0.36,11.5,12.0,23.85,0.0,2,2.0,15.6,1.98,0.001,0.1353,0,0.0,,5000.0,21.7645,72.1519
PAN-2,2022-07-22,monsoon,30.24,74.46,27.18,0.0,8.99,12.0,24.04,0.0,3,38.97,48.5,45.21,0.0571,0.4042,0,0.0,,5000.0,21.7645,72.1519
PAN-2,2022-07-23,monsoon,28.33,59.34,27.32,13.68,10.16,12.41,23.25,0.0,0,15.18,25.8,18.01,0.0,0.1853,0,0.0,,5000.0,21.7645,72.1519
PAN-2,2022-07-24,monsoon,27.12,59.88,27.11,0.0,9.18,12.0,24.17,0.0,1,13.35,21.6,14.51,0.0211,0.1715,0,0.0,,5000.0,21.7645,72.1519
PAN-2,2022-07-25,monsoon,25.02,64.42,29.91,5.92,9.43,12.0,24.21,0.0,0,51.65,52.0,54.77,0.0,0.4603,0,0.0,,5000.0,21.7645,72.1519
PAN-2,2022-07-26,monsoon,26.8,72.1,21.56,2.1,9.88,12.0,24.29,0.0,0,88.81,79.2,80.56,0.0037,0.6382,0,0.0,,5000.0,21.7645,72.1519
PAN-2,2022-07-27,monsoon,28.18,71.7,23.8,32.04,9.14,14.63,19.92,0.0,0,24.12,25.3,27.87,0.0,0.183,0,0.0,,5000.0,21.7645,72.1519
PAN-2,2022-07-28,monsoon,26.58,67.03,32.33,0.0,8.29,13.88,21.0,0.0,1,40.58,45.2,42.26,0.0,0.2826,0,0.0,,5000.0,21.7645,72.1519
PAN-2,2022-07-29,monsoon,26.77,66.21,29.16,0.0,8.87,13.15,22.17,0.0,2,68.73,64.9,71.21,0.0348,0.6029,0,0.0,,5000.0,21.7645,72.1519
PAN-2,2022-07-30,monsoon,30.62,70.49,34.23,0.0,10.2,12.19,23.92,0.0,3,31.68,30.8,34.72,0.0,0.2726,0,0.0,,5000.0,21.7645,72.1519
PAN-2,2022-07-31,monsoon,28.97,70.14,29.57,2.92,10.12,12.0,24.39,0.0,0,15.54,18.5,16.36,0.0677,0.2845,0,0.0,,5000.0,21.7645,72.1519
PAN-2,2022-08-01,monsoon,26.88,68.52,37.12,0.0,5.85,12.0,24.61,0.0,1,72.33,61.2,64.47,0.08,0.7777,0,0.0,,5000.0,21.7645,72.1519
PAN-2,2022-08-02,monsoon,31.45,72.17,38.1,30.74,9.81,14.05,21.02,0.0,0,24.97,18.5,23.42,0.0,0.3177,0,0.0,,5000.0,21.7645,72.1519
PAN-2,2022-08-03,monsoon,28.34,70.45,25.58,3.71,10.21,13.76,21.46,0.0,0,16.6,22.9,18.5,0.0112,0.1898,0,0.0,,5000.0,21.7645,72.1519
PAN-2,2022-08-04,monsoon,30.76,79.14,38.74,0.0,9.26,13.02,22.67,0.0,1,54.2,51.7,57.56,0.0012,0.5382,0,0.0,,5000.0,21.7645,72.1519
PAN-2,2022-08-05,monsoon,24.97,72.24,30.15,0.0,10.01,12.44,23.73,0.0,2,38.2,40.7,36.34,0.0,0.4331,0,0.0,,5000.0,21.7645,72.1519
PAN-2,2022-08-06,monsoon,29.88,78.76,38.22,0.0,8.63,12.0,24.67,0.0,3,24.96,37.6,38.84,0.1027,0.4298,0,0.0,,5000.0,21.7645,72.1519
PAN-2,2022-08-07,monsoon,25.77,73.9,32.05,0.9,9.79,12.0,24.84,0.0,4,30.09,31.6,28.22,0.1006,0.2798,0,0.0,,5000.0,21.7645,72.1519
PAN-2,2022-08-08,monsoon,28.4,72.91,39.08,0.86,7.95,12.0,25.07,0.0,5,55.7,59.4,60.16,0.1428,0.5377,0,0.0,,5000.0,21.7645,72.1519
PAN-2,2022-08-09,monsoon,23.03,91.83,30.45,0.62,10.25,11.97,25.28,0.0,6,30.85,46.3,38.79,0.1312,0.3973,0,0.0,,5000.0,21.7645,72.1519
PAN-2,2022-08-10,monsoon,26.59,79.94,35.94,10.06,9.01,12.46,23.64,0.0,0,61.48,57.3,55.85,0.0,0.3901,0,0.0,,5000.0,21.7645,72.1519
PAN-2,2022-08-11,monsoon,23.58,78.66,29.21,10.03,10.68,13.05,22.56,0.0,0,56.57,57.8,66.01,0.0,0.6205,0,0.0,,5000.0,21.7645,72.1519
PAN-2,2022-08-12,monsoon,26.08,78.81,34.79,16.18,6.95,14.19,20.74,0.0,0,31.45,40.8,36.18,0.0419,0.2866,0,0.0,,5000.0,21.7645,72.1519
PAN-2,2022-08-13,monsoon,27.87,70.61,41.71,10.45,9.29,14.3,20.58,0.0,0,43.3,36.7,36.95,0.0693,0.2875,0,0.0,,5000.0,21.7645,72.1519
PAN-2,2022-08-14,monsoon,26.62,69.59,40.6,11.24,9.91,14.52,20.26,0.0,0,48.44,52.5,43.83,0.0,0.3622,0,0.0,,5000.0,21.7645,72.1519
PAN-2,2022-08-15,monsoon,26.58,96.58,34.21,0.0,11.41,14.43,20.39,0.0,1,56.03,55.9,48.53,0.0627,0.3902,0,0.0,,5000.0,21.7645,72.1519
PAN-2,2022-08-16,monsoon,28.02,87.41,44.2,4.17,10.39,14.4,20.43,0.0,0,43.23,52.6,45.06,0.0,0.3194,0,0.0,,5000.0,21.7645,72.1519
PAN-2,2022-08-17,monsoon,22.7,75.67,40.89,2.29,10.9,14.04,20.96,0.0,0,17.92,19.6,18.17,0.0187,0.1662,0,0.0,,5000.0,21.7645,72.1519
PAN-2,2022-08-18,monsoon,24.66,78.77,41.12,10.3,9.13,14.52,20.27,0.0,0,128.67,98.0,98.69,0.0899,0.6583,0,0.0,,5000.0,21.7645,72.1519
PAN-2,2022-08-19,monsoon,26.49,66.46,37.61,0.0,7.18,13.69,21.5,0.0,1,15.5,12.1,15.28,0.0,0.1169,0,0.0,,5000.0,21.7645,72.1519
PAN-2,2022-08-20,monsoon,22.32,74.18,35.69,4.94,10.07,13.65,21.56,0.0,0,49.6,53.0,52.38,0.0437,0.4079,0,0.0,,5000.0,21.7645,72.1519
PAN-2,2022-08-21,monsoon,23.46,70.11,47.51,24.24,8.43,15.28,19.26,0.0,0,42.48,45.1,58.63,0.0437,0.4362,0,0.0,,5000.0,21.7645,72.1519
PAN-2,2022-08-22,monsoon,27.99,88.38,29.64,2.4,9.98,15.23,19.32,0.0,0,17.94,23.6,16.64,0.01,0.1498,0,0.0,,5000.0,21.7645,72.1519
PAN-2,2022-08-23,monsoon,28.62,83.26,40.21,0.0,10.18,14.67,20.05,0.0,1,33.11,31.7,36.69,0.0058,0.3067,0,0.0,,5000.0,21.7645,72.1519
PAN-2,2022-08-24,monsoon,27.88,86.7,34.28,22.38,6.89,16.58,17.74,0.0,0,16.38,24.6,14.71,0.0369,0.0907,0,0.0,,5000.0,21.7645,72.1519
PAN-2,2022-08-25,monsoon,24.67,74.38,39.26,5.5,8.69,16.5,17.82,0.0,0,5.96,8.6,6.19,0.0268,0.0764,0,0.0,,5000.0,21.7645,72.1519
PAN-2,2022-08-26,monsoon,25.66,85.55,35.82,11.96,8.07,17.36,16.94,0.0,0,26.85,22.9,25.45,0.0,0.2477,0,0.0,,5000.0,21.7645,72.1519
PAN-2,2022-08-27,monsoon,24.68,79.84,34.69,16.53,9.02,18.56,15.84,0.0,0,6.19,14.7,6.78,0.0,0.0666,0,0.0,,5000.0,21.7645,72.1519
PAN-2,2022-08-28,monsoon,27.67,72.79,28.1,9.28,8.33,18.9,15.56,0.0,0,85.83,71.6,71.23,0.0,0.4696,0,0.0,,5000.0,21.7645,72.1519
PAN-2,2022-08-29,monsoon,28.45,81.09,34.69,0.0,7.27,18.41,15.98,0.0,1,26.87,25.9,26.95,0.0074,0.2344,0,0.0,,5000.0,21.7645,72.1519
PAN-2,2022-08-30,monsoon,23.12,90.11,30.74,2.91,10.36,18.51,15.89,0.0,0,57.83,46.7,54.88,0.0,0.3142,0,0.0,,5000.0,21.7645,72.1519
PAN-2,2022-08-31,monsoon,26.14,77.84,32.61,0.0,10.87,17.96,16.37,0.0,1,37.78,56.4,42.17,0.0097,0.3528,0,0.0,,5000.0,21.7645,72.1519
PAN-2,2022-09-01,monsoon,23.82,65.88,28.23,0.0,8.43,17.37,16.93,0.0,2,33.07,37.2,32.28,0.0153,0.2508,0,0.0,,5000.0,21.7645,72.1519
PAN-2,2022-09-02,monsoon,24.39,89.92,29.94,0.0,8.72,17.18,17.12,0.0,3,45.58,51.9,53.56,0.0,0.303,0,0.0,,5000.0,21.7645,72.1519
PAN-2,2022-09-03,monsoon,21.97,94.37,37.11,0.0,9.44,17.07,17.24,0.0,4,41.74,49.0,48.67,0.0209,0.3725,0,0.0,,5000.0,21.7645,72.1519
PAN-2,2022-09-04,monsoon,23.35,90.18,35.34,0.0,11.25,16.85,17.47,0.0,5,30.45,41.9,35.94,0.0132,0.3159,0,0.0,,5000.0,21.7645,72.1519
PAN-2,2022-09-05,monsoon,28.39,72.73,34.66,8.44,11.13,16.88,17.44,0.0,0,34.42,44.0,36.21,0.0,0.3788,0,0.0,,5000.0,21.7645,72.1519
PAN-2,2022-09-06,monsoon,22.06,74.28,28.3,3.91,9.55,16.85,17.47,0.0,0,26.95,40.8,29.71,0.0,0.3021,0,0.0,,5000.0,21.7645,72.1519
PAN-2,2022-09-07,monsoon,24.15,76.13,35.2,0.0,9.33,16.32,18.03,0.0,1,33.03,44.7,38.04,0.0206,0.3154,0,0.0,,5000.0,21.7645,72.1519
PAN-2,2022-09-08,monsoon,22.76,84.85,36.61,2.82,11.33,16.26,18.1,0.0,0,57.14,68.2,58.12,0.0,0.3466,0,0.0,,5000.0,21.7645,72.1519
PAN-2,2022-09-09,monsoon,23.47,78.56,20.35,2.99,9.13,16.27,18.09,0.0,0,30.84,38.3,34.06,0.0,0.2376,0,0.0,,5000.0,21.7645,72.1519
PAN-2,2022-09-10,monsoon,25.06,81.29,21.75,0.0,8.23,15.99,18.41,0.0,1,39.79,38.7,35.85,0.0669,0.2595,0,0.0,,5000.0,21.7645,72.1519
PAN-2,2022-09-11,monsoon,22.85,70.85,23.1,0.0,8.54,15.58,18.89,0.0,2,18.05,19.5,20.71,0.0,0.1481,0,0.0,,5000.0,21.7645,72.1519
PAN-2,2022-09-12,monsoon,24.94,85.61,26.13,0.0,8.97,15.32,19.21,0.0,3,14.43,29.4,15.92,0.023,0.1848,0,0.0,,5000.0,21.7645,72.1519
PAN-2,2022-09-13,monsoon,24.45,71.84,30.09,0.0,10.36,14.74,19.96,0.0,4,14.55,16.3,17.64,0.0137,0.0908,0,0.0,,5000.0,21.7645,72.1519
PAN-2,2022-09-14,monsoon,21.97,73.7,24.89,0.0,12.03,14.32,20.54,0.0,5,19.89,36.6,20.0,0.0152,0.2185,0,0.0,,5000.0,21.7645,72.1519
PAN-2,2022-09-15,monsoon,19.22,85.41,26.22,6.78,9.0,14.81,19.86,0.0,0,23.45,26.4,21.32,0.0038,0.1832,0,0.0,,5000.0,21.7645,72.1519
PAN-2,2022-09-16,monsoon,23.78,74.84,26.52,0.0,9.05,14.39,20.45,0.0,1,54.33,39.6,45.85,0.0,0.3498,0,0.0,,5000.0,21.7645,72.1519
PAN-2,2022-09-17,monsoon,23.73,74.27,20.35,0.0,11.05,14.01,21.0,0.0,2,18.35,22.4,22.48,0.0,0.1664,0,0.0,,5000.0,21.7645,72.1519
PAN-2,2022-09-18,monsoon,21.87,79.71,18.57,0.0,7.29,13.79,21.33,0.0,3,10.37,25.1,11.83,0.013,0.0621,0,0.0,,5000.0,21.7645,72.1519
PAN-2,2022-09-19,monsoon,23.15,79.81,21.32,0.0,8.24,13.52,21.75,0.0,4,24.57,17.4,22.01,0.0293,0.1847,0,0.0,,5000.0,21.7645,72.1519
PAN-2,2022-09-20,monsoon,24.92,69.29,26.31,0.0,10.46,12.94,22.72,0.0,5,6.15,16.4,5.7,0.0,0.1118,0,0.0,,5000.0,21.7645,72.1519
PAN-2,2022-09-21,monsoon,24.88,84.8,21.46,0.0,9.32,12.71,23.14,0.0,6,5.69,13.8,7.32,0.0084,0.1095,0,0.0,,5000.0,21.7645,72.1519
PAN-2,2022-09-22,monsoon,22.83,82.92,19.6,0.0,10.35,12.49,23.56,0.0,7,27.98,44.7,33.9,0.0287,0.3043,0,0.0,,5000.0,21.7645,72.1519
PAN-2,2022-09-23,monsoon,24.77,78.17,17.72,0.0,11.83,12.18,24.17,0.0,8,8.18,18.1,7.6,0.0,0.102,0,0.0,,5000.0,21.7645,72.1519
PAN-2,2022-09-24,monsoon,20.3,73.08,24.96,0.0,8.77,12.0,24.58,0.0,9,30.42,46.1,32.86,0.0378,0.3345,0,0.0,,5000.0,21.7645,72.1519
PAN-2,2022-09-25,monsoon,24.25,76.32,14.45,0.0,10.24,12.0,24.66,0.0,10,1.26,5.6,1.66,0.1622,0.0599,0,0.0,,5000.0,21.7645,72.1519
PAN-2,2022-09-26,monsoon,28.58,65.02,14.15,3.84,9.25,12.0,24.69,0.0,0,25.54,21.3,23.58,0.1298,0.3247,0,0.0,,5000.0,21.7645,72.1519
PAN-2,2022-09-27,monsoon,23.71,76.15,15.75,0.0,11.62,12.0,24.78,0.0,1,0.0,13.1,0.0,0.1387,0.0954,0,0.0,,5000.0,21.7645,72.1519
PAN-2,2022-09-28,monsoon,22.63,76.04,13.29,0.0,10.16,12.0,24.85,0.0,2,0.35,17.6,0.0,0.1187,0.1165,0,0.0,,5000.0,21.7645,72.1519
PAN-2,2022-09-29,monsoon,23.31,71.78,14.84,0.0,10.82,12.0,24.94,0.0,3,14.17,15.0,11.43,0.0635,0.2515,0,0.0,,5000.0,21.7645,72.1519
PAN-2,2022-09-30,monsoon,21.56,77.47,16.8,0.0,8.89,12.0,25.01,0.0,4,0.0,17.2,0.0,0.0727,0.0519,0,0.0,,5000.0,21.7645,72.1519
PAN-2,2022-10-01,other,22.33,73.3,16.8,0.0,9.35,11.94,25.02,0.0,5,0.0,5.8,0.0,0.228,0.2062,0,0.0,,5000.0,21.7645,72.1519
PAN-2,2022-10-02,other,22.55,65.67,17.43,0.0,11.29,11.91,24.73,0.0,6,0.52,0.0,0.0,0.0812,0.1005,0,0.0,,5000.0,21.7645,72.1519
PAN-2,2022-10-03,other,21.77,66.47,10.77,0.0,11.47,12.0,24.65,0.0,7,6.96,12.2,5.93,0.0325,0.1237,0,0.0,,5000.0,21.7645,72.1519
PAN-2,2022-10-04,other,21.1,65.78,10.95,0.0,13.0,12.0,24.74,0.0,8,3.1,13.0,2.67,0.1117,0.1113,0,0.0,,5000.0,21.7645,72.1519
PAN-2,2022-10-05,other,23.18,65.7,7.8,0.0,11.88,12.0,24.82,0.0,9,0.64,0.0,0.0,0.0745,0.0305,0,0.0,,5000.0,21.7645,72.1519
PAN-2,2022-10-06,other,19.08,65.68,10.03,0.0,9.27,12.0,24.88,0.0,10,0.83,8.7,0.0,0.2053,0.1062,0,0.0,,5000.0,21.7645,72.1519
PAN-2,2022-10-07,other,21.14,71.71,10.71,0.0,10.44,12.0,24.94,0.0,11,7.06,10.9,7.08,0.0562,0.1699,0,0.0,,5000.0,21.7645,72.1519
PAN-2,2022-10-08,other,23.97,77.09,5.28,0.0,10.86,12.0,24.98,0.0,12,0.52,2.6,0.0,0.0442,0.1193,0,0.0,,5000.0,21.7645,72.1519
PAN-2,2022-10-09,other,20.56,78.93,6.94,0.0,9.75,12.0,25.01,0.0,13,8.59,24.8,8.62,0.0805,0.1529,0,0.0,,5000.0,21.7645,72.1519
PAN-2,2022-10-10,other,22.36,67.29,3.87,0.0,11.18,11.96,25.2,0.0,14,0.12,1.6,0.0,0.1415,0.2137,0,0.0,,5000.0,21.7645,72.1519
PAN-2,2022-10-11,other,21.35,56.13,4.12,0.0,11.55,11.95,25.26,0.0,15,6.67,13.1,6.18,0.1427,0.1161,0,0.0,,5000.0,21.7645,72.1519
PAN-2,2022-10-12,other,23.78,74.11,5.64,0.0,12.09,11.96,25.36,0.0,16,0.0,8.2,0.0,0.1622,0.1093,0,0.0,,5000.0,21.7645,72.1519
PAN-2,2022-10-13,other,22.85,49.64,3.48,0.0,10.9,11.94,25.38,0.0,17,10.37,15.9,13.26,0.2572,0.2571,0,0.0,,5000.0,21.7645,72.1519
PAN-2,2022-10-14,other,23.08,82.17,4.65,0.0,11.59,11.97,25.56,0.0,18,0.0,2.8,0.0,0.2407,0.1519,0,0.0,,5000.0,21.7645,72.1519
PAN-2,2022-10-15,other,17.0,79.42,8.06,2.1,10.8,12.08,25.55,0.0,0,0.34,0.0,0.0,0.2545,0.2061,0,0.0,,5000.0,21.7645,72.1519
PAN-2,2022-10-16,other,23.65,78.58,17.35,0.0,12.27,11.92,26.0,0.05,1,0.16,3.1,0.0,0.1774,0.1508,0,0.0,,5000.0,21.7645,72.1519
PAN-2,2022-10-17,other,22.11,71.22,10.14,0.0,10.74,11.91,26.02,0.33,2,0.0,2.8,0.75,0.283,0.1485,0,0.0,,5000.0,21.7645,72.1519
PAN-2,2022-10-18,other,24.01,78.65,4.43,0.0,9.11,11.87,26.31,0.47,3,0.84,6.3,0.0,0.2766,0.1857,0,0.0,,5000.0,21.7645,72.1519
PAN-2,2022-10-19,other,23.37,57.1,14.33,0.0,10.73,11.71,26.16,1.09,4,18.65,28.4,17.06,0.2548,0.2015,0,0.0,,5000.0,21.7645,72.1519
PAN-2,2022-10-20,other,20.69,73.6,9.75,0.0,11.35,11.64,26.36,1.33,5,9.74,16.4,9.88,0.3991,0.247,0,0.0,,5000.0,21.7645,72.1519
PAN-2,2022-10-21,other,23.93,68.37,3.45,0.0,11.88,11.58,26.59,1.56,6,0.0,17.3,0.0,0.3537,0.1801,0,0.0,,5000.0,21.7645,72.1519
PAN-2,2022-10-22,other,22.86,54.43,6.69,0.0,9.57,11.47,26.68,1.97,7,13.93,27.2,12.21,0.3489,0.308,0,0.0,,5000.0,21.7645,72.1519
PAN-2,2022-10-23,other,19.29,74.55,6.43,0.0,9.85,11.42,26.97,2.16,8,5.66,0.0,5.54,0.4709,0.1872,0,0.0,,5000.0,21.7645,72.1519
PAN-2,2022-10-24,other,19.05,53.41,9.23,0.0,10.6,11.3,27.08,2.62,9,0.78,0.0,0.0,0.4673,0.0869,0,0.0,,5000.0,21.7645,72.1519
PAN-2,2022-10-25,other,22.87,69.56,13.95,0.0,11.56,11.16,27.15,3.15,10,0.74,16.0,0.0,0.4884,0.2778,0,0.0,,5000.0,21.7645,72.1519
PAN-2,2022-10-26,other,19.84,73.54,4.54,0.0,10.58,11.11,27.48,3.35,11,0.0,10.2,0.0,0.5198,0.1794,0,0.0,,5000.0,21.7645,72.1519
PAN-2,2022-10-27,other,19.24,76.13,12.24,0.0,10.43,11.02,27.76,3.67,12,0.15,12.0,0.0,0.5527,0.1252,0,0.0,,5000.0,21.7645,72.1519
PAN-2,2022-10-28,other,21.68,74.36,2.71,0.0,10.59,10.97,27.88,3.87,13,0.36,7.6,0.0,0.6407,0.2038,0,0.0,,5000.0,21.7645,72.1519
PAN-2,2022-10-29,other,22.41,78.7,11.7,0.0,12.33,10.86,27.79,4.26,14,9.91,19.0,7.8,0.5489,0.2152,0,0.0,,5000.0,21.7645,72.1519
PAN-2,2022-10-30,other,24.43,70.09,13.1,0.0,10.68,10.7,27.63,4.88,15,16.63,25.6,15.74,0.529,0.304,0,0.0,,5000.0,21.7645,72.1519
PAN-2,2022-10-31,other,20.97,77.51,8.09,0.0,9.82,10.63,27.84,5.14,16,1.4,4.7,0.0,0.6292,0.2186,0,0.0,,5000.0,21.7645,72.1519
PAN-2,2022-11-01,other,18.87,57.22,14.48,0.0,12.43,10.43,27.57,5.87,17,0.63,6.2,0.0,0.6404,0.2383,0,0.0,,5000.0,21.7645,72.1519
PAN-2,2022-11-02,other,23.01,53.95,11.83,0.0,10.23,10.0,16.683500000000002,0.4,18,12.62,0.0,12.59,0.7364,0.3727,1,39840.0,harvest,5000.0,21.7645,72.1519
PAN-2,2022-11-03,other,21.8,73.25,10.61,0.0,11.98,11.89,14.65,0.0,19,0.37,5.2,0.0,0.0,0.0766,0,0.0,,5000.0,21.7645,72.1519
PAN-2,2022-11-04,other,19.03,77.44,4.4,0.0,12.45,12.0,14.58,0.0,20,30.44,42.8,32.76,0.0,0.1912,0,0.0,,5000.0,21.7645,72.1519
PAN-2,2022-11-05,other,24.49,63.54,6.79,0.0,10.19,12.0,14.66,0.0,21,8.01,20.0,7.76,0.0,0.0,0,0.0,,5000.0,21.7645,72.1519
PAN-2,2022-11-06,other,19.84,63.2,2.29,0.0,11.96,12.0,14.7,0.0,22,2.88,6.6,2.82,0.0307,0.0305,0,0.0,,5000.0,21.7645,72.1519
PAN-2,2022-11-07,other,22.07,67.68,7.75,5.99,11.16,12.38,14.25,0.0,0,0.0,10.4,0.0,0.0,0.0176,0,0.0,,5000.0,21.7645,72.1519
PAN-2,2022-11-08,other,21.85,60.68,0.0,0.0,9.8,12.27,14.38,0.0,1,13.41,21.3,12.74,0.0,0.0604,0,0.0,,5000.0,21.7645,72.1519
PAN-2,2022-11-09,other,25.31,80.08,6.78,0.0,10.1,12.12,14.56,0.0,2,0.22,12.9,0.0,0.0,0.0474,0,0.0,,5000.0,21.7645,72.1519
PAN-2,2022-11-10,other,22.33,59.66,5.44,0.0,13.0,12.0,14.74,0.0,3,14.88,15.7,18.41,0.0107,0.2023,0,0.0,,5000.0,21.7645,72.1519
PAN-2,2022-11-11,other,22.18,54.96,5.15,0.0,11.11,12.0,14.81,0.0,4,0.01,8.4,0.0,0.0,0.0198,0,0.0,,5000.0,21.7645,72.1519
PAN-2,2022-11-12,other,23.38,59.85,12.86,0.0,10.57,12.0,14.93,0.0,5,0.28,15.1,0.0,0.0,0.0,0,0.0,,5000.0,21.7645,72.1519
PAN-2,2022-11-13,other,25.43,57.13,9.55,0.0,11.52,12.0,15.05,0.0,6,0.0,1.9,0.0,0.0,0.0,0,0.0,,5000.0,21.7645,72.1519
PAN-2,2022-11-14,other,20.38,73.46,1.75,0.0,10.63,12.0,15.08,0.0,7,0.05,6.8,0.0,0.0015,0.0032,0,0.0,,5000.0,21.7645,72.1519
PAN-2,2022-11-15,other,19.96,75.58,4.11,0.0,10.6,12.0,15.11,0.0,8,11.41,21.7,10.34,0.0,0.1059,0,0.0,,5000.0,21.7645,72.1519
PAN-2,2022-11-16,other,23.04,58.29,10.28,0.0,13.0,12.0,15.22,0.0,9,17.96,11.6,14.62,0.0,0.1508,0,0.0,,5000.0,21.7645,72.1519
PAN-2,2022-11-17,other,22.91,63.03,4.05,0.0,10.91,12.0,15.28,0.0,10,0.1,5.1,0.0,0.0,0.0854,0,0.0,,5000.0,21.7645,72.1519
PAN-2,2022-11-18,other,24.26,73.7,10.99,0.0,10.44,12.0,15.35,0.0,11,20.76,28.4,21.33,0.0,0.2133,0,0.0,,5000.0,21.7645,72.1519
PAN-2,2022-11-19,other,21.14,66.99,0.0,0.0,12.07,12.0,15.38,0.0,12,0.29,4.3,0.0,0.0,0.0616,0,0.0,,5000.0,21.7645,72.1519
PAN-2,2022-11-20,other,22.76,69.33,3.81,8.48,12.64,12.68,14.55,0.0,0,43.61,44.1,36.74,0.0,0.3043,0,0.0,,5000.0,21.7645,72.1519
PAN-2,2022-11-21,other,21.79,59.45,11.97,0.0,12.55,12.3,15.0,0.0,1,0.55,17.9,0.0,0.0274,0.0974,0,0.0,,5000.0,21.7645,72.1519
PAN-2,2022-11-22,other,22.68,62.4,3.05,0.0,8.92,12.14,15.2,0.0,2,0.0,0.0,0.0,0.0344,0.0505,0,0.0,,5000.0,21.7645,72.1519
PAN-2,2022-11-23,other,20.95,61.99,11.58,0.0,11.84,12.0,15.43,0.0,3,2.01,12.0,1.41,0.0,0.0675,0,0.0,,5000.0,21.7645,72.1519
PAN-2,2022-11-24,other,21.79,83.88,13.54,0.0,10.12,12.0,15.47,0.0,4,0.0,10.2,0.0,0.0,0.068,0,0.0,,5000.0,21.7645,72.1519
PAN-2,2022-11-25,other,21.61,56.7,11.85,0.0,9.44,12.0,15.57,0.0,5,0.0,13.6,0.0,0.0,0.0597,0,0.0,,5000.0,21.7645,72.1519
PAN-2,2022-11-26,other,23.57,61.03,3.69,0.0,12.34,12.0,15.63,0.0,6,0.0,14.2,0.0,0.0769,0.0,0,0.0,,5000.0,21.7645,72.1519
PAN-2,2022-11-27,other,21.67,75.09,12.15,0.0,12.11,12.0,15.7,0.0,7,0.0,0.0,0.0,0.0,0.0046,0,0.0,,5000.0,21.7645,72.1519
PAN-2,2022-11-28,other,25.15,70.94,8.92,0.0,13.0,12.0,15.78,0.0,8,0.0,13.3,0.0,0.0,0.0111,0,0.0,,5000.0,21.7645,72.1519
PAN-2,2022-11-29,other,24.29,77.32,8.72,0.0,11.15,12.0,15.84,0.0,9,14.91,13.1,12.63,0.0077,0.1332,0,0.0,,5000.0,21.7645,72.1519
PAN-2,2022-11-30,other,22.3,70.69,13.96,0.0,11.28,12.0,15.93,0.0,10,3.4,2.1,2.58,0.0,0.0616,0,0.0,,5000.0,21.7645,72.1519
PAN-2,2022-12-01,other,21.07,71.04,6.27,0.0,11.59,12.0,15.98,0.0,11,3.66,4.1,3.26,0.0,0.0511,0,0.0,,5000.0,21.7645,72.1519
PAN-2,2022-12-02,other,23.3,69.82,7.62,0.0,10.86,12.0,16.04,0.0,12,0.0,12.8,0.0,0.0,0.0276,0,0.0,,5000.0,21.7645,72.1519
PAN-2,2022-12-03,other,19.37,58.35,12.42,0.0,12.32,12.0,16.14,0.0,13,17.85,21.0,21.77,0.0068,0.2488,0,0.0,,5000.0,21.7645,72.1519
PAN-2,2022-12-04,other,24.18,60.64,7.79,0.0,10.91,12.0,16.23,0.0,14,5.91,3.9,5.34,0.0,0.0431,0,0.0,,5000.0,21.7645,72.1519
PAN-2,2022-12-05,other,24.75,68.15,5.64,0.0,11.2,12.0,16.29,0.0,15,0.67,2.8,0.0,0.0,0.0926,0,0.0,,5000.0,21.7645,72.1519
PAN-2,2022-12-06,other,22.26,68.02,2.15,0.0,10.61,12.0,16.33,0.0,16,0.0,7.2,0.0,0.0073,0.0418,0,0.0,,5000.0,21.7645,72.1519
PAN-2,2022-12-07,other,21.55,79.52,10.62,0.0,12.41,12.0,16.38,0.0,17,1.0,14.1,1.42,0.0,0.0003,0,0.0,,5000.0,21.7645,72.1519
PAN-2,2022-12-08,other,24.09,53.8,8.81,0.0,9.59,12.0,16.49,0.0,18,0.77,23.2,0.0,0.04,0.0736,0,0.0,,5000.0,21.7645,72.1519
PAN-2,2022-12-09,other,19.65,64.71,5.27,0.0,12.23,12.0,16.54,0.0,19,17.48,15.0,21.02,0.0,0.1996,0,0.0,,5000.0,21.7645,72.1519
PAN-2,2022-12-10,other,21.68,69.57,7.3,22.42,12.41,14.04,14.14,0.0,0,2.18,3.0,1.27,0.0307,0.023,0,0.0,,5000.0,21.7645,72.1519
PAN-2,2022-12-11,other,23.17,57.25,9.49,0.0,8.97,13.71,14.48,0.0,1,0.0,5.8,0.0,0.0353,0.0762,0,0.0,,5000.0,21.7645,72.1519
PAN-2,2022-12-12,other,21.91,55.26,7.47,0.0,10.51,13.42,14.8,0.0,2,33.95,35.1,30.59,0.0383,0.2975,0,0.0,,5000.0,21.7645,72.1519
PAN-2,2022-12-13,other,21.64,63.98,0.0,0.0,13.0,13.31,14.92,0.0,3,0.0,16.3,0.0,0.0,0.0,0,0.0,,5000.0,21.7645,72.1519
PAN-2,2022-12-14,other,22.93,61.7,1.72,0.0,9.51,13.16,15.09,0.0,4,23.93,20.5,23.86,0.0,0.123,0,0.0,,5000.0,21.7645,72.1519
PAN-2,2022-12-15,other,20.89,60.08,8.94,0.0,12.6,12.87,15.43,0.0,5,0.0,9.3,0.0,0.0,0.041,0,0.0,,5000.0,21.7645,72.1519
PAN-2,2022-12-16,other,24.94,58.69,11.87,0.0,11.67,12.42,15.99,0.0,6,0.13,11.5,0.0,0.0,0.128,0,0.0,,5000.0,21.7645,72.1519
PAN-2,2022-12-17,other,25.46,47.98,2.51,0.0,11.09,12.15,16.34,0.0,7,1.43,20.0,1.52,0.0,0.02,0,0.0,,5000.0,21.7645,72.1519
PAN-2,2022-12-18,other,25.07,73.75,4.05,0.0,9.15,12.0,16.54,0.0,8,0.15,16.9,0.0,0.0576,0.0203,0,0.0,,5000.0,21.7645,72.1519
PAN-2,2022-12-19,other,26.72,59.33,13.35,0.0,12.79,12.0,16.7,0.0,9,0.76,8.5,0.0,0.0,0.0979,0,0.0,,5000.0,21.7645,72.1519
PAN-2,2022-12-20,other,23.42,67.29,9.56,0.0,11.97,12.0,16.78,0.0,10,0.28,5.8,0.0,0.0,0.011,0,0.0,,5000.0,21.7645,72.1519
PAN-2,2022-12-21,other,23.93,62.67,9.47,0.0,13.0,12.0,16.88,0.0,11,0.0,2.8,0.0,0.0,0.0,0,0.0,,5000.0,21.7645,72.1519
PAN-2,2022-12-22,other,24.83,47.63,7.72,0.0,12.4,12.0,17.01,0.0,12,1.23,18.0,0.0,0.0,0.0425,0,0.0,,5000.0,21.7645,72.1519
PAN-2,2022-12-23,other,23.38,61.54,9.59,0.0,12.18,12.0,17.11,0.0,13,8.33,14.6,7.23,0.0,0.0448,0,0.0,,5000.0,21.7645,72.1519
PAN-2,2022-12-24,other,24.02,69.03,5.77,0.0,9.99,12.0,17.17,0.0,14,1.21,6.0,1.02,0.0,0.0272,0,0.0,,5000.0,21.7645,72.1519
PAN-2,2022-12-25,other,26.17,64.69,7.13,0.0,10.61,12.0,17.25,0.0,15,22.87,21.5,22.65,0.0249,0.218,0,0.0,,5000.0,21.7645,72.1519
PAN-2,2022-12-26,other,25.47,72.36,2.4,0.0,9.21,12.0,17.29,0.0,16,5.84,20.7,6.24,0.0091,0.0,0,0.0,,5000.0,21.7645,72.1519
PAN-2,2022-12-27,other,23.87,56.76,4.57,0.0,11.75,12.0,17.37,0.0,17,21.51,23.5,19.93,0.0,0.1943,0,0.0,,5000.0,21.7645,72.1519
PAN-2,2022-12-28,other,21.15,52.06,3.85,0.0,11.44,12.0,17.44,0.0,18,31.36,39.7,29.6,0.0079,0.2561,0,0.0,,5000.0,21.7645,72.1519
PAN-2,2022-12-29,other,27.54,57.68,9.33,0.0,11.17,12.0,17.57,0.0,19,0.0,10.1,0.0,0.0241,0.0804,0,0.0,,5000.0,21.7645,72.1519
PAN-2,2022-12-30,other,23.97,77.76,3.6,0.0,8.94,12.0,17.6,0.0,20,32.83,31.6,31.1,0.0,0.3001,0,0.0,,5000.0,21.7645,72.1519
PAN-2,2022-12-31,other,24.59,68.88,7.39,0.0,12.46,12.0,17.67,0.0,21,34.86,46.3,38.69,0.0,0.3461,0,0.0,,5000.0,21.7645,72.1519
PAN-2,2023-01-01,other,24.23,70.6,24.82,0.0,11.29,12.0,17.82,0.0,22,37.04,45.1,36.19,0.0,0.3476,0,0.0,,5000.0,21.7645,72.1519
PAN-2,2023-01-02,other,20.06,63.64,21.73,13.27,9.31,12.91,16.57,0.0,0,45.26,31.0,41.15,0.0,0.3962,0,0.0,,5000.0,21.7645,72.1519
PAN-2,2023-01-03,other,24.62,75.13,27.85,3.08,7.94,12.78,16.74,0.0,0,4.94,14.7,6.13,0.0,0.0837,0,0.0,,5000.0,21.7645,72.1519
PAN-2,2023-01-04,other,26.36,72.61,29.6,7.81,11.22,12.92,16.55,0.0,0,31.01,27.5,28.7,0.0021,0.1567,0,0.0,,5000.0,21.7645,72.1519
PAN-2,2023-01-05,other,22.47,86.46,28.17,0.0,10.32,12.69,16.85,0.0,1,46.36,38.8,44.09,0.0,0.3858,0,0.0,,5000.0,21.7645,72.1519
PAN-2,2023-01-06,other,26.0,66.5,33.55,0.0,9.97,12.0,17.85,0.0,2,46.77,50.4,51.54,0.0702,0.4022,0,0.0,,5000.0,21.7645,72.1519
PAN-2,2023-01-07,other,23.87,76.99,27.97,0.0,8.96,12.0,17.97,0.0,3,41.87,45.7,35.3,0.0383,0.2371,0,0.0,,5000.0,21.7645,72.1519
PAN-2,2023-01-08,other,27.78,72.07,25.01,3.67,10.32,12.0,18.04,0.0,0,67.13,77.5,64.6,0.0,0.4866,0,0.0,,5000.0,21.7645,72.1519
PAN-2,2023-01-09,other,26.11,83.02,31.21,13.06,8.76,12.93,16.74,0.0,0,18.49,25.7,20.24,0.0371,0.1442,0,0.0,,5000.0,21.7645,72.1519
PAN-2,2023-01-10,other,26.52,71.21,22.01,0.0,9.51,12.43,17.41,0.0,1,51.02,58.9,61.03,0.0,0.4683,0,0.0,,5000.0,21.7645,72.1519
PAN-2,2023-01-11,other,27.33,83.4,34.22,8.28,11.16,12.8,16.91,0.0,0,31.28,38.2,31.69,0.0,0.241,0,0.0,,5000.0,21.7645,72.1519
PAN-2,2023-01-12,other,26.64,81.01,29.6,0.0,10.45,12.36,17.51,0.0,1,40.66,43.0,40.26,0.0,0.2864,0,0.0,,5000.0,21.7645,72.1519
PAN-2,2023-01-13,other,29.69,64.73,30.95,0.0,9.54,12.0,18.21,0.0,2,47.4,53.7,51.49,0.0674,0.3741,0,0.0,,5000.0,21.7645,72.1519
PAN-2,2023-01-14,other,25.79,82.26,34.41,7.42,8.08,12.34,17.71,0.0,0,45.92,38.3,40.28,0.0,0.3421,0,0.0,,5000.0,21.7645,72.1519
PAN-2,2023-01-15,other,27.82,79.45,29.2,1.56,9.61,12.01,18.2,0.0,0,44.83,32.3,37.76,0.0,0.2904,0,0.0,,5000.0,21.7645,72.1519
PAN-2,2023-01-16,other,28.46,85.18,38.58,6.79,11.09,12.2,17.91,0.0,0,27.99,18.1,25.16,0.0,0.1613,0,0.0,,5000.0,21.7645,72.1519
PAN-2,2023-01-17,other,24.43,65.64,33.72,3.88,8.17,12.0,18.24,0.0,0,97.85,93.3,94.23,0.0,0.6117,0,0.0,,5000.0,21.7645,72.1519
PAN-2,2023-01-18,other,26.76,64.85,39.51,4.76,7.31,12.0,18.37,0.0,0,61.68,56.7,53.65,0.0059,0.3481,0,0.0,,5000.0,21.7645,72.1519
PAN-2,2023-01-19,other,25.73,64.4,31.07,8.66,9.63,12.08,18.25,0.0,0,58.61,52.9,50.88,0.0,0.3584,0,0.0,,5000.0,21.7645,72.1519
PAN-2,2023-01-20,other,23.73,82.39,28.7,0.0,8.64,12.0,18.44,0.0,1,37.56,45.7,37.46,0.0315,0.3278,0,0.0,,5000.0,21.7645,72.1519
PAN-2,2023-01-21,other,28.89,71.58,35.27,0.0,9.37,12.0,18.68,0.0,2,21.54,43.5,21.76,0.0613,0.1561,0,0.0,,5000.0,21.7645,72.1519
PAN-2,2023-01-22,other,26.43,86.72,29.56,5.15,8.67,12.23,18.33,0.0,0,45.06,44.2,46.47,0.0,0.3486,0,0.0,,5000.0,21.7645,72.1519
PAN-2,2023-01-23,other,25.86,65.38,36.05,3.3,7.14,12.0,18.75,0.0,0,55.31,47.2,51.2,0.0123,0.4243,0,0.0,,5000.0,21.7645,72.1519
PAN-2,2023-01-24,other,25.16,73.12,41.5,0.0,9.48,12.0,18.96,0.0,1,13.68,21.5,14.91,0.003,0.1075,0,0.0,,5000.0,21.7645,72.1519
PAN-2,2023-01-25,other,26.72,75.62,32.36,0.0,7.68,12.0,19.12,0.0,2,79.5,79.3,78.17,0.002,0.5982,0,0.0,,5000.0,21.7645,72.1519
PAN-2,2023-01-26,other,28.03,78.11,38.23,14.98,8.45,12.87,17.83,0.0,0,9.16,33.4,10.33,0.0003,0.0685,0,0.0,,5000.0,21.7645,72.1519
PAN-2,2023-01-27,other,31.69,62.32,32.15,0.0,7.87,12.0,19.2,0.0,1,38.83,34.6,35.51,0.0088,0.2297,0,0.0,,5000.0,21.7645,72.1519
PAN-2,2023-01-28,other,30.86,66.69,34.99,1.83,8.32,12.0,19.45,0.0,0,26.75,46.0,31.42,0.0874,0.2799,0,0.0,,5000.0,21.7645,72.1519
PAN-2,2023-01-29,other,28.27,73.47,35.11,0.0,9.99,12.0,19.67,0.0,1,20.87,19.2,21.26,0.0,0.2304,0,0.0,,5000.0,21.7645,72.1519
PAN-2,2023-01-30,other,30.2,76.56,30.93,10.33,9.16,12.38,19.07,0.0,0,9.81,23.5,10.19,0.031,0.1712,0,0.0,,5000.0,21.7645,72.1519
PAN-2,2023-01-31,other,27.64,82.78,38.11,0.0,10.64,12.0,19.72,0.0,1,23.53,23.5,24.58,0.0,0.2247,0,0.0,,5000.0,21.7645,72.1519
PAN-2,2023-02-01,summer,28.6,66.58,32.77,0.0,9.5,12.0,19.99,0.0,2,56.9,51.2,52.81,0.0,0.4512,0,0.0,,5000.0,21.7645,72.1519
PAN-2,2023-02-02,summer,28.41,78.89,39.15,0.0,9.76,12.0,20.18,0.0,3,32.34,28.8,33.54,0.0396,0.288,0,0.0,,5000.0,21.7645,72.1519
PAN-2,2023-02-03,summer,29.74,76.76,29.02,2.51,9.4,12.0,20.28,0.0,0,53.71,53.2,49.62,0.047,0.4183,0,0.0,,5000.0,21.7645,72.1519
PAN-2,2023-02-04,summer,25.71,69.12,39.64,6.15,10.03,12.0,20.35,0.0,0,38.72,35.6,36.11,0.013,0.348,0,0.0,,5000.0,21.7645,72.1519
PAN-2,2023-02-05,summer,29.62,66.92,31.12,17.49,11.97,12.75,19.15,0.0,0,7.47,11.2,10.09,0.0782,0.109,0,0.0,,5000.0,21.7645,72.1519
PAN-2,2023-02-06,summer,24.54,70.95,36.76,11.36,8.81,13.22,18.47,0.0,0,39.95,35.0,34.32,0.0,0.3695,0,0.0,,5000.0,21.7645,72.1519
PAN-2,2023-02-07,summer,26.22,65.31,35.09,19.09,8.39,14.29,17.08,0.0,0,47.98,45.6,50.01,0.0134,0.4012,0,0.0,,5000.0,21.7645,72.1519
PAN-2,2023-02-08,summer,27.4,64.75,35.66,2.99,9.81,13.62,17.92,0.0,0,29.94,34.8,33.25,0.0105,0.2603,0,0.0,,5000.0,21.7645,72.1519
PAN-2,2023-02-09,summer,28.07,67.56,35.22,16.95,8.75,14.43,16.91,0.0,0,46.48,59.7,62.86,0.0,0.4646,0,0.0,,5000.0,21.7645,72.1519
PAN-2,2023-02-10,summer,32.07,68.44,30.57,2.31,6.93,13.77,17.73,0.0,0,14.16,16.1,13.57,0.0,0.1333,0,0.0,,5000.0,21.7645,72.1519
PAN-2,2023-02-11,summer,31.0,80.27,29.6,3.66,9.15,13.58,17.98,0.0,0,56.52,61.9,63.09,0.0,0.4287,0,0.0,,5000.0,21.7645,72.1519
PAN-2,2023-02-12,summer,30.38,78.11,35.25,10.55,9.47,13.93,17.52,0.0,0,51.66,52.3,51.93,0.039,0.4143,0,0.0,,5000.0,21.7645,72.1519
PAN-2,2023-02-13,summer,32.32,75.66,30.64,9.56,9.71,14.11,17.3,0.0,0,41.86,48.3,37.63,0.0342,0.2934,0,0.0,,5000.0,21.7645,72.1519
PAN-2,2023-02-14,summer,31.59,80.45,35.14,34.88,4.85,17.04,14.32,0.0,0,107.11,90.8,93.22,0.0,0.6279,0,0.0,,5000.0,21.7645,72.1519
PAN-2,2023-02-15,summer,31.69,70.62,34.94,0.0,8.61,16.06,15.19,0.0,1,25.66,29.3,32.73,0.0238,0.2568,0,0.0,,5000.0,21.7645,72.1519
PAN-2,2023-02-16,summer,29.26,70.52,37.33,4.55,12.6,15.48,15.76,0.0,0,14.74,29.2,14.99,0.0,0.0739,0,0.0,,5000.0,21.7645,72.1519
PAN-2,2023-02-17,summer,28.69,67.47,28.75,1.51,10.24,14.81,16.47,0.0,0,29.31,30.0,26.66,0.0569,0.1776,0,0.0,,5000.0,21.7645,72.1519
PAN-2,2023-02-18,summer,32.49,58.13,33.07,27.73,6.02,16.33,14.94,0.0,0,18.93,24.3,16.33,0.0085,0.1982,0,0.0,,5000.0,21.7645,72.1519
PAN-2,2023-02-19,summer,27.59,59.61,30.07,10.9,7.68,16.52,14.77,0.0,0,40.38,36.9,39.46,0.0793,0.2862,0,0.0,,5000.0,21.7645,72.1519
PAN-2,2023-02-20,summer,29.65,57.74,30.48,0.28,8.17,15.43,15.82,0.0,1,15.59,22.8,15.68,0.0,0.0922,0,0.0,,5000.0,21.7645,72.1519
PAN-2,2023-02-21,summer,28.01,62.61,27.26,4.25,6.81,15.09,16.17,0.0,0,18.14,19.9,20.79,0.0561,0.13,0,0.0,,5000.0,21.7645,72.1519
PAN-2,2023-02-22,summer,30.29,69.39,24.85,40.81,8.48,18.47,13.21,0.0,0,48.72,47.9,51.89,0.0,0.3723,0,0.0,,5000.0,21.7645,72.1519
PAN-2,2023-02-23,summer,32.56,62.28,26.12,7.82,10.87,18.13,13.45,0.0,0,39.85,33.8,41.21,0.0,0.2877,0,0.0,,5000.0,21.7645,72.1519
PAN-2,2023-02-24,summer,31.86,54.99,30.0,16.67,9.27,18.44,13.23,0.0,0,46.21,41.5,43.81,0.0,0.2297,0,0.0,,5000.0,21.7645,72.1519
PAN-2,2023-02-25,summer,28.83,69.14,25.21,0.0,8.57,17.78,13.72,0.0,1,29.59,27.1,28.58,0.0,0.2278,0,0.0,,5000.0,21.7645,72.1519
PAN-2,2023-02-26,summer,33.54,42.33,19.56,19.57,10.18,18.34,13.3,0.0,0,11.23,21.1,11.04,0.0507,0.0502,0,0.0,,5000.0,21.7645,72.1519
PAN-2,2023-02-27,summer,30.92,45.82,25.83,16.88,9.05,18.67,13.07,0.0,0,56.81,59.8,65.58,0.0,0.3942,0,0.0,,5000.0,21.7645,72.1519
PAN-2,2023-02-28,summer,27.52,58.46,22.23,13.25,7.73,19.27,12.66,0.0,0,10.19,18.3,9.58,0.0381,0.0942,0,0.0,,5000.0,21.7645,72.1519
PAN-2,2023-03-01,summer,32.26,50.73,28.92,0.0,9.26,17.8,13.71,0.0,1,10.4,20.0,9.72,0.0,0.1043,0,0.0,,5000.0,21.7645,72.1519
PAN-2,2023-03-02,summer,31.41,59.19,23.39,0.0,8.96,16.83,14.5,0.0,2,63.4,48.1,51.27,0.0051,0.445,0,0.0,,5000.0,21.7645,72.1519
PAN-2,2023-03-03,summer,29.66,48.68,27.73,0.0,8.73,15.58,15.67,0.0,3,32.26,32.4,30.91,0.0005,0.2511,0,0.0,,5000.0,21.7645,72.1519
PAN-2,2023-03-04,summer,33.76,61.67,23.66,5.94,12.28,15.0,16.28,0.0,0,0.43,12.1,0.0,0.0,0.0,0,0.0,,5000.0,21.7645,72.1519
PAN-2,2023-03-05,summer,31.6,55.22,13.68,7.8,7.97,15.09,16.18,0.0,0,15.48,23.6,17.62,0.0,0.1944,0,0.0,,5000.0,21.7645,72.1519
PAN-2,2023-03-06,summer,32.39,56.29,20.16,19.4,9.59,16.03,15.23,0.0,0,7.61,15.4,8.13,0.0019,0.2122,0,0.0,,5000.0,21.7645,72.1519
PAN-2,2023-03-07,summer,30.94,56.23,23.25,5.8,10.61,15.54,15.71,0.0,0,23.41,24.0,23.24,0.0,0.1974,0,0.0,,5000.0,21.7645,72.1519
PAN-2,2023-03-08,summer,26.85,58.85,25.92,18.03,10.08,16.49,14.8,0.0,0,13.11,19.2,16.31,0.0817,0.1707,0,0.0,,5000.0,21.7645,72.1519
PAN-2,2023-03-09,summer,30.95,45.27,23.92,0.0,8.75,15.21,16.04,0.0,1,1.07,14.3,0.0,0.0146,0.0528,0,0.0,,5000.0,21.7645,72.1519
PAN-2,2023-03-10,summer,31.91,44.32,19.51,20.63,11.02,16.0,15.24,0.0,0,21.38,15.0,19.62,0.0,0.1686,0,0.0,,5000.0,21.7645,72.1519
PAN-2,2023-03-11,summer,31.17,46.55,21.18,0.0,9.19,14.83,16.44,0.0,1,24.75,32.6,27.35,0.0,0.3051,0,0.0,,5000.0,21.7645,72.1519
PAN-2,2023-03-12,summer,31.62,24.6,10.49,0.0,8.25,13.85,17.61,0.0,2,25.51,20.0,26.22,0.0244,0.2564,0,0.0,,5000.0,21.7645,72.1519
PAN-2,2023-03-13,summer,32.05,54.02,12.48,0.0,9.08,13.14,18.56,0.0,3,1.99,8.2,2.21,0.0,0.0094,0,0.0,,5000.0,21.7645,72.1519
PAN-2,2023-03-14,summer,35.27,49.79,9.13,9.39,9.78,13.3,18.34,0.0,0,6.81,14.9,6.14,0.0049,0.096,0,0.0,,5000.0,21.7645,72.1519
PAN-2,2023-03-15,summer,32.17,37.39,12.69,0.0,9.88,12.28,19.86,0.0,1,0.0,10.0,0.0,0.0,0.069,0,0.0,,5000.0,21.7645,72.1519
PAN-2,2023-03-16,summer,29.98,51.47,21.78,0.0,8.2,12.0,20.53,0.0,2,12.39,24.3,14.79,0.0865,0.1445,0,0.0,,5000.0,21.7645,72.1519
PAN-2,2023-03-17,summer,30.45,48.88,16.73,0.0,11.5,12.0,20.81,0.0,3,0.78,16.6,0.0,0.0,0.0099,0,0.0,,5000.0,21.7645,72.1519
PAN-2,2023-03-18,summer,33.07,53.12,10.43,0.0,11.12,12.0,21.02,0.0,4,9.36,15.0,9.89,0.0,0.1664,0,0.0,,5000.0,21.7645,72.1519
PAN-2,2023-03-19,summer,30.21,47.43,18.54,0.0,9.95,12.0,21.31,0.0,5,8.26,7.9,9.05,0.0,0.1254,0,0.0,,5000.0,21.7645,72.1519
PAN-2,2023-03-20,summer,29.93,36.76,11.43,14.64,10.13,12.61,20.27,0.0,0,30.55,23.8,29.65,0.0,0.1789,0,0.0,,5000.0,21.7645,72.1519
PAN-2,2023-03-21,summer,34.63,49.12,3.6,0.0,8.56,12.15,21.04,0.0,1,10.27,9.5,10.18,0.0402,0.0728,0,0.0,,5000.0,21.7645,72.1519
PAN-2,2023-03-22,summer,33.55,40.45,9.09,0.0,11.66,12.0,21.52,0.0,2,25.45,26.4,26.8,0.0357,0.1928,0,0.0,,5000.0,21.7645,72.1519
PAN-2,2023-03-23,summer,31.42,35.9,4.69,0.0,9.88,12.0,21.69,0.0,3,0.9,5.8,0.9,0.0,0.0574,0,0.0,,5000.0,21.7645,72.1519
PAN-2,2023-03-24,summer,33.88,31.5,14.67,0.0,10.44,12.0,22.09,0.0,4,0.09,10.3,0.0,0.0,0.0536,0,0.0,,5000.0,21.7645,72.1519
PAN-2,2023-03-25,summer,31.6,37.95,3.12,0.0,11.5,12.0,22.24,0.0,5,0.52,7.3,0.0,0.0,0.0637,0,0.0,,5000.0,21.7645,72.1519
PAN-2,2023-03-26,summer,33.94,54.06,12.05,0.0,9.18,12.0,22.47,0.0,6,3.49,13.3,3.4,0.0,0.1266,0,0.0,,5000.0,21.7645,72.1519
PAN-2,2023-03-27,summer,33.28,37.57,4.62,0.0,9.03,12.0,22.64,0.0,7,0.0,18.7,0.0,0.0,0.1499,0,0.0,,5000.0,21.7645,72.1519
PAN-2,2023-03-28,summer,30.58,49.23,7.39,0.0,7.93,12.0,22.79,0.0,8,0.0,15.3,0.0,0.03,0.091,0,0.0,,5000.0,21.7645,72.1519
PAN-2,2023-03-29,summer,31.95,41.57,8.34,0.0,9.86,12.0,23.0,0.0,9,1.57,0.0,1.78,0.0099,0.1206,0,0.0,,5000.0,21.7645,72.1519
PAN-2,2023-03-30,summer,31.97,38.98,8.46,0.0,12.24,12.0,23.24,0.0,10,5.02,10.9,6.31,0.0,0.1809,0,0.0,,5000.0,21.7645,72.1519
PAN-2,2023-03-31,summer,32.91,30.55,12.51,0.0,9.19,12.0,23.57,0.0,11,0.29,6.9,0.0,0.0573,0.0549,0,0.0,,5000.0,21.7645,72.1519
PAN-2,2023-04-01,summer,33.37,34.68,14.34,0.0,10.7,12.0,23.94,0.0,12,0.0,12.9,0.0,0.051,0.0713,0,0.0,,5000.0,21.7645,72.1519
PAN-2,2023-04-02,summer,35.31,38.75,11.9,0.0,10.1,12.0,24.27,0.0,13,0.36,12.5,0.0,0.0,0.1129,0,0.0,,5000.0,21.7645,72.1519
PAN-2,2023-04-03,summer,39.53,43.89,3.32,0.0,11.25,12.0,24.48,0.0,14,25.1,27.0,22.69,0.0876,0.29,0,0.0,,5000.0,21.7645,72.1519
PAN-2,2023-04-04,summer,36.53,32.32,2.83,0.0,10.25,12.0,24.67,0.0,15,0.0,0.0,0.0,0.0545,0.0523,0,0.0,,5000.0,21.7645,72.1519
PAN-2,2023-04-05,summer,30.58,37.42,3.27,0.0,10.4,12.0,24.81,0.0,16,0.0,2.0,0.0,0.1347,0.082,0,0.0,,5000.0,21.7645,72.1519
PAN-2,2023-04-06,summer,33.28,31.67,10.72,0.0,10.29,12.0,25.12,0.0,17,0.0,14.7,0.0,0.1624,0.1233,0,0.0,,5000.0,21.7645,72.1519
PAN-2,2023-04-07,summer,33.78,30.59,6.06,0.0,9.91,11.82,24.41,0.0,18,0.0,10.6,0.0,0.0783,0.1292,0,0.0,,5000.0,21.7645,72.1519
PAN-2,2023-04-08,summer,34.11,30.45,9.57,0.0,10.41,12.0,24.41,0.0,19,0.0,15.0,0.0,0.0794,0.0959,0,0.0,,5000.0,21.7645,72.1519
PAN-2,2023-04-09,summer,32.77,38.0,9.11,0.0,11.79,12.0,24.67,0.0,20,3.21,13.4,3.07,0.0813,0.0799,0,0.0,,5000.0,21.7645,72.1519
PAN-2,2023-04-10,summer,32.81,19.79,10.59,1.21,12.32,12.0,25.01,0.0,0,26.01,29.4,25.36,0.1429,0.3355,0,0.0,,5000.0,21.7645,72.1519
PAN-2,2023-04-11,summer,36.21,45.96,4.05,0.0,10.94,11.87,24.56,0.0,1,3.79,0.0,3.75,0.0713,0.0998,0,0.0,,5000.0,21.7645,72.1519
PAN-2,2023-04-12,summer,32.55,34.7,12.79,0.0,12.44,12.0,24.68,0.0,2,13.73,16.2,13.54,0.0979,0.2636,0,0.0,,5000.0,21.7645,72.1519
PAN-2,2023-04-13,summer,34.67,44.21,9.03,0.0,10.72,12.0,24.93,0.0,3,0.0,17.7,0.0,0.0715,0.1035,0,0.0,,5000.0,21.7645,72.1519
PAN-2,2023-04-14,summer,36.3,46.73,9.35,0.0,11.94,12.0,25.21,0.0,4,32.86,24.7,29.33,0.1583,0.3358,0,0.0,,5000.0,21.7645,72.1519
PAN-2,2023-04-15,summer,33.96,24.07,4.74,0.0,11.93,11.8,24.45,0.0,5,0.61,0.0,0.0,0.045,0.193,0,0.0,,5000.0,21.7645,72.1519
PAN-2,2023-04-16,summer,34.66,26.48,9.67,0.0,11.19,12.0,24.45,0.0,6,6.21,11.5,6.86,0.0875,0.1389,0,0.0,,5000.0,21.7645,72.1519
PAN-2,2023-04-17,summer,33.69,46.22,5.36,0.0,13.0,12.0,24.64,0.0,7,0.1,21.4,0.0,0.1232,0.1623,0,0.0,,5000.0,21.7645,72.1519
PAN-2,2023-04-18,summer,32.88,32.46,10.12,0.0,11.02,12.0,24.94,0.0,8,1.49,9.6,1.82,0.0486,0.1621,0,0.0,,5000.0,21.7645,72.1519
PAN-2,2023-04-19,summer,33.9,36.89,8.31,0.0,10.48,12.0,25.2,0.0,9,0.76,12.9,0.0,0.1591,0.1926,0,0.0,,5000.0,21.7645,72.1519
PAN-2,2023-04-20,summer,32.93,35.65,8.65,0.0,10.38,11.8,24.39,0.0,10,8.17,20.4,7.58,0.0497,0.1256,0,0.0,,5000.0,21.7645,72.1519
PAN-2,2023-04-21,summer,30.55,38.46,8.92,0.0,11.65,12.0,24.27,0.0,11,17.35,19.9,17.67,0.054,0.2628,0,0.0,,5000.0,21.7645,72.1519
PAN-2,2023-04-22,summer,32.42,39.24,3.2,0.0,12.07,12.0,24.42,0.0,12,0.84,3.9,0.0,0.0656,0.1,0,0.0,,5000.0,21.7645,72.1519
PAN-2,2023-04-23,summer,35.45,46.27,14.18,22.09,11.77,13.0,22.54,0.0,0,5.04,9.6,5.16,0.0,0.185,0,0.0,,5000.0,21.7645,72.1519
PAN-2,2023-04-24,summer,30.6,46.47,10.25,0.0,9.81,12.31,23.8,0.0,1,0.58,7.8,0.0,0.0343,0.0723,0,0.0,,5000.0,21.7645,72.1519
PAN-2,2023-04-25,summer,37.12,36.66,3.61,0.0,11.37,12.0,24.54,0.0,2,23.18,31.3,23.11,0.0701,0.2938,0,0.0,,5000.0,21.7645,72.1519
PAN-2,2023-04-26,summer,35.61,26.46,7.37,11.22,10.26,12.08,24.38,0.0,0,0.0,9.0,0.0,0.015,0.1058,0,0.0,,5000.0,21.7645,72.1519
PAN-2,2023-04-27,summer,34.18,35.54,7.95,0.0,9.06,12.0,24.77,0.0,1,5.19,10.5,4.05,0.089,0.136,0,0.0,,5000.0,21.7645,72.1519
PAN-2,2023-04-28,summer,33.08,25.98,18.23,0.0,11.71,12.0,24.43,0.0,2,0.51,6.6,0.0,0.096,0.1323,0,0.0,,5000.0,21.7645,72.1519
PAN-2,2023-04-29,summer,34.36,35.74,11.94,0.0,12.15,12.0,24.79,0.0,3,0.15,4.7,0.0,0.0209,0.1292,0,0.0,,5000.0,21.7645,72.1519
PAN-2,2023-04-30,summer,33.81,36.65,8.0,0.0,11.54,12.0,25.05,0.0,4,0.0,0.0,0.0,0.1874,0.0393,0,0.0,,5000.0,21.7645,72.1519
PAN-2,2023-05-01,summer,38.11,39.83,18.98,0.0,10.52,11.59,22.73,0.0,5,0.0,0.3,0.0,0.0,0.1495,0,0.0,,5000.0,21.7645,72.1519
PAN-2,2023-05-02,summer,33.82,27.96,9.23,0.0,10.14,12.0,22.38,0.0,6,0.0,1.1,0.0,0.0,0.0591,0,0.0,,5000.0,21.7645,72.1519
PAN-2,2023-05-03,summer,34.23,41.16,10.72,0.0,12.55,12.0,22.69,0.0,7,0.59,0.4,0.0,0.0,0.141,0,0.0,,5000.0,21.7645,72.1519
PAN-2,2023-05-04,summer,32.64,40.14,14.89,0.0,13.0,12.0,23.05,0.0,8,0.0,8.6,0.0,0.0324,0.0764,0,0.0,,5000.0,21.7645,72.1519
PAN-2,2023-05-05,summer,33.36,28.33,8.31,0.0,10.88,12.0,23.34,0.0,9,0.0,0.3,0.0,0.1173,0.1446,0,0.0,,5000.0,21.7645,72.1519
PAN-2,2023-05-06,summer,31.69,42.32,13.11,0.0,12.46,12.0,23.64,0.0,10,0.32,23.7,0.0,0.0511,0.0643,0,0.0,,5000.0,21.7645,72.1519
PAN-2,2023-05-07,summer,35.57,33.88,10.58,0.0,8.88,12.0,23.96,0.0,11,0.0,7.2,0.0,0.0,0.1744,0,0.0,,5000.0,21.7645,72.1519
PAN-2,2023-05-08,summer,33.81,21.61,5.67,0.0,10.84,12.0,24.22,0.0,12,3.39,9.4,3.47,0.0,0.0885,0,0.0,,5000.0,21.7645,72.1519
PAN-2,2023-05-09,summer,38.11,41.85,12.02,0.0,11.32,12.0,24.61,0.0,13,0.55,0.0,0.0,0.0732,0.0269,0,0.0,,5000.0,21.7645,72.1519
PAN-2,2023-05-10,summer,35.77,40.05,4.18,0.0,11.74,12.0,24.81,0.0,14,6.94,27.8,8.29,0.1084,0.1186,0,0.0,,5000.0,21.7645,72.1519
PAN-2,2023-05-11,summer,35.92,18.0,2.84,0.0,10.94,12.0,25.04,0.0,15,9.81,16.1,9.37,0.1698,0.2148,0,0.0,,5000.0,21.7645,72.1519
PAN-2,2023-05-12,summer,35.04,37.53,10.85,0.0,11.71,11.75,23.8,0.0,16,0.0,12.2,0.0,0.0,0.1316,0,0.0,,5000.0,21.7645,72.1519
PAN-2,2023-05-13,summer,34.84,31.35,9.48,0.0,8.95,12.0,23.68,0.0,17,0.0,23.6,0.0,0.0372,0.0905,0,0.0,,5000.0,21.7645,72.1519
PAN-2,2023-05-14,summer,32.52,41.25,6.98,0.0,10.87,12.0,23.88,0.0,18,0.06,18.5,0.0,0.0177,0.0531,0,0.0,,5000.0,21.7645,72.1519
PAN-2,2023-05-15,summer,30.73,28.05,8.49,0.0,12.59,12.0,24.15,0.0,19,0.0,17.4,0.0,0.048,0.152,0,0.0,,5000.0,21.7645,72.1519
PAN-2,2023-05-16,summer,35.91,31.7,3.05,0.0,11.02,12.0,24.35,0.0,20,9.65,12.5,8.08,0.0,0.1717,0,0.0,,5000.0,21.7645,72.1519
PAN-2,2023-05-17,summer,34.76,48.53,11.43,0.0,12.51,12.0,24.64,0.0,21,0.0,1.9,0.0,0.0261,0.1185,0,0.0,,5000.0,21.7645,72.1519
PAN-2,2023-05-18,summer,35.1,46.46,1.94,0.0,12.2,12.0,24.78,0.0,22,0.36,9.5,0.0,0.1081,0.1659,0,0.0,,5000.0,21.7645,72.1519
PAN-2,2023-05-19,summer,32.12,33.08,3.69,10.48,12.14,12.45,23.89,0.0,0,0.0,0.0,0.0,0.0186,0.0806,0,0.0,,5000.0,21.7645,72.1519
PAN-2,2023-05-20,summer,32.99,34.7,6.28,0.0,12.71,12.0,24.89,0.0,1,0.0,15.6,0.0,0.1642,0.1471,0,0.0,,5000.0,21.7645,72.1519
PAN-2,2023-05-21,summer,32.2,38.85,7.28,0.0,12.44,12.0,25.11,0.0,2,6.81,17.4,7.19,0.2276,0.124,0,0.0,,5000.0,21.7645,72.1519
PAN-2,2023-05-22,summer,33.47,32.76,5.89,0.0,11.18,11.82,24.42,0.0,3,5.54,24.4,5.74,0.0659,0.1559,0,0.0,,5000.0,21.7645,72.1519
PAN-2,2023-05-23,summer,32.9,29.29,5.11,0.0,10.09,12.0,24.31,0.0,4,0.0,13.9,0.0,0.0178,0.0,0,0.0,,5000.0,21.7645,72.1519
PAN-2,2023-05-24,summer,33.64,32.46,3.73,0.0,11.22,12.0,24.5,0.0,5,0.0,9.3,0.0,0.089,0.1074,0,0.0,,5000.0,21.7645,72.1519
PAN-2,2023-05-25,summer,33.63,34.71,8.16,0.0,9.73,12.0,24.75,0.0,6,1.94,0.0,1.6,0.1011,0.1779,0,0.0,,5000.0,21.7645,72.1519
PAN-2,2023-05-26,summer,31.08,50.63,3.47,0.0,9.74,12.0,24.86,0.0,7,11.39,20.3,10.34,0.1728,0.1961,0,0.0,,5000.0,21.7645,72.1519
PAN-2,2023-05-27,summer,32.18,40.35,0.0,0.0,13.0,12.0,24.96,0.0,8,5.39,16.6,5.07,0.1079,0.1542,0,0.0,,5000.0,21.7645,72.1519
PAN-2,2023-05-28,summer,33.18,27.25,9.21,0.0,12.05,12.0,25.28,0.0,9,0.0,7.1,0.0,0.1481,0.1171,0,0.0,,5000.0,21.7645,72.1519
PAN-2,2023-05-29,summer,34.66,46.55,8.81,0.0,11.28,11.8,24.54,0.0,10,0.05,15.2,0.0,0.0295,0.206,0,0.0,,5000.0,21.7645,72.1519
PAN-2,2023-05-30,summer,33.37,36.01,10.54,0.0,11.34,12.0,24.49,0.0,11,5.37,7.6,6.44,0.0182,0.1816,0,0.0,,5000.0,21.7645,72.1519
PAN-2,2023-05-31,summer,33.5,33.03,0.0,0.0,9.54,12.0,24.6,0.0,12,0.64,3.4,0.0,0.0868,0.0543,0,0.0,,5000.0,21.7645,72.1519
PAN-2,2023-06-01,summer,32.68,40.11,0.13,0.0,11.58,12.0,24.7,0.0,13,0.22,10.9,0.0,0.1067,0.1611,0,0.0,,5000.0,21.7645,72.1519
PAN-2,2023-06-02,summer,35.98,40.57,4.33,0.0,12.57,12.0,24.91,0.0,14,0.0,10.8,0.0,0.1485,0.1292,0,0.0,,5000.0,21.7645,72.1519
PAN-2,2023-06-03,summer,32.7,34.86,6.78,0.0,12.44,12.0,25.15,0.0,15,0.0,6.3,0.0,0.1339,0.1274,0,0.0,,5000.0,21.7645,72.1519
PAN-2,2023-06-04,summer,33.09,49.22,10.47,0.0,12.97,11.81,24.36,0.0,16,0.0,7.1,0.0,0.0,0.1444,0,0.0,,5000.0,21.7645,72.1519
PAN-2,2023-06-05,summer,31.83,27.27,10.58,0.0,13.0,12.0,24.36,0.0,17,2.83,14.2,3.16,0.1042,0.1469,0,0.0,,5000.0,21.7645,72.1519
PAN-2,2023-06-06,summer,30.73,36.16,4.33,0.0,9.91,12.0,24.51,0.0,18,2.65,12.5,3.2,0.0356,0.1605,0,0.0,,5000.0,21.7645,72.1519
PAN-2,2023-06-07,summer,33.8,50.45,13.47,0.0,10.61,12.0,24.78,0.0,19,0.0,0.8,0.0,0.1138,0.0867,0,0.0,,5000.0,21.7645,72.1519
PAN-2,2023-06-08,summer,33.98,36.95,9.81,0.0,9.18,12.0,25.05,0.0,20,25.45,21.5,25.16,0.1537,0.2699,0,0.0,,5000.0,21.7645,72.1519
PAN-2,2023-06-09,summer,30.5,34.92,9.57,0.0,11.06,11.82,24.27,0.0,21,0.4,8.9,0.0,0.0,0.0369,0,0.0,,5000.0,21.7645,72.1519
PAN-2,2023-06-10,summer,31.14,31.34,3.63,0.0,12.13,12.0,24.13,0.0,22,3.82,10.3,4.16,0.0035,0.1507,0,0.0,,5000.0,21.7645,72.1519
PAN-2,2023-06-11,summer,35.79,42.87,10.02,0.0,12.73,12.0,24.44,0.0,23,0.78,3.5,0.0,0.0378,0.0279,0,0.0,,5000.0,21.7645,72.1519
PAN-2,2023-06-12,summer,33.12,52.97,5.87,0.0,11.57,12.0,24.6,0.0,24,0.0,11.8,0.0,0.0691,0.1391,0,0.0,,5000.0,21.7645,72.1519
PAN-2,2023-06-13,summer,30.48,37.36,14.82,0.0,11.43,12.0,24.92,0.0,25,0.0,12.5,0.0,0.1371,0.0,0,0.0,,5000.0,21.7645,72.1519
PAN-2,2023-06-14,summer,34.32,38.36,4.4,2.95,13.0,12.0,25.04,0.0,0,12.48,23.3,12.38,0.1349,0.1626,0,0.0,,5000.0,21.7645,72.1519
PAN-2,2023-06-15,summer,30.87,31.82,8.32,0.0,12.42,11.81,24.22,0.0,1,0.0,11.9,0.0,0.1036,0.1267,0,0.0,,5000.0,21.7645,72.1519
PAN-2,2023-06-16,summer,33.0,34.58,7.91,0.0,9.81,12.0,24.13,0.0,2,0.0,20.3,0.0,0.0899,0.0745,0,0.0,,5000.0,21.7645,72.1519
PAN-2,2023-06-17,summer,31.0,37.12,8.88,0.0,12.16,12.0,24.37,0.0,3,1.1,8.1,0.0,0.1069,0.0862,0,0.0,,5000.0,21.7645,72.1519
PAN-2,2023-06-18,summer,32.06,50.42,4.09,0.0,10.1,12.0,24.5,0.0,4,6.71,10.1,6.71,0.0543,0.1052,0,0.0,,5000.0,21.7645,72.1519
PAN-2,2023-06-19,summer,30.1,42.67,2.65,0.0,11.28,12.0,24.62,0.0,5,0.17,2.6,0.0,0.0905,0.1151,0,0.0,,5000.0,21.7645,72.1519
PAN-2,2023-06-20,summer,31.22,44.57,11.88,0.0,10.16,12.0,24.86,0.0,6,0.54,17.5,0.0,0.0836,0.0443,0,0.0,,5000.0,21.7645,72.1519
PAN-2,2023-06-21,summer,30.6,43.08,17.88,0.0,10.11,12.0,25.18,0.0,7,0.0,13.0,0.0,0.1003,0.12,0,0.0,,5000.0,21.7645,72.1519
PAN-2,2023-06-22,summer,31.98,41.76,8.9,0.0,7.35,11.84,24.64,0.0,8,0.0,0.0,0.0,0.0096,0.1586,0,0.0,,5000.0,21.7645,72.1519
PAN-2,2023-06-23,summer,30.38,41.87,13.9,0.0,10.59,12.0,24.63,0.0,9,0.0,11.2,0.0,0.055,0.1185,0,0.0,,5000.0,21.7645,72.1519
PAN-2,2023-06-24,summer,31.74,46.44,8.78,6.6,10.22,12.0,24.64,0.0,0,0.31,0.0,0.0,0.0592,0.0922,0,0.0,,5000.0,21.7645,72.1519
PAN-2,2023-06-25,summer,32.24,50.54,3.79,0.0,11.68,12.0,24.77,0.0,1,0.0,9.2,0.0,0.092,0.1121,0,0.0,,5000.0,21.7645,72.1519
PAN-2,2023-06-26,summer,30.69,40.86,6.89,0.0,8.05,12.0,24.94,0.0,2,0.0,7.8,0.0,0.161,0.1169,0,0.0,,5000.0,21.7645,72.1519
PAN-2,2023-06-27,summer,33.08,39.25,8.89,0.0,11.74,12.0,25.2,0.0,3,13.64,17.4,16.01,0.1529,0.1406,0,0.0,,5000.0,21.7645,72.1519
PAN-2,2023-06-28,summer,31.79,44.3,6.23,0.0,11.7,11.86,24.76,0.0,4,0.16,18.2,0.0,0.0118,0.0641,0,0.0,,5000.0,21.7645,72.1519
PAN-2,2023-06-29,summer,27.79,41.85,9.85,0.0,11.89,12.0,24.71,0.0,5,13.57,21.1,13.6,0.0894,0.1433,0,0.0,,5000.0,21.7645,72.1519
PAN-2,2023-06-30,summer,29.74,41.98,15.18,0.0,9.57,12.0,24.98,0.0,6,0.0,3.5,0.0,0.1538,0.0279,0,0.0,,5000.0,21.7645,72.1519
PAN-2,2023-07-01,monsoon,28.27,35.04,7.03,0.0,13.0,12.0,25.17,0.0,7,10.66,15.6,12.5,0.1092,0.1859,0,0.0,,5000.0,21.7645,72.1519
PAN-2,2023-07-02,monsoon,30.26,44.97,15.72,0.0,9.31,11.79,24.29,0.0,8,38.53,50.7,33.44,0.0482,0.3137,0,0.0,,5000.0,21.7645,72.1519
PAN-2,2023-07-03,monsoon,32.34,41.68,9.16,0.0,9.65,12.0,24.15,0.0,9,3.55,2.1,1.79,0.0,0.2025,0,0.0,,5000.0,21.7645,72.1519
PAN-2,2023-07-04,monsoon,29.16,44.12,17.02,0.0,10.47,12.0,24.43,0.0,10,8.94,17.1,9.6,0.1264,0.2304,0,0.0,,5000.0,21.7645,72.1519
PAN-2,2023-07-05,monsoon,33.18,38.56,8.86,31.25,9.67,14.29,20.51,0.0,0,23.65,23.0,26.52,0.0181,0.2125,0,0.0,,5000.0,21.7645,72.1519
PAN-2,2023-07-06,monsoon,33.38,44.5,10.09,0.0,13.0,13.37,21.92,0.0,1,2.29,0.0,2.48,0.0,0.0993,0,0.0,,5000.0,21.7645,72.1519
PAN-2,2023-07-07,monsoon,28.84,48.39,15.13,0.0,11.24,12.55,23.36,0.0,2,25.52,41.2,25.86,0.0,0.268,0,0.0,,5000.0,21.7645,72.1519
PAN-2,2023-07-08,monsoon,28.93,48.4,13.23,0.0,10.26,12.0,24.48,0.0,3,26.33,22.2,22.3,0.1557,0.2018,0,0.0,,5000.0,21.7645,72.1519
PAN-2,2023-07-09,monsoon,31.15,35.11,14.81,0.0,10.38,12.0,24.81,0.0,4,32.45,35.1,40.8,0.0344,0.448,0,0.0,,5000.0,21.7645,72.1519
PAN-2,2023-07-10,monsoon,32.0,59.07,17.66,0.0,10.05,12.0,25.05,0.0,5,25.4,18.6,20.87,0.0943,0.2711,0,0.0,,5000.0,21.7645,72.1519
PAN-2,2023-07-11,monsoon,28.17,66.88,13.47,0.0,11.38,11.9,24.8,0.0,6,2.5,17.5,2.28,0.1696,0.0411,0,0.0,,5000.0,21.7645,72.1519
PAN-2,2023-07-12,monsoon,31.63,46.14,17.99,2.25,12.1,12.0,24.9,0.0,0,9.31,16.3,7.64,0.0926,0.1283,0,0.0,,5000.0,21.7645,72.1519
PAN-2,2023-07-13,monsoon,28.96,64.41,23.12,13.39,11.19,12.55,23.81,0.0,0,47.55,41.9,51.48,0.0,0.4118,0,0.0,,5000.0,21.7645,72.1519
PAN-2,2023-07-14,monsoon,31.93,59.57,18.77,0.0,11.18,12.0,25.0,0.0,1,62.05,58.4,60.77,0.0781,0.4562,0,0.0,,5000.0,21.7645,72.1519
PAN-2,2023-07-15,monsoon,28.16,82.63,27.66,0.0,10.52,11.91,24.83,0.0,2,10.32,13.0,10.19,0.1379,0.1509,0,0.0,,5000.0,21.7645,72.1519
PAN-2,2023-07-16,monsoon,31.3,59.7,24.28,0.0,11.66,12.0,24.98,0.0,3,78.94,63.6,69.93,0.1226,0.6333,0,0.0,,5000.0,21.7645,72.1519
PAN-2,2023-07-17,monsoon,27.22,78.14,28.04,0.0,9.26,12.0,25.12,0.0,4,15.86,24.5,15.75,0.1092,0.2788,0,0.0,,5000.0,21.7645,72.1519
PAN-2,2023-07-18,monsoon,29.3,61.88,22.16,0.0,9.97,11.82,24.4,0.0,5,26.71,38.1,27.62,0.054,0.2349,0,0.0,,5000.0,21.7645,72.1519
PAN-2,2023-07-19,monsoon,28.44,55.18,28.66,0.0,10.73,12.0,24.42,0.0,6,31.65,36.3,38.26,0.0273,0.4112,0,0.0,,5000.0,21.7645,72.1519
PAN-2,2023-07-20,monsoon,28.28,66.72,24.67,0.0,10.16,12.0,24.63,0.0,7,48.94,55.0,47.6,0.1271,0.4454,0,0.0,,5000.0,21.7645,72.1519
PAN-2,2023-07-21,monsoon,28.57,70.23,27.25,0.0,9.71,12.0,24.83,0.0,8,18.0,29.0,17.48,0.0881,0.2254,0,0.0,,5000.0,21.7645,72.1519
PAN-2,2023-07-22,monsoon,31.49,61.5,28.29,0.0,9.6,12.0,25.15,0.0,9,8.22,10.6,7.2,0.1631,0.2234,0,0.0,,5000.0,21.7645,72.1519
PAN-2,2023-07-23,monsoon,30.25,77.27,38.39,0.0,8.24,11.83,24.51,0.0,10,46.9,62.3,48.05,0.0441,0.4048,0,0.0,,5000.0,21.7645,72.1519
PAN-2,2023-07-24,monsoon,31.46,58.32,31.86,14.79,9.37,12.01,24.14,0.0,0,40.5,45.4,39.82,0.0,0.4214,0,0.0,,5000.0,21.7645,72.1519
PAN-2,2023-07-25,monsoon,28.31,84.19,24.38,2.62,8.07,12.0,24.17,0.0,0,24.77,28.7,28.5,0.0,0.3164,0,0.0,,5000.0,21.7645,72.1519
PAN-2,2023-07-26,monsoon,29.27,62.93,24.76,18.16,7.86,13.03,22.25,0.0,0,43.81,41.4,39.24,0.0,0.375,0,0.0,,5000.0,21.7645,72.1519
PAN-2,2023-07-27,monsoon,28.02,76.62,38.83,0.0,9.87,12.31,23.55,0.0,1,0.65,18.2,0.0,0.0349,0.0,0,0.0,,5000.0,21.7645,72.1519
PAN-2,2023-07-28,monsoon,26.72,66.87,27.97,0.0,8.46,12.0,24.27,0.0,2,20.1,25.3,20.08,0.0,0.2289,0,0.0,,5000.0,21.7645,72.1519
PAN-2,2023-07-29,monsoon,25.4,71.92,28.36,5.75,9.26,12.02,24.23,0.0,0,25.11,43.2,26.9,0.0,0.2715,0,0.0,,5000.0,21.7645,72.1519
PAN-2,2023-07-30,monsoon,28.13,73.44,30.3,33.58,8.19,14.75,19.74,0.0,0,51.4,46.1,52.85,0.0282,0.4593,0,0.0,,5000.0,21.7645,72.1519
PAN-2,2023-07-31,monsoon,27.12,86.16,28.73,1.13,10.06,14.55,20.01,0.0,0,63.04,58.2,58.7,0.0,0.48,0,0.0,,5000.0,21.7645,72.1519
PAN-2,2023-08-01,monsoon,31.57,66.72,33.03,9.1,9.49,14.38,20.25,0.0,0,47.42,29.4,39.65,0.0289,0.2804,0,0.0,,5000.0,21.7645,72.1519
PAN-2,2023-08-02,monsoon,27.34,70.68,30.48,0.71,7.99,13.72,21.22,0.0,1,32.1,42.0,34.41,0.0,0.2381,0,0.0,,5000.0,21.7645,72.1519
PAN-2,2023-08-03,monsoon,26.23,55.63,40.88,13.53,10.94,13.73,21.2,0.0,0,74.73,73.9,69.22,0.0111,0.5187,0,0.0,,5000.0,21.7645,72.1519
PAN-2,2023-08-04,monsoon,27.55,75.5,33.0,1.42,9.37,13.24,21.98,0.0,0,18.22,42.8,18.83,0.0,0.2034,0,0.0,,5000.0,21.7645,72.1519
PAN-2,2023-08-05,monsoon,28.61,75.02,41.61,0.0,8.91,12.42,23.43,0.0,1,37.79,32.9,36.81,0.0,0.3382,0,0.0,,5000.0,21.7645,72.1519
PAN-2,2023-08-06,monsoon,26.05,69.56,29.83,2.63,8.25,12.05,24.14,0.0,0,18.68,23.6,22.83,0.0,0.279,0,0.0,,5000.0,21.7645,72.1519
PAN-2,2023-08-07,monsoon,27.57,68.45,30.37,12.17,7.47,12.56,23.15,0.0,0,44.09,43.2,47.7,0.0021,0.4344,0,0.0,,5000.0,21.7645,72.1519
PAN-2,2023-08-08,monsoon,23.97,69.69,32.28,10.95,11.33,12.99,22.38,0.0,0,36.22,45.8,37.01,0.0501,0.3603,0,0.0,,5000.0,21.7645,72.1519
PAN-2,2023-08-09,monsoon,29.37,85.61,41.03,0.0,5.94,12.56,23.15,0.0,1,50.56,50.9,55.2,0.0098,0.4712,0,0.0,,5000.0,21.7645,72.1519
PAN-2,2023-08-10,monsoon,25.83,63.37,32.62,0.0,10.54,12.0,24.32,0.0,2,53.55,56.4,59.95,0.0585,0.4729,0,0.0,,5000.0,21.7645,72.1519
PAN-2,2023-08-11,monsoon,28.11,85.94,33.04,0.0,8.11,12.0,24.42,0.0,3,62.1,59.5,65.89,0.0798,0.5874,0,0.0,,5000.0,21.7645,72.1519
PAN-2,2023-08-12,monsoon,27.72,76.81,34.23,0.0,10.37,12.0,24.61,0.0,4,40.44,36.5,41.36,0.0335,0.3872,0,0.0,,5000.0,21.7645,72.1519
PAN-2,2023-08-13,monsoon,26.85,82.69,35.15,7.04,7.69,12.28,24.04,0.0,0,36.24,46.5,52.06,0.0,0.4807,0,0.0,,5000.0,21.7645,72.1519
PAN-2,2023-08-14,monsoon,25.25,77.77,34.89,3.22,7.71,12.11,24.37,0.0,0,34.43,37.4,34.71,0.0351,0.2989,0,0.0,,5000.0,21.7645,72.1519
PAN-2,2023-08-15,monsoon,26.16,82.27,37.74,5.07,8.05,12.17,24.25,0.0,0,19.67,30.2,21.65,0.0,0.2065,0,0.0,,5000.0,21.7645,72.1519
PAN-2,2023-08-16,monsoon,28.01,68.85,38.7,10.85,11.93,12.23,24.14,0.0,0,37.09,39.4,37.02,0.0,0.3949,0,0.0,,5000.0,21.7645,72.1519
PAN-2,2023-08-17,monsoon,23.94,73.24,29.98,0.0,9.24,12.0,24.68,0.0,1,61.26,65.5,71.18,0.0654,0.6844,0,0.0,,5000.0,21.7645,72.1519
PAN-2,2023-08-18,monsoon,24.71,71.37,39.47,13.51,6.54,12.7,23.32,0.0,0,61.72,71.2,60.64,0.008,0.5612,0,0.0,,5000.0,21.7645,72.1519
PAN-2,2023-08-19,monsoon,24.8,84.58,32.94,0.0,9.51,12.36,23.96,0.0,1,86.83,96.1,107.33,0.0,0.6283,0,0.0,,5000.0,21.7645,72.1519
PAN-2,2023-08-20,monsoon,27.3,87.94,40.96,0.0,7.27,12.02,24.64,0.0,2,49.0,46.6,44.84,0.1189,0.3464,0,0.0,,5000.0,21.7645,72.1519
PAN-2,2023-08-21,monsoon,25.51,78.79,28.37,7.36,6.67,12.37,23.94,0.0,0,31.28,32.1,28.75,0.0166,0.2888,0,0.0,,5000.0,21.7645,72.1519
PAN-2,2023-08-22,monsoon,25.35,79.12,38.63,0.0,8.97,12.0,24.72,0.0,1,39.32,35.0,41.94,0.0731,0.3438,0,0.0,,5000.0,21.7645,72.1519
PAN-2,2023-08-23,monsoon,24.16,90.69,41.5,2.79,10.83,12.03,24.66,0.0,0,45.81,48.4,50.52,0.1135,0.4245,0,0.0,,5000.0,21.7645,72.1519
PAN-2,2023-08-24,monsoon,22.03,77.32,34.32,0.0,6.05,12.0,24.82,0.0,1,17.27,18.9,17.55,0.0498,0.2889,0,0.0,,5000.0,21.7645,72.1519
PAN-2,2023-08-25,monsoon,26.72,81.43,31.21,3.15,6.53,12.0,24.84,0.0,0,87.55,70.5,64.75,0.1505,0.6236,0,0.0,,5000.0,21.7645,72.1519
PAN-2,2023-08-26,monsoon,26.23,70.14,37.23,3.23,8.76,12.0,24.97,0.0,0,52.23,54.3,56.92,0.0824,0.5339,0,0.0,,5000.0,21.7645,72.1519
PAN-2,2023-08-27,monsoon,23.94,74.74,37.78,6.42,7.02,12.11,24.75,0.0,0,34.86,35.5,29.49,0.1389,0.3306,0,0.0,,5000.0,21.7645,72.1519
PAN-2,2023-08-28,monsoon,26.77,82.13,34.98,6.27,10.59,12.26,24.45,0.0,0,9.97,12.0,9.24,0.0787,0.2778,0,0.0,,5000.0,21.7645,72.1519
PAN-2,2023-08-29,monsoon,27.87,89.79,34.98,0.0,10.49,12.0,24.99,0.0,1,32.75,36.4,29.37,0.1273,0.2847,0,0.0,,5000.0,21.7645,72.1519
PAN-2,2023-08-30,monsoon,25.99,78.52,36.9,0.0,8.84,12.0,25.15,0.0,2,17.0,26.9,19.54,0.1244,0.2768,0,0.0,,5000.0,21.7645,72.1519
PAN-2,2023-08-31,monsoon,28.28,80.75,31.99,0.0,8.22,11.89,24.9,0.0,3,26.02,46.8,41.48,0.111,0.3724,0,0.0,,5000.0,21.7645,72.1519
PAN-2,2023-09-01,monsoon,25.25,83.23,36.12,20.35,6.36,13.56,21.83,0.0,0,14.68,16.1,15.41,0.0311,0.1769,0,0.0,,5000.0,21.7645,72.1519
PAN-2,2023-09-02,monsoon,26.62,81.82,33.53,2.46,10.93,13.33,22.2,0.0,0,36.15,33.6,33.63,0.0,0.3577,0,0.0,,5000.0,21.7645,72.1519
PAN-2,2023-09-03,monsoon,25.26,88.32,37.05,0.0,9.59,13.04,22.7,0.0,1,16.75,19.4,15.87,0.0,0.1459,0,0.0,,5000.0,21.7645,72.1519
PAN-2,2023-09-04,monsoon,21.24,80.32,32.62,7.13,10.24,13.4,22.09,0.0,0,47.69,54.1,48.69,0.0703,0.5554,0,0.0,,5000.0,21.7645,72.1519
PAN-2,2023-09-05,monsoon,24.87,76.29,31.38,0.0,9.32,12.9,22.94,0.0,1,39.67,42.3,34.12,0.0179,0.2688,0,0.0,,5000.0,21.7645,72.1519
PAN-2,2023-09-06,monsoon,26.17,83.33,34.5,0.0,9.21,12.49,23.69,0.0,2,54.93,58.3,58.33,0.0318,0.4871,0,0.0,,5000.0,21.7645,72.1519
PAN-2,2023-09-07,monsoon,23.32,82.2,36.98,0.0,9.13,12.1,24.45,0.0,3,34.72,44.6,35.98,0.0639,0.3488,0,0.0,,5000.0,21.7645,72.1519
PAN-2,2023-09-08,monsoon,27.39,92.81,35.99,0.0,10.32,12.0,24.68,0.0,4,40.55,24.9,42.13,0.0991,0.4458,0,0.0,,5000.0,21.7645,72.1519
PAN-2,2023-09-09,monsoon,26.43,72.62,25.27,0.0,10.89,12.0,24.84,0.0,5,6.64,0.0,7.38,0.1578,0.196,0,0.0,,5000.0,21.7645,72.1519
PAN-2,2023-09-10,monsoon,22.31,78.69,36.75,0.0,10.74,12.0,24.97,0.0,6,36.19,38.8,28.78,0.1224,0.2715,0,0.0,,5000.0,21.7645,72.1519
PAN-2,2023-09-11,monsoon,22.61,72.78,25.66,0.0,9.28,12.0,25.09,0.0,7,66.57,66.9,66.84,0.0964,0.5769,0,0.0,,5000.0,21.7645,72.1519
PAN-2,2023-09-12,monsoon,22.83,84.15,26.98,0.0,9.21,11.94,25.15,0.0,8,19.39,35.1,19.61,0.1428,0.2211,0,0.0,,5000.0,21.7645,72.1519
PAN-2,2023-09-13,monsoon,25.08,74.1,33.33,10.34,8.11,12.42,23.45,0.0,0,37.48,31.8,31.03,0.0106,0.2776,0,0.0,,5000.0,21.7645,72.1519
PAN-2,2023-09-14,monsoon,21.4,81.64,31.33,0.0,7.04,12.13,24.0,0.0,1,50.78,51.8,50.19,0.0,0.3544,0,0.0,,5000.0,21.7645,72.1519
PAN-2,2023-09-15,monsoon,26.02,73.34,29.44,0.0,10.27,12.0,24.39,0.0,2,35.87,34.7,28.53,0.1346,0.3174,0,0.0,,5000.0,21.7645,72.1519
PAN-2,2023-09-16,monsoon,24.17,81.08,26.52,0.0,10.46,12.0,24.49,0.0,3,0.0,6.7,0.0,0.0527,0.0959,0,0.0,,5000.0,21.7645,72.1519
PAN-2,2023-09-17,monsoon,23.69,80.31,30.62,0.18,10.65,12.0,24.61,0.0,4,43.65,39.0,38.77,0.0807,0.3844,0,0.0,,5000.0,21.7645,72.1519
PAN-2,2023-09-18,monsoon,20.69,72.88,23.83,0.0,9.08,12.0,24.71,0.0,5,33.26,47.0,33.8,0.1646,0.3343,0,0.0,,5000.0,21.7645,72.1519
PAN-2,2023-09-19,monsoon,24.93,74.33,17.04,0.96,9.54,12.0,24.81,0.0,6,20.32,23.8,21.11,0.1476,0.2764,0,0.0,,5000.0,21.7645,72.1519
PAN-2,2023-09-20,monsoon,22.66,71.52,22.73,7.18,9.07,12.32,24.16,0.0,0,10.88,21.6,10.98,0.0338,0.09,0,0.0,,5000.0,21.7645,72.1519
PAN-2,2023-09-21,monsoon,19.94,72.47,28.58,34.02,10.13,15.32,19.43,0.0,0,68.03,64.2,61.57,0.0,0.4436,0,0.0,,5000.0,21.7645,72.1519
PAN-2,2023-09-22,monsoon,20.34,75.97,18.54,0.0,8.81,15.07,19.75,0.0,1,38.84,44.8,39.29,0.0093,0.3972,0,0.0,,5000.0,21.7645,72.1519
PAN-2,2023-09-23,monsoon,25.64,72.41,21.23,0.0,7.66,14.66,20.31,0.0,2,24.44,26.2,22.77,0.0072,0.1823,0,0.0,,5000.0,21.7645,72.1519
PAN-2,2023-09-24,monsoon,24.24,84.87,19.65,0.0,10.26,14.44,20.61,0.0,3,0.0,14.6,0.0,0.0,0.0797,0,0.0,,5000.0,21.7645,72.1519
PAN-2,2023-09-25,monsoon,23.81,63.4,25.71,0.0,11.53,13.78,21.59,0.0,4,3.43,21.8,2.5,0.0,0.1325,0,0.0,,5000.0,21.7645,72.1519
PAN-2,2023-09-26,monsoon,20.16,83.93,21.59,0.0,9.71,13.59,21.89,0.0,5,17.37,29.0,17.04,0.0,0.2187,0,0.0,,5000.0,21.7645,72.1519
PAN-2,2023-09-27,monsoon,22.07,74.49,25.67,0.0,8.39,13.22,22.5,0.0,6,7.75,23.7,8.21,0.0213,0.2035,0,0.0,,5000.0,21.7645,72.1519
PAN-2,2023-09-28,monsoon,22.83,78.13,15.66,0.0,11.29,12.97,22.93,0.0,7,15.46,16.2,17.16,0.0,0.3397,0,0.0,,5000.0,21.7645,72.1519
PAN-2,2023-09-29,monsoon,20.94,73.09,11.79,0.0,8.31,12.77,23.29,0.0,8,1.21,1.5,0.0,0.0585,0.006,0,0.0,,5000.0,21.7645,72.1519
PAN-2,2023-09-30,monsoon,18.05,63.5,14.44,0.0,10.06,12.49,23.81,0.0,9,0.44,8.9,0.0,0.0166,0.1031,0,0.0,,5000.0,21.7645,72.1519
PAN-2,2023-10-01,other,20.09,66.89,11.88,0.0,10.03,12.24,24.3,0.0,10,8.88,17.7,8.19,0.0111,0.0895,0,0.0,,5000.0,21.7645,72.1519
PAN-2,2023-10-02,other,22.97,69.08,10.61,0.0,10.55,12.0,24.79,0.0,11,2.58,6.9,2.72,0.091,0.1015,0,0.0,,5000.0,21.7645,72.1519
PAN-2,2023-10-03,other,22.07,60.57,16.98,0.0,10.03,12.0,24.92,0.0,12,0.0,3.2,0.0,0.1257,0.1532,0,0.0,,5000.0,21.7645,72.1519
PAN-2,2023-10-04,other,22.95,83.68,9.28,0.0,11.13,12.0,24.96,0.0,13,12.58,19.8,10.86,0.0906,0.1349,0,0.0,,5000.0,21.7645,72.1519
PAN-2,2023-10-05,other,23.41,71.74,8.45,0.0,11.05,12.0,25.02,0.0,14,0.0,18.9,0.0,0.0855,0.1614,0,0.0,,5000.0,21.7645,72.1519
PAN-2,2023-10-06,other,20.64,61.88,12.32,0.0,9.94,11.93,25.01,0.0,15,27.0,29.1,26.01,0.1677,0.2325,0,0.0,,5000.0,21.7645,72.1519
PAN-2,2023-10-07,other,22.99,64.27,10.85,0.0,12.45,11.93,24.83,0.0,16,75.19,64.6,62.78,0.1382,0.5313,0,0.0,,5000.0,21.7645,72.1519
PAN-2,2023-10-08,other,20.9,62.07,6.8,0.0,10.83,12.0,24.77,0.0,17,12.76,12.4,13.26,0.1691,0.2284,0,0.0,,5000.0,21.7645,72.1519
PAN-2,2023-10-09,other,20.73,63.53,12.22,0.0,9.73,12.0,24.86,0.0,18,0.0,5.7,0.0,0.0716,0.0541,0,0.0,,5000.0,21.7645,72.1519
PAN-2,2023-10-10,other,21.03,68.28,6.82,0.0,12.21,12.0,24.92,0.0,19,0.0,15.6,0.0,0.1368,0.0813,0,0.0,,5000.0,21.7645,72.1519
PAN-2,2023-10-11,other,21.44,69.5,11.54,0.0,10.02,12.0,24.99,0.0,20,0.0,1.0,0.68,0.1823,0.1651,0,0.0,,5000.0,21.7645,72.1519
PAN-2,2023-10-12,other,24.33,79.33,13.59,0.0,10.84,12.0,25.06,0.0,21,10.08,1.6,9.05,0.1813,0.1857,0,0.0,,5000.0,21.7645,72.1519
PAN-2,2023-10-13,other,19.53,64.6,1.58,0.0,10.55,11.98,25.33,0.0,22,0.0,0.0,0.0,0.2039,0.1204,0,0.0,,5000.0,21.7645,72.1519
PAN-2,2023-10-14,other,24.27,83.11,13.15,0.0,10.51,11.95,25.48,0.0,23,0.0,16.7,0.0,0.2203,0.1195,0,0.0,,5000.0,21.7645,72.1519
PAN-2,2023-10-15,other,19.86,61.05,10.02,0.0,10.73,11.93,25.45,0.0,24,0.0,13.1,0.0,0.1865,0.3078,0,0.0,,5000.0,21.7645,72.1519
PAN-2,2023-10-16,other,21.88,63.64,8.98,0.0,11.4,11.93,25.38,0.0,25,13.76,10.7,11.96,0.0783,0.2236,0,0.0,,5000.0,21.7645,72.1519
PAN-2,2023-10-17,other,23.17,75.37,9.58,0.0,13.0,11.94,25.38,0.0,26,0.0,6.5,0.0,0.1631,0.1279,0,0.0,,5000.0,21.7645,72.1519
PAN-2,2023-10-18,other,20.56,73.24,12.31,0.0,9.42,11.95,25.41,0.0,27,0.58,9.7,0.0,0.1757,0.2006,0,0.0,,5000.0,21.7645,72.1519
PAN-2,2023-10-19,other,20.09,64.92,14.72,0.0,11.63,11.92,25.3,0.0,28,0.0,6.1,0.0,0.1553,0.1151,0,0.0,,5000.0,21.7645,72.1519
PAN-2,2023-10-20,other,22.96,62.67,13.77,0.0,11.48,11.9,25.03,0.0,29,17.13,33.4,17.28,0.091,0.1612,0,0.0,,5000.0,21.7645,72.1519
PAN-2,2023-10-21,other,23.65,70.75,11.72,0.0,10.2,11.94,24.88,0.0,30,0.0,4.2,0.0,0.1666,0.0878,0,0.0,,5000.0,21.7645,72.1519
PAN-2,2023-10-22,other,21.81,80.61,5.11,0.0,10.39,12.0,24.8,0.0,31,0.41,0.0,0.0,0.0447,0.1449,0,0.0,,5000.0,21.7645,72.1519
PAN-2,2023-10-23,other,22.12,69.79,7.38,0.0,9.84,12.0,24.86,0.0,32,0.52,10.1,0.0,0.1644,0.1324,0,0.0,,5000.0,21.7645,72.1519
PAN-2,2023-10-24,other,25.09,80.56,6.31,0.0,9.91,12.0,24.9,0.0,33,14.94,16.2,14.0,0.1457,0.27,0,0.0,,5000.0,21.7645,72.1519
PAN-2,2023-10-25,other,21.24,70.12,0.56,4.85,11.33,12.39,24.11,0.0,0,0.0,0.3,0.0,0.0813,0.1245,0,0.0,,5000.0,21.7645,72.1519
PAN-2,2023-10-26,other,23.82,64.88,9.93,0.39,13.0,12.06,24.77,0.0,1,0.82,8.5,0.0,0.1645,0.0549,0,0.0,,5000.0,21.7645,72.1519
PAN-2,2023-10-27,other,22.32,70.61,1.24,0.0,12.37,12.0,24.91,0.0,2,0.13,4.3,0.0,0.1413,0.1699,0,0.0,,5000.0,21.7645,72.1519
PAN-2,2023-10-28,other,18.07,83.23,10.32,0.0,11.7,12.0,24.94,0.0,3,4.96,5.4,4.74,0.1154,0.1816,0,0.0,,5000.0,21.7645,72.1519
PAN-2,2023-10-29,other,24.39,58.24,4.97,0.0,10.57,12.0,25.02,0.0,4,0.0,11.6,0.0,0.0909,0.1008,0,0.0,,5000.0,21.7645,72.1519
PAN-2,2023-10-30,other,21.38,78.82,10.5,0.0,11.59,11.96,25.2,0.0,5,0.0,7.0,0.0,0.1669,0.1033,0,0.0,,5000.0,21.7645,72.1519
PAN-2,2023-10-31,other,21.52,69.66,0.92,0.0,11.13,11.98,25.42,0.0,6,0.64,9.1,0.0,0.1073,0.1223,0,0.0,,5000.0,21.7645,72.1519
PAN-2,2023-11-01,other,23.22,83.59,4.53,0.0,11.11,11.98,25.69,0.0,7,0.0,3.5,0.0,0.178,0.1842,0,0.0,,5000.0,21.7645,72.1519
PAN-2,2023-11-02,other,23.37,82.75,8.96,0.0,8.25,11.96,26.0,0.06,8,0.74,9.9,0.0,0.2767,0.1819,0,0.0,,5000.0,21.7645,72.1519
PAN-2,2023-11-03,other,21.32,81.53,7.81,0.0,13.0,11.94,26.23,0.22,9,0.0,14.3,0.0,0.2439,0.1506,0,0.0,,5000.0,21.7645,72.1519
PAN-2,2023-11-04,other,24.15,79.08,10.16,0.0,11.49,11.87,26.43,0.47,10,0.0,12.0,0.0,0.3357,0.2118,0,0.0,,5000.0,21.7645,72.1519
PAN-2,2023-11-05,other,22.14,88.27,12.88,0.0,10.84,11.83,26.74,0.62,11,0.0,9.9,0.0,0.4104,0.1504,0,0.0,,5000.0,21.7645,72.1519
PAN-2,2023-11-06,other,22.2,68.35,4.63,0.0,11.12,11.77,26.99,0.87,12,0.01,3.9,0.0,0.3572,0.0949,0,0.0,,5000.0,21.7645,72.1519
PAN-2,2023-11-07,other,25.82,61.77,8.57,0.0,12.35,11.61,27.03,1.45,13,0.58,14.2,0.0,0.4603,0.2305,0,0.0,,5000.0,21.7645,72.1519
PAN-2,2023-11-08,other,20.41,62.53,13.16,0.0,11.24,11.47,27.1,1.98,14,0.0,22.3,0.0,0.4796,0.0526,0,0.0,,5000.0,21.7645,72.1519
PAN-2,2023-11-09,other,23.89,79.47,11.65,0.0,11.77,11.38,27.32,2.32,15,8.84,19.0,10.1,0.4975,0.3445,0,0.0,,5000.0,21.7645,72.1519
PAN-2,2023-11-10,other,23.68,66.14,9.05,0.0,11.98,11.25,27.46,2.82,16,0.07,6.3,0.0,0.4827,0.1013,0,0.0,,5000.0,21.7645,72.1519
PAN-2,2023-11-11,other,19.31,67.96,8.05,0.0,11.13,11.16,27.73,3.16,17,0.34,6.2,0.0,0.5638,0.2666,0,0.0,,5000.0,21.7645,72.1519
PAN-2,2023-11-12,other,22.29,64.28,2.44,0.0,11.15,11.08,27.84,3.45,18,3.06,0.0,3.31,0.6665,0.1824,0,0.0,,5000.0,21.7645,72.1519
PAN-2,2023-11-13,other,25.82,69.34,13.22,0.0,12.11,10.88,27.58,4.19,19,1.02,18.6,0.7,0.6218,0.2216,0,0.0,,5000.0,21.7645,72.1519
PAN-2,2023-11-14,other,24.33,62.04,9.71,0.0,10.19,10.72,27.61,4.8,20,0.0,0.4,0.0,0.5886,0.2107,0,0.0,,5000.0,21.7645,72.1519
PAN-2,2023-11-15,other,21.46,60.77,7.99,0.0,10.41,10.59,27.7,5.28,21,0.0,10.2,0.0,0.633,0.3215,0,0.0,,5000.0,21.7645,72.1519
PAN-2,2023-11-16,other,23.74,69.86,7.13,0.0,8.97,10.49,27.76,5.66,22,0.13,10.6,0.0,0.6381,0.2337,0,0.0,,5000.0,21.7645,72.1519
PAN-2,2023-11-17,other,23.28,70.31,9.93,0.0,10.79,10.36,27.71,6.14,23,24.14,31.2,23.21,0.6527,0.3915,0,0.0,,5000.0,21.7645,72.1519
PAN-2,2023-11-18,other,20.66,70.9,8.72,0.0,13.0,10.0,16.832,0.4,24,7.77,12.9,7.39,0.7955,0.3178,1,39180.0,harvest,5000.0,21.7645,72.1519
PAN-2,2023-11-19,other,20.95,75.6,8.76,0.0,13.0,11.89,14.76,0.0,25,0.0,9.3,0.0,0.0,0.1072,0,0.0,,5000.0,21.7645,72.1519
PAN-2,2023-11-20,other,23.08,87.27,8.59,0.0,10.84,12.0,14.69,0.0,26,15.98,23.5,19.85,0.0,0.1994,0,0.0,,5000.0,21.7645,72.1519
PAN-2,2023-11-21,other,24.02,72.74,5.07,0.0,9.38,12.0,14.74,0.0,27,0.38,3.1,0.0,0.0,0.0091,0,0.0,,5000.0,21.7645,72.1519
PAN-2,2023-11-22,other,22.12,67.33,9.91,0.0,12.51,12.0,14.82,0.0,28,0.0,0.2,0.0,0.0491,0.0,0,0.0,,5000.0,21.7645,72.1519
PAN-2,2023-11-23,other,22.28,68.77,0.84,0.0,10.43,12.0,14.85,0.0,29,8.25,17.9,8.12,0.0,0.1398,0,0.0,,5000.0,21.7645,72.1519
PAN-2,2023-11-24,other,23.05,61.28,9.59,0.0,10.57,12.0,14.94,0.0,30,0.12,0.0,0.0,0.0096,0.072,0,0.0,,5000.0,21.7645,72.1519
PAN-2,2023-11-25,other,20.71,64.23,6.37,0.0,11.99,12.0,15.0,0.0,31,18.58,17.5,18.38,0.0,0.189,0,0.0,,5000.0,21.7645,72.1519
PAN-2,2023-11-26,other,24.92,68.57,14.56,0.0,10.71,12.0,15.11,0.0,32,1.85,10.5,1.95,0.0,0.0836,0,0.0,,5000.0,21.7645,72.1519
PAN-2,2023-11-27,other,25.63,76.74,15.84,0.0,11.67,12.0,15.2,0.0,33,11.09,31.7,13.69,0.0294,0.1727,0,0.0,,5000.0,21.7645,72.1519
PAN-2,2023-11-28,other,21.88,68.76,6.08,0.0,11.61,12.0,15.26,0.0,34,22.07,30.2,24.05,0.0,0.2433,0,0.0,,5000.0,21.7645,72.1519
PAN-2,2023-11-29,other,21.35,71.75,7.66,0.0,11.14,12.0,15.31,0.0,35,0.0,1.3,0.0,0.0,0.0,0,0.0,,5000.0,21.7645,72.1519
PAN-2,2023-11-30,other,20.96,73.22,10.9,0.0,11.33,12.0,15.37,0.0,36,0.0,6.8,0.2,0.0,0.0,0,0.0,,5000.0,21.7645,72.1519
PAN-2,2023-12-01,other,20.36,64.85,9.82,0.0,10.79,12.0,15.44,0.0,37,0.18,6.5,0.0,0.0405,0.0,0,0.0,,5000.0,21.7645,72.1519
PAN-2,2023-12-02,other,20.72,74.26,6.38,0.0,10.44,12.0,15.48,0.0,38,1.97,7.9,1.4,0.0183,0.1414,0,0.0,,5000.0,21.7645,72.1519
PAN-2,2023-12-03,other,24.28,65.67,16.23,0.0,12.47,12.0,15.61,0.0,39,0.0,12.9,0.0,0.0236,0.0754,0,0.0,,5000.0,21.7645,72.1519
PAN-2,2023-12-04,other,21.26,59.31,10.6,0.0,9.55,12.0,15.7,0.0,40,0.67,1.2,0.0,0.0032,0.0041,0,0.0,,5000.0,21.7645,72.1519
PAN-2,2023-12-05,other,24.3,70.5,11.39,0.0,12.01,12.0,15.79,0.0,41,0.0,9.9,0.0,0.0299,0.0,0,0.0,,5000.0,21.7645,72.1519
PAN-2,2023-12-06,other,20.73,77.57,4.95,0.0,9.94,12.0,15.82,0.0,42,1.96,8.7,1.65,0.0,0.0305,0,0.0,,5000.0,21.7645,72.1519
PAN-2,2023-12-07,other,23.56,65.87,12.41,0.0,12.24,12.0,15.92,0.0,43,0.61,0.0,0.0,0.0243,0.0649,0,0.0,,5000.0,21.7645,72.1519
PAN-2,2023-12-08,other,22.05,62.35,5.05,0.0,11.87,12.0,15.98,0.0,44,0.0,20.2,0.0,0.0926,0.0502,0,0.0,,5000.0,21.7645,72.1519
PAN-2,2023-12-09,other,23.16,68.1,14.4,0.0,10.14,12.0,16.08,0.0,45,0.0,19.1,0.0,0.0,0.0804,0,0.0,,5000.0,21.7645,72.1519
PAN-2,2023-12-10,other,23.04,75.01,4.8,0.0,11.03,12.0,16.12,0.0,46,9.88,14.6,9.09,0.0,0.1309,0,0.0,,5000.0,21.7645,72.1519
PAN-2,2023-12-11,other,24.71,61.07,7.13,0.0,8.83,12.0,16.2,0.0,47,0.4,10.4,0.0,0.0146,0.0355,0,0.0,,5000.0,21.7645,72.1519
PAN-2,2023-12-12,other,21.59,56.65,9.15,0.0,11.33,12.0,16.29,0.0,48,0.55,3.6,0.0,0.0,0.1032,0,0.0,,5000.0,21.7645,72.1519
PAN-2,2023-12-13,other,21.57,73.1,6.71,0.0,11.13,12.0,16.34,0.0,49,0.66,4.9,0.0,0.0,0.0154,0,0.0,,5000.0,21.7645,72.1519
PAN-2,2023-12-14,other,24.34,60.04,13.87,0.0,12.7,12.0,16.48,0.0,50,19.51,14.4,16.61,0.0,0.1743,0,0.0,,5000.0,21.7645,72.1519
PAN-2,2023-12-15,other,22.83,60.4,14.2,0.0,9.92,12.0,16.6,0.0,51,0.03,2.8,0.0,0.0053,0.0,0,0.0,,5000.0,21.7645,72.1519
PAN-2,2023-12-16,other,26.4,70.16,6.99,0.0,11.59,12.0,16.67,0.0,52,0.0,13.1,0.0,0.0026,0.0,0,0.0,,5000.0,21.7645,72.1519
PAN-2,2023-12-17,other,23.18,47.99,6.32,0.0,11.53,12.0,16.77,0.0,53,0.71,9.2,0.44,0.0163,0.0,0,0.0,,5000.0,21.7645,72.1519
PAN-2,2023-12-18,other,21.07,72.49,7.61,6.9,9.34,12.52,16.07,0.0,0,0.43,13.2,0.0,0.0011,0.0,0,0.0,,5000.0,21.7645,72.1519
PAN-2,2023-12-19,other,23.95,55.96,10.26,0.0,10.04,12.13,16.58,0.0,1,0.09,9.8,0.0,0.0,0.0393,0,0.0,,5000.0,21.7645,72.1519
PAN-2,2023-12-20,other,25.17,74.7,14.64,0.0,10.44,12.0,16.81,0.0,2,0.0,3.1,0.0,0.0,0.1282,0,0.0,,5000.0,21.7645,72.1519
PAN-2,2023-12-21,other,24.32,61.8,10.32,0.0,11.24,12.0,16.91,0.0,3,0.19,15.4,0.0,0.0,0.1053,0,0.0,,5000.0,21.7645,72.1519
PAN-2,2023-12-22,other,27.09,56.07,11.13,0.0,10.59,12.0,17.06,0.0,4,0.0,19.3,0.0,0.0,0.0,0,0.0,,5000.0,21.7645,72.1519
PAN-2,2023-12-23,other,27.05,61.12,10.71,0.0,8.71,12.0,17.18,0.0,5,0.38,0.0,0.0,0.0,0.1299,0,0.0,,5000.0,21.7645,72.1519
PAN-2,2023-12-24,other,24.52,57.31,2.23,0.0,11.95,12.0,17.24,0.0,6,0.0,14.1,0.0,0.0,0.0674,0,0.0,,5000.0,21.7645,72.1519
PAN-2,2023-12-25,other,22.95,66.42,6.48,0.0,12.31,12.0,17.31,0.0,7,13.97,23.8,13.33,0.0,0.1205,0,0.0,,5000.0,21.7645,72.1519
PAN-2,2023-12-26,other,24.09,59.43,11.3,0.0,10.34,12.0,17.42,0.0,8,8.98,14.7,7.59,0.0,0.0611,0,0.0,,5000.0,21.7645,72.1519
PAN-2,2023-12-27,other,26.45,72.15,7.33,0.0,10.09,12.0,17.49,0.0,9,7.79,11.7,7.29,0.0,0.1248,0,0.0,,5000.0,21.7645,72.1519
PAN-2,2023-12-28,other,20.49,66.67,11.21,0.0,11.62,12.0,17.57,0.0,10,5.03,20.1,5.77,0.0,0.0949,0,0.0,,5000.0,21.7645,72.1519
PAN-2,2023-12-29,other,24.85,54.49,4.14,0.0,12.59,12.0,17.65,0.0,11,25.02,22.7,26.54,0.0129,0.1753,0,0.0,,5000.0,21.7645,72.1519
PAN-2,2023-12-30,other,26.98,54.06,4.3,0.0,9.28,12.0,17.74,0.0,12,30.81,37.5,33.06,0.0,0.2591,0,0.0,,5000.0,21.7645,72.1519
PAN-2,2023-12-31,other,25.23,58.65,14.29,0.0,11.18,12.0,17.89,0.0,13,6.36,19.1,5.68,0.0003,0.1083,0,0.0,,5000.0,21.7645,72.1519
PAN-2,2024-01-01,other,27.78,73.61,29.0,0.0,10.27,12.0,18.08,0.0,14,68.13,67.3,61.42,0.0268,0.4963,0,0.0,,5000.0,21.7645,72.1519
PAN-2,2024-01-02,other,24.94,72.36,26.5,4.6,12.01,12.0,18.11,0.0,0,0.04,22.8,0.0,0.0274,0.0,0,0.0,,5000.0,21.7645,72.1519
PAN-2,2024-01-03,other,24.23,72.87,26.65,15.55,11.4,13.04,16.66,0.0,0,17.78,30.6,15.47,0.0,0.0949,0,0.0,,5000.0,21.7645,72.1519
PAN-2,2024-01-04,other,24.67,76.7,26.82,20.56,9.34,14.67,14.81,0.0,0,54.3,62.9,60.33,0.0,0.4358,0,0.0,,5000.0,21.7645,72.1519
PAN-2,2024-01-05,other,25.54,79.86,38.32,0.0,9.49,14.15,15.36,0.0,1,33.26,37.4,42.1,0.0682,0.3298,0,0.0,,5000.0,21.7645,72.1519
PAN-2,2024-01-06,other,22.0,79.11,28.6,9.21,10.43,14.72,14.77,0.0,0,88.52,72.3,79.09,0.003,0.6202,0,0.0,,5000.0,21.7645,72.1519
PAN-2,2024-01-07,other,26.84,78.19,33.19,0.0,8.44,14.2,15.31,0.0,1,20.15,35.0,23.57,0.0248,0.2298,0,0.0,,5000.0,21.7645,72.1519
PAN-2,2024-01-08,other,23.51,71.62,34.06,0.0,8.6,13.63,15.95,0.0,2,23.18,27.8,27.14,0.0194,0.2244,0,0.0,,5000.0,21.7645,72.1519
PAN-2,2024-01-09,other,27.23,69.17,35.23,16.57,7.97,14.51,14.98,0.0,0,32.66,32.7,30.86,0.022,0.2171,0,0.0,,5000.0,21.7645,72.1519
PAN-2,2024-01-10,other,26.91,67.9,34.8,0.0,9.01,13.69,15.88,0.0,1,43.59,44.8,45.32,0.0341,0.3364,0,0.0,,5000.0,21.7645,72.1519
PAN-2,2024-01-11,other,27.42,83.0,25.1,0.0,9.27,13.35,16.29,0.0,2,26.3,20.2,25.57,0.0,0.2384,0,0.0,,5000.0,21.7645,72.1519
PAN-2,2024-01-12,other,26.34,76.93,26.31,0.0,8.37,12.91,16.84,0.0,3,27.98,23.0,27.47,0.0,0.2366,0,0.0,,5000.0,21.7645,72.1519
PAN-2,2024-01-13,other,28.51,77.75,42.34,0.0,9.17,12.17,17.87,0.0,4,8.01,21.8,12.45,0.0622,0.05,0,0.0,,5000.0,21.7645,72.1519
PAN-2,2024-01-14,other,26.04,72.57,39.31,4.83,8.21,12.0,18.14,0.0,0,23.94,23.1,25.22,0.0,0.2768,0,0.0,,5000.0,21.7645,72.1519
PAN-2,2024-01-15,other,26.71,62.16,38.7,0.0,10.67,12.0,18.46,0.0,1,14.49,14.8,14.65,0.0635,0.1837,0,0.0,,5000.0,21.7645,72.1519
PAN-2,2024-01-16,other,26.46,66.39,35.29,22.91,8.7,13.46,16.46,0.0,0,38.46,44.9,36.82,0.0228,0.2909,0,0.0,,5000.0,21.7645,72.1519
PAN-2,2024-01-17,other,26.69,80.88,31.27,0.0,7.5,13.05,16.98,0.0,1,78.14,81.3,73.23,0.0591,0.5223,0,0.0,,5000.0,21.7645,72.1519
PAN-2,2024-01-18,other,25.78,83.66,39.09,1.28,7.64,12.77,17.35,0.0,0,60.68,66.9,69.91,0.0,0.4714,0,0.0,,5000.0,21.7645,72.1519
PAN-2,2024-01-19,other,28.44,70.4,31.63,0.0,11.41,12.0,18.48,0.0,1,19.47,28.3,21.99,0.0432,0.1747,0,0.0,,5000.0,21.7645,72.1519
PAN-2,2024-01-20,other,29.32,72.99,35.63,10.73,10.18,12.23,18.13,0.0,0,54.21,63.2,59.36,0.0,0.5047,0,0.0,,5000.0,21.7645,72.1519
PAN-2,2024-01-21,other,26.14,82.4,24.85,0.0,10.0,12.0,18.51,0.0,1,36.59,41.7,36.73,0.0251,0.4174,0,0.0,,5000.0,21.7645,72.1519
PAN-2,2024-01-22,other,25.42,82.27,44.17,0.0,9.16,12.0,18.66,0.0,2,62.4,57.6,56.08,0.0173,0.4312,0,0.0,,5000.0,21.7645,72.1519
PAN-2,2024-01-23,other,28.12,69.25,32.97,0.0,10.45,12.0,18.91,0.0,3,37.26,30.4,32.07,0.0029,0.28,0,0.0,,5000.0,21.7645,72.1519
PAN-2,2024-01-24,other,28.56,86.97,34.45,0.0,9.24,12.0,19.02,0.0,4,102.22,98.0,105.88,0.0299,0.6333,0,0.0,,5000.0,21.7645,72.1519
PAN-2,2024-01-25,other,33.73,75.37,40.52,14.62,10.08,12.36,18.46,0.0,0,112.38,86.6,96.92,0.0002,0.5681,0,0.0,,5000.0,21.7645,72.1519
PAN-2,2024-01-26,other,29.99,74.67,35.79,0.65,10.25,12.0,19.15,0.0,1,51.37,67.6,58.14,0.024,0.444,0,0.0,,5000.0,21.7645,72.1519
PAN-2,2024-01-27,other,28.31,64.55,35.69,0.0,10.48,12.0,19.46,0.0,2,55.83,43.3,50.21,0.0146,0.4041,0,0.0,,5000.0,21.7645,72.1519
PAN-2,2024-01-28,other,29.89,79.08,34.36,2.26,7.76,12.0,19.57,0.0,0,35.73,40.0,34.67,0.0426,0.2542,0,0.0,,5000.0,21.7645,72.1519
PAN-2,2024-01-29,other,26.74,73.82,34.85,13.76,7.44,12.75,18.41,0.0,0,64.9,71.1,72.62,0.0273,0.5749,0,0.0,,5000.0,21.7645,72.1519
PAN-2,2024-01-30,other,27.16,78.0,36.52,0.0,7.72,12.19,19.26,0.0,1,37.64,38.9,32.31,0.0,0.2792,0,0.0,,5000.0,21.7645,72.1519
PAN-2,2024-01-31,other,27.15,68.97,28.16,5.29,8.58,12.06,19.47,0.0,0,13.16,22.3,12.09,0.0,0.1187,0,0.0,,5000.0,21.7645,72.1519
PAN-2,2024-02-01,summer,28.46,71.75,33.06,0.0,8.3,12.0,19.76,0.0,1,19.18,27.4,21.15,0.0,0.0987,0,0.0,,5000.0,21.7645,72.1519
PAN-2,2024-02-02,summer,28.11,71.78,41.58,24.73,7.16,13.63,17.39,0.0,0,82.76,86.9,85.72,0.0,0.5725,0,0.0,,5000.0,21.7645,72.1519
PAN-2,2024-02-03,summer,28.14,58.93,38.37,14.92,9.7,13.87,17.09,0.0,0,32.34,36.4,34.41,0.039,0.2874,0,0.0,,5000.0,21.7645,72.1519
PAN-2,2024-02-04,summer,28.43,71.11,39.49,0.0,9.21,12.97,18.28,0.0,1,37.37,53.9,41.33,0.0377,0.2839,0,0.0,,5000.0,21.7645,72.1519
PAN-2,2024-02-05,summer,29.56,75.41,30.76,12.95,7.42,13.65,17.38,0.0,0,51.71,44.3,48.7,0.0,0.3089,0,0.0,,5000.0,21.7645,72.1519
PAN-2,2024-02-06,summer,28.61,73.9,33.48,0.0,6.42,13.01,18.24,0.0,1,34.99,45.6,38.15,0.0084,0.228,0,0.0,,5000.0,21.7645,72.1519
PAN-2,2024-02-07,summer,29.71,74.09,34.93,27.8,5.56,15.11,15.7,0.0,0,33.33,34.2,28.47,0.0,0.2346,0,0.0,,5000.0,21.7645,72.1519
PAN-2,2024-02-08,summer,28.18,56.4,29.41,0.0,8.63,14.09,16.84,0.0,1,74.24,56.8,66.65,0.0,0.5673,0,0.0,,5000.0,21.7645,72.1519
PAN-2,2024-02-09,summer,28.04,63.93,35.45,0.0,11.06,13.02,18.23,0.0,2,32.68,38.6,31.0,0.0,0.2651,0,0.0,,5000.0,21.7645,72.1519
PAN-2,2024-02-10,summer,30.27,65.01,32.63,0.0,8.37,12.02,19.75,0.0,3,45.6,53.9,49.46,0.0,0.4448,0,0.0,,5000.0,21.7645,72.1519
PAN-2,2024-02-11,summer,31.95,81.64,35.94,0.0,7.62,12.0,19.96,0.0,4,59.18,60.4,66.73,0.0999,0.5132,0,0.0,,5000.0,21.7645,72.1519
PAN-2,2024-02-12,summer,29.01,62.73,33.1,0.0,9.8,12.0,20.27,0.0,5,32.6,39.6,34.64,0.0,0.1631,0,0.0,,5000.0,21.7645,72.1519
PAN-2,2024-02-13,summer,30.08,66.72,38.36,6.23,8.49,12.0,20.41,0.0,0,30.39,39.2,32.78,0.0,0.2816,0,0.0,,5000.0,21.7645,72.1519
PAN-2,2024-02-14,summer,25.32,64.39,31.71,0.0,9.49,12.0,20.64,0.0,1,37.14,36.5,36.35,0.0,0.2772,0,0.0,,5000.0,21.7645,72.1519
PAN-2,2024-02-15,summer,29.4,58.53,27.06,0.0,8.5,12.0,20.92,0.0,2,68.41,63.0,63.64,0.0192,0.4965,0,0.0,,5000.0,21.7645,72.1519
PAN-2,2024-02-16,summer,30.55,65.91,25.87,0.0,8.67,12.0,21.16,0.0,3,24.77,13.6,22.33,0.0,0.3201,0,0.0,,5000.0,21.7645,72.1519
PAN-2,2024-02-17,summer,33.56,62.57,42.21,0.0,9.07,12.0,21.64,0.0,4,8.46,22.4,9.95,0.0,0.0399,0,0.0,,5000.0,21.7645,72.1519
PAN-2,2024-02-18,summer,27.97,62.51,33.85,7.37,8.35,12.0,21.71,0.0,0,74.65,70.9,64.62,0.0235,0.4609,0,0.0,,5000.0,21.7645,72.1519
PAN-2,2024-02-19,summer,27.83,71.77,28.72,0.05,12.05,12.0,21.92,0.0,1,23.41,25.0,24.04,0.0,0.2232,0,0.0,,5000.0,21.7645,72.1519
PAN-2,2024-02-20,summer,28.72,54.4,34.21,0.0,9.11,12.0,22.29,0.0,2,9.91,24.0,11.53,0.0,0.2434,0,0.0,,5000.0,21.7645,72.1519
PAN-2,2024-02-21,summer,30.45,70.08,30.31,0.0,11.25,12.0,22.55,0.0,3,46.38,51.5,53.93,0.0489,0.4502,0,0.0,,5000.0,21.7645,72.1519
PAN-2,2024-02-22,summer,29.09,53.02,30.36,1.91,8.58,12.0,22.84,0.0,0,23.47,18.6,18.51,0.0099,0.1512,0,0.0,,5000.0,21.7645,72.1519
PAN-2,2024-02-23,summer,30.59,74.68,29.54,16.43,9.7,12.93,21.2,0.0,0,25.59,25.8,25.68,0.0,0.2992,0,0.0,,5000.0,21.7645,72.1519
PAN-2,2024-02-24,summer,27.57,62.67,20.54,0.0,8.55,12.3,22.29,0.0,1,28.12,20.6,23.85,0.0098,0.2476,0,0.0,,5000.0,21.7645,72.1519
PAN-2,2024-02-25,summer,33.44,62.45,33.93,0.0,10.66,12.0,23.18,0.0,2,34.99,33.1,34.46,0.0,0.2858,0,0.0,,5000.0,21.7645,72.1519
PAN-2,2024-02-26,summer,29.55,46.84,23.45,0.0,9.32,12.0,23.52,0.0,3,13.75,28.7,12.78,0.0,0.1917,0,0.0,,5000.0,21.7645,72.1519
PAN-2,2024-02-27,summer,30.38,61.71,22.96,0.0,9.15,12.0,23.77,0.0,4,46.28,60.4,50.64,0.0202,0.3812,0,0.0,,5000.0,21.7645,72.1519
PAN-2,2024-02-28,summer,32.61,70.19,21.29,18.1,9.7,13.09,21.79,0.0,0,15.65,22.4,14.84,0.0234,0.2116,0,0.0,,5000.0,21.7645,72.1519
PAN-2,2024-02-29,summer,28.9,62.85,17.39,0.0,11.51,12.43,22.95,0.0,1,16.83,27.8,17.62,0.0047,0.2876,0,0.0,,5000.0,21.7645,72.1519
PAN-2,2024-03-01,summer,33.47,69.15,20.22,6.56,9.97,12.33,23.14,0.0,0,38.23,35.3,38.05,0.0,0.2846,0,0.0,,5000.0,21.7645,72.1519
PAN-2,2024-03-02,summer,30.57,64.17,24.08,0.0,10.66,12.0,23.94,0.0,1,39.33,62.9,60.06,0.0,0.471,0,0.0,,5000.0,21.7645,72.1519
PAN-2,2024-03-03,summer,32.1,55.0,25.44,2.22,10.79,12.0,24.25,0.0,0,0.0,12.4,0.0,0.0,0.1798,0,0.0,,5000.0,21.7645,72.1519
PAN-2,2024-03-04,summer,28.68,44.85,24.01,0.0,11.5,12.0,24.61,0.0,1,9.33,11.0,10.32,0.0504,0.1673,0,0.0,,5000.0,21.7645,72.1519
PAN-2,2024-03-05,summer,30.56,60.52,12.09,0.0,8.21,12.0,24.77,0.0,2,1.41,5.8,1.58,0.096,0.0997,0,0.0,,5000.0,21.7645,72.1519
PAN-2,2024-03-06,summer,32.2,50.84,22.32,1.74,9.9,12.0,25.07,0.0,0,0.22,10.2,0.0,0.1225,0.07,0,0.0,,5000.0,21.7645,72.1519
PAN-2,2024-03-07,summer,28.83,54.06,26.64,0.0,10.18,11.76,23.91,0.0,1,43.32,40.7,36.56,0.0,0.3265,0,0.0,,5000.0,21.7645,72.1519
PAN-2,2024-03-08,summer,30.92,48.14,16.94,0.0,9.12,12.0,23.78,0.0,2,12.39,16.3,12.42,0.0,0.2437,0,0.0,,5000.0,21.7645,72.1519
PAN-2,2024-03-09,summer,32.08,34.74,20.52,0.0,10.99,12.0,24.23,0.0,3,24.03,33.1,21.53,0.0001,0.2528,0,0.0,,5000.0,21.7645,72.1519
PAN-2,2024-03-10,summer,33.91,32.39,12.16,0.0,12.21,12.0,24.6,0.0,4,34.69,31.0,31.03,0.07,0.2958,0,0.0,,5000.0,21.7645,72.1519
PAN-2,2024-03-11,summer,33.9,30.29,19.37,0.0,12.97,12.0,24.15,0.0,5,18.14,21.5,13.58,0.0412,0.2449,0,0.0,,5000.0,21.7645,72.1519
PAN-2,2024-03-12,summer,33.13,51.94,12.58,0.0,10.54,12.0,24.39,0.0,6,0.0,5.9,0.0,0.0229,0.0596,0,0.0,,5000.0,21.7645,72.1519
PAN-2,2024-03-13,summer,31.85,48.08,19.23,0.0,11.27,12.0,24.73,0.0,7,5.59,12.4,5.04,0.0677,0.1465,0,0.0,,5000.0,21.7645,72.1519
PAN-2,2024-03-14,summer,33.83,39.24,9.33,0.0,12.99,12.0,25.02,0.0,8,0.0,5.6,0.0,0.1135,0.1385,0,0.0,,5000.0,21.7645,72.1519
PAN-2,2024-03-15,summer,31.04,32.69,15.06,0.0,8.94,11.76,23.81,0.0,9,0.87,20.0,1.52,0.0331,0.1196,0,0.0,,5000.0,21.7645,72.1519
PAN-2,2024-03-16,summer,32.54,48.44,5.4,0.0,9.28,12.0,23.55,0.0,10,0.06,23.3,0.0,0.0,0.0891,0,0.0,,5000.0,21.7645,72.1519
PAN-2,2024-03-17,summer,33.14,41.02,11.29,0.0,11.15,12.0,23.84,0.0,11,30.94,30.5,31.34,0.0,0.3645,0,0.0,,5000.0,21.7645,72.1519
PAN-2,2024-03-18,summer,35.29,43.42,7.48,0.0,9.7,12.0,24.07,0.0,12,23.51,22.7,21.91,0.0,0.2642,0,0.0,,5000.0,21.7645,72.1519
PAN-2,2024-03-19,summer,34.39,29.97,17.97,0.0,11.3,12.0,24.45,0.0,13,7.92,19.7,8.23,0.054,0.1217,0,0.0,,5000.0,21.7645,72.1519
PAN-2,2024-03-20,summer,33.2,42.14,10.57,0.0,10.76,12.0,24.72,0.0,14,0.53,9.3,0.0,0.1676,0.2104,0,0.0,,5000.0,21.7645,72.1519
PAN-2,2024-03-21,summer,30.99,43.62,8.18,0.0,12.41,12.0,24.93,0.0,15,0.0,10.9,0.25,0.094,0.022,0,0.0,,5000.0,21.7645,72.1519
PAN-2,2024-03-22,summer,34.55,37.01,9.34,0.0,9.83,12.0,25.21,0.0,16,0.67,10.7,0.0,0.108,0.0986,0,0.0,,5000.0,21.7645,72.1519
PAN-2,2024-03-23,summer,35.55,26.41,8.5,3.85,11.76,11.72,23.81,0.0,0,0.16,21.9,0.0,0.0,0.1572,0,0.0,,5000.0,21.7645,72.1519
PAN-2,2024-03-24,summer,33.31,38.33,3.16,0.0,10.73,12.0,23.49,0.0,1,0.0,18.0,0.0,0.0,0.0767,0,0.0,,5000.0,21.7645,72.1519
PAN-2,2024-03-25,summer,32.37,34.83,12.92,0.0,10.32,12.0,23.81,0.0,2,0.88,19.0,0.0,0.0351,0.0747,0,0.0,,5000.0,21.7645,72.1519
PAN-2,2024-03-26,summer,33.77,42.62,0.0,0.0,11.67,12.0,23.91,0.0,3,0.72,0.0,0.0,0.0,0.0,0,0.0,,5000.0,21.7645,72.1519
PAN-2,2024-03-27,summer,33.7,38.62,6.73,0.0,11.87,12.0,24.14,0.0,4,0.0,1.6,0.0,0.0306,0.1323,0,0.0,,5000.0,21.7645,72.1519
PAN-2,2024-03-28,summer,31.17,45.79,15.7,0.0,10.1,12.0,24.42,0.0,5,23.43,34.4,21.29,0.013,0.2745,0,0.0,,5000.0,21.7645,72.1519
PAN-2,2024-03-29,summer,35.89,40.55,7.43,0.0,9.99,12.0,24.67,0.0,6,2.77,11.8,3.77,0.1056,0.2096,0,0.0,,5000.0,21.7645,72.1519
PAN-2,2024-03-30,summer,30.5,48.2,7.02,0.0,12.96,12.0,24.84,0.0,7,9.96,12.3,10.24,0.1286,0.0998,0,0.0,,5000.0,21.7645,72.1519
PAN-2,2024-03-31,summer,34.9,36.92,11.43,0.0,11.97,12.0,25.19,0.0,8,5.08,12.4,5.33,0.15,0.1981,0,0.0,,5000.0,21.7645,72.1519
PAN-2,2024-04-01,summer,35.0,32.54,9.82,0.0,12.93,11.72,23.88,0.0,9,13.69,23.2,16.99,0.0,0.2367,0,0.0,,5000.0,21.7645,72.1519
PAN-2,2024-04-02,summer,32.24,32.61,10.73,0.0,8.98,12.0,23.68,0.0,10,0.0,3.5,0.0,0.0,0.1236,0,0.0,,5000.0,21.7645,72.1519
PAN-2,2024-04-03,summer,29.95,44.1,6.47,0.0,10.21,12.0,23.84,0.0,11,0.54,0.4,0.0,0.0,0.0967,0,0.0,,5000.0,21.7645,72.1519
PAN-2,2024-04-04,summer,30.02,23.71,14.63,0.0,10.36,12.0,24.2,0.0,12,0.0,10.3,0.0,0.0239,0.0169,0,0.0,,5000.0,21.7645,72.1519
PAN-2,2024-04-05,summer,33.04,27.32,4.42,0.0,13.0,12.0,24.42,0.0,13,0.17,14.9,0.0,0.07,0.1641,0,0.0,,5000.0,21.7645,72.1519
PAN-2,2024-04-06,summer,34.72,36.62,12.34,0.0,10.84,12.0,24.77,0.0,14,0.83,11.2,0.0,0.1019,0.2205,0,0.0,,5000.0,21.7645,72.1519
PAN-2,2024-04-07,summer,34.08,49.46,11.15,0.0,11.64,12.0,25.03,0.0,15,11.68,25.5,11.7,0.0364,0.2619,0,0.0,,5000.0,21.7645,72.1519
PAN-2,2024-04-08,summer,31.36,34.6,6.65,7.34,11.01,12.02,23.91,0.0,0,0.63,10.7,0.0,0.0548,0.0836,0,0.0,,5000.0,21.7645,72.1519
PAN-2,2024-04-09,summer,30.88,38.85,8.07,0.0,11.33,12.0,24.16,0.0,1,0.0,5.8,0.0,0.0719,0.1769,0,0.0,,5000.0,21.7645,72.1519
PAN-2,2024-04-10,summer,33.6,34.99,8.23,0.0,9.11,12.0,24.41,0.0,2,0.0,5.1,0.0,0.0999,0.0288,0,0.0,,5000.0,21.7645,72.1519
PAN-2,2024-04-11,summer,34.82,37.62,11.09,0.0,11.68,12.0,24.74,0.0,3,0.1,0.0,0.0,0.0978,0.093,0,0.0,,5000.0,21.7645,72.1519
PAN-2,2024-04-12,summer,33.49,35.73,7.12,0.0,9.51,12.0,24.97,0.0,4,0.11,2.5,0.0,0.1451,0.1303,0,0.0,,5000.0,21.7645,72.1519
PAN-2,2024-04-13,summer,34.56,28.37,5.91,0.65,12.52,12.0,25.24,0.0,5,0.0,1.1,0.0,0.0957,0.0732,0,0.0,,5000.0,21.7645,72.1519
PAN-2,2024-04-14,summer,34.63,21.92,14.21,0.0,9.98,11.62,23.38,0.0,6,0.0,13.2,0.0,0.062,0.065,0,0.0,,5000.0,21.7645,72.1519
PAN-2,2024-04-15,summer,34.3,38.05,7.42,0.0,11.11,12.0,23.0,0.0,7,0.49,7.5,0.0,0.0423,0.1022,0,0.0,,5000.0,21.7645,72.1519
PAN-2,2024-04-16,summer,33.17,38.33,4.03,0.0,9.08,12.0,23.16,0.0,8,7.57,5.5,7.49,0.0012,0.1282,0,0.0,,5000.0,21.7645,72.1519
PAN-2,2024-04-17,summer,36.78,26.77,2.76,0.0,11.31,12.0,23.38,0.0,9,0.0,4.1,0.0,0.0,0.1071,0,0.0,,5000.0,21.7645,72.1519
PAN-2,2024-04-18,summer,35.51,43.92,0.65,0.0,11.09,12.0,23.5,0.0,10,0.0,6.2,0.0,0.016,0.0371,0,0.0,,5000.0,21.7645,72.1519
PAN-2,2024-04-19,summer,33.92,37.19,3.73,0.0,11.99,12.0,23.68,0.0,11,0.0,13.3,0.0,0.0012,0.0124,0,0.0,,5000.0,21.7645,72.1519
PAN-2,2024-04-20,summer,31.62,40.62,4.15,3.55,12.51,12.0,23.74,0.0,0,11.52,9.1,13.73,0.0,0.1043,0,0.0,,5000.0,21.7645,72.1519
PAN-2,2024-04-21,summer,33.56,33.98,7.22,0.0,11.91,12.0,24.0,0.0,1,0.24,10.2,0.0,0.0138,0.071,0,0.0,,5000.0,21.7645,72.1519
PAN-2,2024-04-22,summer,32.9,30.0,5.76,0.0,12.36,12.0,24.24,0.0,2,0.56,13.8,0.0,0.0,0.1275,0,0.0,,5000.0,21.7645,72.1519
PAN-2,2024-04-23,summer,34.59,36.76,9.18,0.0,13.0,12.0,24.55,0.0,3,0.29,7.3,0.0,0.038,0.0974,0,0.0,,5000.0,21.7645,72.1519
PAN-2,2024-04-24,summer,37.76,36.45,4.12,0.0,11.12,12.0,24.78,0.0,4,0.59,5.1,0.46,0.1043,0.0965,0,0.0,,5000.0,21.7645,72.1519
PAN-2,2024-04-25,summer,31.38,40.93,0.0,0.0,10.62,12.0,24.87,0.0,5,0.0,17.3,0.0,0.1038,0.0742,0,0.0,,5000.0,21.7645,72.1519
PAN-2,2024-04-26,summer,31.85,48.17,0.0,0.0,9.62,12.0,24.95,0.0,6,0.0,2.5,0.0,0.1459,0.028,0,0.0,,5000.0,21.7645,72.1519
PAN-2,2024-04-27,summer,32.02,37.91,4.73,0.0,7.75,12.0,25.1,0.0,7,0.0,12.4,0.0,0.0889,0.1225,0,0.0,,5000.0,21.7645,72.1519
PAN-2,2024-04-28,summer,35.94,31.83,13.16,0.0,9.56,11.69,23.51,0.0,8,1.05,14.8,0.0,0.0,0.0854,0,0.0,,5000.0,21.7645,72.1519
PAN-2,2024-04-29,summer,34.78,33.51,3.4,0.0,11.8,12.0,23.19,0.0,9,0.33,5.7,0.0,0.0383,0.1613,0,0.0,,5000.0,21.7645,72.1519
PAN-2,2024-04-30,summer,34.75,31.47,11.52,0.0,10.61,12.0,23.55,0.0,10,0.0,3.2,0.0,0.0454,0.0183,0,0.0,,5000.0,21.7645,72.1519
PAN-3,2021-01-01,other,22.14,69.04,26.58,0.96,8.69,13.53,3.62,0.0,13,4.83,7.4,4.85,0.0,0.1011,0,0.0,,1200.0,26.9063,75.1839
PAN-3,2021-01-02,other,25.1,77.46,25.05,0.0,10.35,13.12,3.73,0.0,14,23.43,22.9,20.6,0.0,0.2496,0,0.0,,1200.0,26.9063,75.1839
PAN-3,2021-01-03,other,24.43,74.56,25.81,0.0,8.53,12.69,3.86,0.0,15,56.69,46.7,47.69,0.0,0.2625,0,0.0,,1200.0,26.9063,75.1839
PAN-3,2021-01-04,other,26.01,67.26,25.86,13.11,8.7,13.39,3.66,0.0,0,37.06,38.2,36.94,0.0,0.265,0,0.0,,1200.0,26.9063,75.1839
PAN-3,2021-01-05,other,24.47,62.4,25.46,0.0,10.46,12.72,3.85,0.0,1,25.47,33.3,22.98,0.0,0.1636,0,0.0,,1200.0,26.9063,75.1839
PAN-3,2021-01-06,other,24.24,89.37,32.09,3.9,8.55,12.9,3.8,0.0,0,39.19,36.1,34.1,0.0,0.282,0,0.0,,1200.0,26.9063,75.1839
PAN-3,2021-01-07,other,25.02,84.57,24.23,17.63,10.03,14.39,3.5,0.0,0,25.92,31.0,32.02,0.0,0.2117,0,0.0,,1200.0,26.9063,75.1839
PAN-3,2021-01-08,other,27.14,71.62,20.34,1.98,7.72,14.14,3.56,0.0,0,23.87,26.0,24.27,0.0189,0.1041,0,0.0,,1200.0,26.9063,75.1839
PAN-3,2021-01-09,other,23.97,77.25,39.41,0.31,10.02,13.58,3.71,0.0,1,24.49,23.0,22.18,0.0132,0.0889,0,0.0,,1200.0,26.9063,75.1839
PAN-3,2021-01-10,other,23.16,71.61,29.43,10.35,8.05,14.13,3.57,0.0,0,16.21,30.3,25.29,0.0548,0.1749,0,0.0,,1200.0,26.9063,75.1839
PAN-3,2021-01-11,other,25.79,88.06,25.93,0.0,8.92,13.91,3.63,0.0,1,29.92,40.9,31.13,0.0682,0.2372,0,0.0,,1200.0,26.9063,75.1839
PAN-3,2021-01-12,other,25.51,70.36,29.03,14.73,8.13,14.81,3.5,0.0,0,15.54,17.2,16.44,0.0,0.178,0,0.0,,1200.0,26.9063,75.1839
PAN-3,2021-01-13,other,27.32,84.09,35.54,1.91,8.73,14.58,3.55,0.0,0,39.76,35.4,34.68,0.0308,0.3879,0,0.0,,1200.0,26.9063,75.1839
PAN-3,2021-01-14,other,22.46,77.36,28.02,8.76,9.03,15.09,3.5,0.0,0,16.96,22.0,18.44,0.0291,0.1211,0,0.0,,1200.0,26.9063,75.1839
PAN-3,2021-01-15,other,25.14,74.95,34.48,0.0,9.11,14.52,3.64,0.0,1,7.21,13.4,7.08,0.0568,0.0815,0,0.0,,1200.0,26.9063,75.1839
PAN-3,2021-01-16,other,26.65,79.22,33.26,0.0,9.12,14.02,3.77,0.0,2,6.63,17.8,7.15,0.0021,0.1214,0,0.0,,1200.0,26.9063,75.1839
PAN-3,2021-01-17,other,25.52,81.61,46.22,3.15,9.09,13.78,3.84,0.0,0,16.06,29.5,16.65,0.0454,0.2019,0,0.0,,1200.0,26.9063,75.1839
PAN-3,2021-01-18,other,28.1,74.0,33.52,8.92,9.06,13.98,3.78,0.0,0,20.33,23.9,20.69,0.0,0.1828,0,0.0,,1200.0,26.9063,75.1839
PAN-3,2021-01-19,other,27.67,78.71,25.94,6.27,10.38,14.14,3.74,0.0,0,12.72,13.9,15.31,0.0,0.1207,0,0.0,,1200.0,26.9063,75.1839
PAN-3,2021-01-20,other,26.76,82.58,38.89,2.36,6.99,13.93,3.8,0.0,0,26.39,39.6,27.13,0.0,0.1909,0,0.0,,1200.0,26.9063,75.1839
PAN-3,2021-01-21,other,24.6,70.31,38.23,0.0,7.04,13.27,3.99,0.0,1,32.51,38.4,29.88,0.0044,0.2588,0,0.0,,1200.0,26.9063,75.1839
PAN-3,2021-01-22,other,26.66,77.91,31.61,8.81,8.62,13.65,3.88,0.0,0,33.59,34.0,28.48,0.0581,0.1672,0,0.0,,1200.0,26.9063,75.1839
PAN-3,2021-01-23,other,28.24,74.68,34.92,0.0,8.99,12.95,4.09,0.0,1,17.06,26.6,17.28,0.017,0.1821,0,0.0,,1200.0,26.9063,75.1839
PAN-3,2021-01-24,other,23.31,77.85,32.51,0.46,8.23,12.53,4.23,0.0,2,8.7,15.5,11.23,0.0525,0.1377,0,0.0,,1200.0,26.9063,75.1839
PAN-3,2021-01-25,other,23.13,70.83,36.8,11.35,8.97,13.04,4.06,0.0,0,16.91,23.3,15.17,0.0,0.1318,0,0.0,,1200.0,26.9063,75.1839
PAN-3,2021-01-26,other,23.74,82.22,35.81,4.01,7.77,13.07,4.05,0.0,0,35.6,33.8,30.24,0.0237,0.2239,0,0.0,,1200.0,26.9063,75.1839
PAN-3,2021-01-27,other,26.99,77.03,32.17,1.16,10.27,12.61,4.2,0.0,0,25.9,35.7,26.93,0.0,0.256,0,0.0,,1200.0,26.9063,75.1839
PAN-3,2021-01-28,other,28.75,70.31,37.28,4.06,8.23,12.15,4.36,0.0,0,51.97,54.9,55.67,0.0116,0.4087,0,0.0,,1200.0,26.9063,75.1839
PAN-3,2021-01-29,other,27.99,86.29,30.06,22.98,7.35,14.14,3.75,0.0,0,40.53,37.5,38.76,0.0297,0.261,0,0.0,,1200.0,26.9063,75.1839
PAN-3,2021-01-30,other,29.53,69.52,37.28,0.0,10.05,13.14,4.03,0.0,1,29.74,28.0,28.1,0.0283,0.2089,0,0.0,,1200.0,26.9063,75.1839
PAN-3,2021-01-31,other,26.42,73.21,33.38,8.91,9.41,13.38,3.96,0.0,0,48.4,38.9,43.66,0.0,0.4319,0,0.0,,1200.0,26.9063,75.1839
PAN-3,2021-02-01,summer,25.76,65.56,38.15,12.95,11.1,13.72,3.86,0.0,0,33.43,28.4,29.64,0.0,0.1282,0,0.0,,1200.0,26.9063,75.1839
PAN-3,2021-02-02,summer,27.24,81.69,31.78,0.0,10.24,13.26,3.99,0.0,1,36.8,41.4,33.67,0.0272,0.1928,0,0.0,,1200.0,26.9063,75.1839
PAN-3,2021-02-03,summer,24.57,83.17,31.95,9.05,8.4,13.83,3.83,0.0,0,22.4,25.0,17.41,0.0,0.1287,0,0.0,,1200.0,26.9063,75.1839
PAN-3,2021-02-04,summer,29.64,69.74,40.7,0.0,8.61,12.81,4.13,0.0,1,18.44,25.5,17.52,0.0709,0.1955,0,0.0,,1200.0,26.9063,75.1839
PAN-3,2021-02-05,summer,27.59,68.56,30.86,10.38,9.26,13.09,4.04,0.0,0,17.6,34.8,18.09,0.0295,0.0834,0,0.0,,1200.0,26.9063,75.1839
PAN-3,2021-02-06,summer,28.53,78.92,34.66,0.0,10.54,12.47,4.24,0.0,1,41.61,35.8,41.87,0.0341,0.3376,0,0.0,,1200.0,26.9063,75.1839
PAN-3,2021-02-07,summer,28.68,74.65,30.75,7.9,8.75,12.62,4.19,0.0,0,30.37,30.6,38.01,0.0,0.3305,0,0.0,,1200.0,26.9063,75.1839
PAN-3,2021-02-08,summer,27.6,65.65,30.44,0.0,9.7,12.0,4.47,0.0,1,32.71,37.7,33.34,0.0331,0.3163,0,0.0,,1200.0,26.9063,75.1839
PAN-3,2021-02-09,summer,28.88,65.78,34.97,13.02,11.11,12.24,4.38,0.0,0,13.72,16.1,14.79,0.0607,0.1092,0,0.0,,1200.0,26.9063,75.1839
PAN-3,2021-02-10,summer,28.06,59.81,38.59,2.49,8.54,12.0,4.67,0.0,0,21.51,36.4,33.28,0.0,0.2577,0,0.0,,1200.0,26.9063,75.1839
PAN-3,2021-02-11,summer,30.15,72.65,30.4,11.0,9.42,12.34,4.54,0.0,0,19.24,29.9,21.99,0.0007,0.1778,0,0.0,,1200.0,26.9063,75.1839
PAN-3,2021-02-12,summer,27.42,77.35,30.15,2.38,10.66,12.02,4.66,0.0,0,29.27,37.6,29.88,0.0,0.2449,0,0.0,,1200.0,26.9063,75.1839
PAN-3,2021-02-13,summer,26.36,78.17,35.0,10.45,11.17,12.48,4.49,0.0,0,9.19,13.7,10.96,0.0,0.1714,0,0.0,,1200.0,26.9063,75.1839
PAN-3,2021-02-14,summer,30.44,71.99,30.74,13.38,10.76,12.98,4.32,0.0,0,13.47,24.7,14.38,0.0069,0.2042,0,0.0,,1200.0,26.9063,75.1839
PAN-3,2021-02-15,summer,27.24,61.55,33.69,0.0,10.75,12.0,4.69,0.0,1,8.56,22.6,12.92,0.0,0.1722,0,0.0,,1200.0,26.9063,75.1839
PAN-3,2021-02-16,summer,26.09,66.15,24.25,0.0,9.33,12.0,4.87,0.0,2,17.7,29.8,18.2,0.0031,0.2476,0,0.0,,1200.0,26.9063,75.1839
PAN-3,2021-02-17,summer,30.68,64.01,35.51,0.0,9.2,12.0,5.21,0.0,3,23.34,30.9,26.01,0.0,0.1874,0,0.0,,1200.0,26.9063,75.1839
PAN-3,2021-02-18,summer,30.39,67.44,32.13,3.85,9.86,12.0,5.38,0.0,0,15.24,15.0,13.51,0.0078,0.0873,0,0.0,,1200.0,26.9063,75.1839
PAN-3,2021-02-19,summer,29.16,61.32,23.82,6.88,10.47,12.0,5.43,0.0,0,9.37,2.6,8.48,0.0529,0.0747,0,0.0,,1200.0,26.9063,75.1839
PAN-3,2021-02-20,summer,29.17,69.4,35.98,3.99,11.55,12.0,5.61,0.0,0,13.65,17.0,12.36,0.0,0.1157,0,0.0,,1200.0,26.9063,75.1839
PAN-3,2021-02-21,summer,26.26,66.11,37.37,0.0,10.57,12.0,5.88,0.0,1,52.82,65.2,55.57,0.0,0.5046,0,0.0,,1200.0,26.9063,75.1839
PAN-3,2021-02-22,summer,29.9,64.53,24.08,1.48,10.09,12.0,6.08,0.0,0,22.36,21.2,22.95,0.024,0.1259,0,0.0,,1200.0,26.9063,75.1839
PAN-3,2021-02-23,summer,28.47,56.75,35.29,13.12,10.76,12.01,6.07,0.0,0,0.94,3.7,1.02,0.006,0.1205,0,0.0,,1200.0,26.9063,75.1839
PAN-3,2021-02-24,summer,28.77,63.57,37.46,8.08,9.09,12.0,6.16,0.0,0,12.93,11.5,12.32,0.0205,0.1449,0,0.0,,1200.0,26.9063,75.1839
PAN-3,2021-02-25,summer,28.14,62.35,26.19,0.0,11.09,12.0,6.42,0.0,1,17.71,29.2,19.0,0.0,0.1724,0,0.0,,1200.0,26.9063,75.1839
PAN-3,2021-02-26,summer,28.54,53.05,24.46,11.08,9.63,12.1,6.36,0.0,0,22.81,31.8,23.63,0.0296,0.2228,0,0.0,,1200.0,26.9063,75.1839
PAN-3,2021-02-27,summer,29.06,61.23,32.99,0.0,6.96,12.0,6.67,0.0,1,17.89,21.9,18.52,0.0,0.1928,0,0.0,,1200.0,26.9063,75.1839
PAN-3,2021-02-28,summer,36.04,47.55,27.34,4.99,8.31,12.0,7.05,0.0,0,14.16,19.5,16.51,0.0177,0.0516,0,0.0,,1200.0,26.9063,75.1839
PAN-3,2021-03-01,summer,30.17,46.6,21.54,1.18,9.94,12.0,7.35,0.0,0,17.28,23.3,16.32,0.0,0.2752,0,0.0,,1200.0,26.9063,75.1839
PAN-3,2021-03-02,summer,27.57,50.68,22.61,0.0,9.43,12.0,7.62,0.0,1,4.46,18.4,6.02,0.0,0.1018,0,0.0,,1200.0,26.9063,75.1839
PAN-3,2021-03-03,summer,26.85,50.79,25.97,1.73,10.89,12.0,7.87,0.0,0,23.07,29.9,20.34,0.0463,0.1163,0,0.0,,1200.0,26.9063,75.1839
PAN-3,2021-03-04,summer,29.51,53.15,23.65,0.0,8.0,12.0,8.15,0.0,1,0.0,5.3,0.0,0.0,0.0759,0,0.0,,1200.0,26.9063,75.1839
PAN-3,2021-03-05,summer,29.67,46.37,23.11,2.22,9.61,12.0,8.43,0.0,0,5.9,9.4,6.31,0.0,0.0217,0,0.0,,1200.0,26.9063,75.1839
PAN-3,2021-03-06,summer,30.77,57.17,24.22,0.0,10.65,12.0,8.74,0.0,1,0.27,12.4,0.0,0.0,0.1298,0,0.0,,1200.0,26.9063,75.1839
PAN-3,2021-03-07,summer,29.6,44.31,20.98,0.0,9.72,12.0,9.07,0.0,2,15.05,20.5,17.77,0.0,0.1752,0,0.0,,1200.0,26.9063,75.1839
PAN-3,2021-03-08,summer,30.86,38.41,13.95,7.21,7.99,12.0,9.13,0.0,0,1.08,9.4,1.74,0.0,0.0874,0,0.0,,1200.0,26.9063,75.1839
PAN-3,2021-03-09,summer,30.64,50.04,21.96,0.0,8.24,12.0,9.44,0.0,1,13.15,10.8,13.58,0.0121,0.1027,0,0.0,,1200.0,26.9063,75.1839
PAN-3,2021-03-10,summer,28.82,55.14,16.08,3.5,10.08,12.0,9.55,0.0,0,25.07,30.1,27.63,0.0,0.2237,0,0.0,,1200.0,26.9063,75.1839
PAN-3,2021-03-11,summer,29.54,45.67,15.08,15.05,9.41,12.66,9.05,0.0,0,0.48,14.1,0.86,0.0,0.1274,0,0.0,,1200.0,26.9063,75.1839
PAN-3,2021-03-12,summer,30.26,45.33,18.22,0.0,9.17,12.0,9.65,0.0,1,10.14,5.5,10.09,0.0562,0.1814,0,0.0,,1200.0,26.9063,75.1839
PAN-3,2021-03-13,summer,30.23,45.07,9.73,0.0,10.5,12.0,9.85,0.0,2,0.14,8.3,0.79,0.0,0.037,0,0.0,,1200.0,26.9063,75.1839
PAN-3,2021-03-14,summer,29.99,49.53,12.94,0.0,9.94,12.0,10.06,0.0,3,0.0,9.2,0.0,0.0,0.011,0,0.0,,1200.0,26.9063,75.1839
PAN-3,2021-03-15,summer,29.56,31.62,13.12,0.0,10.17,12.0,10.35,0.0,4,0.0,12.3,0.0,0.0152,0.1093,0,0.0,,1200.0,26.9063,75.1839
PAN-3,2021-03-16,summer,30.28,38.98,9.61,0.0,12.44,12.0,10.59,0.0,5,12.88,30.2,13.73,0.0071,0.1659,0,0.0,,1200.0,26.9063,75.1839
PAN-3,2021-03-17,summer,32.59,17.91,18.17,0.0,9.89,12.0,11.11,0.0,6,1.2,12.3,0.34,0.0089,0.0562,0,0.0,,1200.0,26.9063,75.1839
PAN-3,2021-03-18,summer,30.31,30.4,14.68,0.0,10.56,12.0,11.45,0.0,7,1.74,13.8,1.25,0.0,0.0417,0,0.0,,1200.0,26.9063,75.1839
PAN-3,2021-03-19,summer,31.68,45.81,14.42,0.0,10.92,12.0,11.73,0.0,8,0.39,6.8,0.0,0.0405,0.0,0,0.0,,1200.0,26.9063,75.1839
PAN-3,2021-03-20,summer,31.65,26.6,0.0,0.0,13.0,12.0,11.85,0.0,9,13.42,25.5,14.27,0.0607,0.1074,0,0.0,,1200.0,26.9063,75.1839
PAN-3,2021-03-21,summer,29.53,37.64,12.18,0.0,12.27,12.0,12.12,0.0,10,4.39,15.9,3.45,0.0,0.0467,0,0.0,,1200.0,26.9063,75.1839
PAN-3,2021-03-22,summer,29.4,41.16,12.78,0.0,11.75,12.0,12.38,0.0,11,0.09,2.5,0.0,0.1126,0.1209,0,0.0,,1200.0,26.9063,75.1839
PAN-3,2021-03-23,summer,30.39,39.63,9.15,0.0,11.76,12.0,12.6,0.0,12,15.1,14.5,12.26,0.0323,0.1875,0,0.0,,1200.0,26.9063,75.1839
PAN-3,2021-03-24,summer,32.41,33.26,5.22,0.0,11.49,12.0,12.8,0.0,13,5.52,8.8,4.45,0.0254,0.0475,0,0.0,,1200.0,26.9063,75.1839
PAN-3,2021-03-25,summer,31.83,42.92,6.19,0.0,10.62,12.0,12.98,0.0,14,0.0,1.6,0.28,0.0,0.0,0,0.0,,1200.0,26.9063,75.1839
PAN-3,2021-03-26,summer,30.41,28.89,8.71,0.0,12.43,12.0,13.24,0.0,15,0.81,19.9,0.0,0.0249,0.0057,0,0.0,,1200.0,26.9063,75.1839
PAN-3,2021-03-27,summer,33.14,37.45,8.13,0.0,9.78,12.0,13.47,0.0,16,0.0,8.5,0.0,0.0,0.0,0,0.0,,1200.0,26.9063,75.1839
PAN-3,2021-03-28,summer,32.51,39.14,0.05,0.0,10.7,12.0,13.57,0.0,17,0.5,15.2,0.0,0.0,0.006,0,0.0,,1200.0,26.9063,75.1839
PAN-3,2021-03-29,summer,31.52,35.63,6.63,0.0,13.0,12.0,13.79,0.0,18,6.28,15.9,7.23,0.0,0.0769,0,0.0,,1200.0,26.9063,75.1839
PAN-3,2021-03-30,summer,32.07,33.34,0.45,0.0,10.61,12.0,13.9,0.0,19,0.0,9.8,0.0,0.0098,0.0424,0,0.0,,1200.0,26.9063,75.1839
PAN-3,2021-03-31,summer,29.77,31.66,4.92,0.0,9.27,12.0,14.06,0.0,20,0.26,12.2,0.28,0.0,0.1183,0,0.0,,1200.0,26.9063,75.1839
PAN-3,2021-04-01,summer,27.83,45.65,10.04,0.0,10.3,12.0,14.23,0.0,21,0.0,2.4,0.0,0.0,0.0505,0,0.0,,1200.0,26.9063,75.1839
PAN-3,2021-04-02,summer,28.72,47.98,12.4,0.0,10.7,12.0,14.43,0.0,22,2.39,10.4,2.38,0.0616,0.1308,0,0.0,,1200.0,26.9063,75.1839
PAN-3,2021-04-03,summer,29.94,39.44,6.96,0.0,12.0,12.0,14.62,0.0,23,3.62,0.0,2.61,0.007,0.0372,0,0.0,,1200.0,26.9063,75.1839
PAN-3,2021-04-04,summer,30.56,21.32,9.7,0.0,11.09,12.0,14.92,0.0,24,0.67,14.3,0.97,0.0,0.0,0,0.0,,1200.0,26.9063,75.1839
PAN-3,2021-04-05,summer,31.0,29.65,7.05,0.0,9.26,12.0,15.13,0.0,25,12.74,16.8,11.06,0.0731,0.1943,0,0.0,,1200.0,26.9063,75.1839
PAN-3,2021-04-06,summer,31.82,40.12,9.14,0.0,12.89,12.0,15.38,0.0,26,0.0,6.7,0.0,0.0349,0.0253,0,0.0,,1200.0,26.9063,75.1839
PAN-3,2021-04-07,summer,25.3,36.57,10.81,6.01,11.54,12.0,15.4,0.0,0,0.0,5.4,0.0,0.0492,0.0076,0,0.0,,1200.0,26.9063,75.1839
PAN-3,2021-04-08,summer,32.17,40.82,9.19,0.0,10.55,12.0,15.63,0.0,1,5.8,27.2,5.85,0.0569,0.1817,0,0.0,,1200.0,26.9063,75.1839
PAN-3,2021-04-09,summer,33.58,46.04,5.36,5.88,9.57,12.02,15.6,0.0,0,3.1,16.7,3.06,0.0,0.1055,0,0.0,,1200.0,26.9063,75.1839
PAN-3,2021-04-10,summer,31.73,34.81,13.38,0.0,11.58,12.0,15.95,0.0,1,0.01,3.7,0.0,0.0994,0.0853,0,0.0,,1200.0,26.9063,75.1839
PAN-3,2021-04-11,summer,32.82,35.67,9.17,0.0,11.03,12.0,16.22,0.0,2,0.0,0.0,0.0,0.0463,0.031,0,0.0,,1200.0,26.9063,75.1839
PAN-3,2021-04-12,summer,30.32,34.14,4.58,0.0,11.81,12.0,16.39,0.0,3,9.1,7.8,9.53,0.0,0.0764,0,0.0,,1200.0,26.9063,75.1839
PAN-3,2021-04-13,summer,36.58,40.35,8.13,0.0,11.81,12.0,16.68,0.0,4,0.0,13.6,0.0,0.0492,0.0074,0,0.0,,1200.0,26.9063,75.1839
PAN-3,2021-04-14,summer,34.01,36.52,4.17,0.0,11.56,12.0,16.87,0.0,5,19.28,31.3,17.19,0.0513,0.2157,0,0.0,,1200.0,26.9063,75.1839
PAN-3,2021-04-15,summer,32.78,23.46,11.19,0.0,8.2,12.0,17.19,0.0,6,2.87,9.6,2.82,0.0,0.0653,0,0.0,,1200.0,26.9063,75.1839
PAN-3,2021-04-16,summer,27.81,22.74,13.49,0.0,10.51,12.0,17.49,0.0,7,0.0,8.1,0.0,0.0,0.0487,0,0.0,,1200.0,26.9063,75.1839
PAN-3,2021-04-17,summer,30.53,35.42,0.54,0.0,10.45,12.0,17.59,0.0,8,0.78,14.7,0.0,0.0,0.0,0,0.0,,1200.0,26.9063,75.1839
PAN-3,2021-04-18,summer,30.68,35.87,6.35,0.0,11.41,12.0,17.78,0.0,9,0.74,12.7,0.0,0.0,0.1277,0,0.0,,1200.0,26.9063,75.1839
PAN-3,2021-04-19,summer,32.39,31.21,13.72,0.0,10.5,12.0,18.14,0.0,10,4.46,16.9,5.19,0.0,0.0947,0,0.0,,1200.0,26.9063,75.1839
PAN-3,2021-04-20,summer,31.71,40.95,9.58,0.0,13.0,12.0,18.39,0.0,11,0.0,0.8,0.0,0.0727,0.0,0,0.0,,1200.0,26.9063,75.1839
PAN-3,2021-04-21,summer,35.72,42.38,7.67,0.0,10.8,12.0,18.64,0.0,12,0.0,1.3,0.0,0.0,0.1417,0,0.0,,1200.0,26.9063,75.1839
PAN-3,2021-04-22,summer,31.52,29.24,10.89,0.0,12.8,12.0,18.96,0.0,13,1.66,6.9,1.68,0.0047,0.1154,0,0.0,,1200.0,26.9063,75.1839
PAN-3,2021-04-23,summer,32.88,25.92,4.22,0.0,10.43,12.0,19.16,0.0,14,0.24,6.2,0.0,0.0,0.0,0,0.0,,1200.0,26.9063,75.1839
PAN-3,2021-04-24,summer,31.82,34.23,5.59,0.0,10.46,12.0,19.35,0.0,15,0.05,5.9,0.0,0.0067,0.0665,0,0.0,,1200.0,26.9063,75.1839
PAN-3,2021-04-25,summer,34.22,42.36,10.23,0.0,11.8,12.0,19.63,0.0,16,0.46,24.2,0.0,0.0315,0.1377,0,0.0,,1200.0,26.9063,75.1839
PAN-3,2021-04-26,summer,31.64,27.44,7.17,0.0,11.13,12.0,19.87,0.0,17,0.62,0.2,0.0,0.0,0.0367,0,0.0,,1200.0,26.9063,75.1839
PAN-3,2021-04-27,summer,34.24,38.5,14.45,0.0,10.1,12.0,20.23,0.0,18,7.62,9.0,7.19,0.0088,0.1001,0,0.0,,1200.0,26.9063,75.1839
PAN-3,2021-04-28,summer,32.5,34.35,7.38,0.0,10.98,12.0,20.46,0.0,19,0.0,8.1,0.0,0.0,0.0575,0,0.0,,1200.0,26.9063,75.1839
PAN-3,2021-04-29,summer,33.0,30.24,8.27,0.0,11.46,12.0,20.74,0.0,20,1.47,12.6,1.19,0.019,0.069,0,0.0,,1200.0,26.9063,75.1839
PAN-3,2021-04-30,summer,32.11,26.52,14.82,0.0,10.4,12.0,21.13,0.0,21,0.0,8.2,0.0,0.0019,0.0,0,0.0,,1200.0,26.9063,75.1839
PAN-3,2021-05-01,summer,31.74,27.78,9.12,0.0,9.57,12.0,21.4,0.0,22,0.0,10.3,0.0,0.0,0.0885,0,0.0,,1200.0,26.9063,75.1839
PAN-3,2021-05-02,summer,28.99,42.09,7.89,0.0,10.28,12.0,21.57,0.0,23,7.02,5.9,6.02,0.0,0.1052,0,0.0,,1200.0,26.9063,75.1839
PAN-3,2021-05-03,summer,32.74,44.11,11.96,0.0,11.49,12.0,21.85,0.0,24,0.0,18.3,0.0,0.0538,0.1113,0,0.0,,1200.0,26.9063,75.1839
PAN-3,2021-05-04,summer,35.43,33.27,3.26,0.0,9.44,12.0,22.03,0.0,25,0.0,10.1,0.0,0.0124,0.0442,0,0.0,,1200.0,26.9063,75.1839
PAN-3,2021-05-05,summer,33.73,36.47,4.01,0.0,12.31,12.0,22.22,0.0,26,0.92,10.2,0.0,0.0,0.0703,0,0.0,,1200.0,26.9063,75.1839
PAN-3,2021-05-06,summer,32.11,28.35,6.13,0.0,10.29,12.0,22.44,0.0,27,0.0,8.8,0.0,0.0234,0.0822,0,0.0,,1200.0,26.9063,75.1839
PAN-3,2021-05-07,summer,31.27,35.18,10.92,0.0,12.32,12.0,22.73,0.0,28,0.53,3.0,0.0,0.0,0.113,0,0.0,,1200.0,26.9063,75.1839
PAN-3,2021-05-08,summer,30.15,37.05,10.95,1.03,10.68,12.0,22.95,0.0,0,0.0,18.6,0.0,0.0189,0.0314,0,0.0,,1200.0,26.9063,75.1839
PAN-3,2021-05-09,summer,32.0,30.08,10.23,0.0,9.97,12.0,23.24,0.0,1,0.4,4.8,0.0,0.0576,0.1208,0,0.0,,1200.0,26.9063,75.1839
PAN-3,2021-05-10,summer,33.77,18.14,10.65,0.0,11.5,12.0,23.64,0.0,2,0.0,7.9,0.01,0.0,0.0416,0,0.0,,1200.0,26.9063,75.1839
PAN-3,2021-05-11,summer,35.84,35.27,0.96,0.0,13.0,12.0,23.79,0.0,3,0.45,14.0,0.0,0.0311,0.0991,0,0.0,,1200.0,26.9063,75.1839
PAN-3,2021-05-12,summer,31.42,30.31,7.59,0.0,9.82,12.0,24.02,0.0,4,0.0,18.6,0.0,0.0,0.1692,0,0.0,,1200.0,26.9063,75.1839
PAN-3,2021-05-13,summer,32.28,43.37,9.7,0.0,10.6,12.0,24.25,0.0,5,0.0,7.2,0.0,0.0614,0.0391,0,0.0,,1200.0,26.9063,75.1839
PAN-3,2021-05-14,summer,34.44,43.53,11.43,0.0,12.07,12.0,24.56,0.0,6,8.6,12.5,9.2,0.0461,0.2083,0,0.0,,1200.0,26.9063,75.1839
PAN-3,2021-05-15,summer,31.81,38.39,9.58,0.0,9.42,12.0,24.79,0.0,7,0.34,20.6,0.0,0.1053,0.0489,0,0.0,,1200.0,26.9063,75.1839
PAN-3,2021-05-16,summer,31.68,30.13,8.9,0.0,8.87,12.0,25.04,0.0,8,0.23,11.7,0.0,0.1257,0.1135,0,0.0,,1200.0,26.9063,75.1839
PAN-3,2021-05-17,summer,36.31,24.55,10.38,0.0,12.66,11.68,23.29,0.0,9,0.0,2.3,0.0,0.0,0.0905,0,0.0,,1200.0,26.9063,75.1839
PAN-3,2021-05-18,summer,33.35,44.55,9.55,0.0,11.38,12.0,23.01,0.0,10,19.93,33.5,18.99,0.0311,0.1913,0,0.0,,1200.0,26.9063,75.1839
PAN-3,2021-05-19,summer,31.19,33.1,6.45,0.0,9.62,12.0,23.21,0.0,11,11.33,22.4,12.42,0.0811,0.1757,0,0.0,,1200.0,26.9063,75.1839
PAN-3,2021-05-20,summer,31.57,34.04,11.07,0.0,12.48,12.0,23.51,0.0,12,0.86,3.7,1.38,0.0526,0.1216,0,0.0,,1200.0,26.9063,75.1839
PAN-3,2021-05-21,summer,33.45,44.07,16.23,0.0,12.54,12.0,23.88,0.0,13,0.21,17.6,0.0,0.0,0.1281,0,0.0,,1200.0,26.9063,75.1839
PAN-3,2021-05-22,summer,32.57,42.4,11.8,0.0,13.0,12.0,24.18,0.0,14,11.13,29.4,10.98,0.0,0.1654,0,0.0,,1200.0,26.9063,75.1839
PAN-3,2021-05-23,summer,31.97,39.18,7.53,0.0,9.3,12.0,24.38,0.0,15,1.53,4.1,0.0,0.0871,0.0454,0,0.0,,1200.0,26.9063,75.1839
PAN-3,2021-05-24,summer,32.52,39.68,0.75,0.0,12.43,12.0,24.49,0.0,16,0.3,2.6,0.0,0.0584,0.1381,0,0.0,,1200.0,26.9063,75.1839
PAN-3,2021-05-25,summer,33.41,29.48,0.0,0.0,12.52,12.0,24.61,0.0,17,0.3,0.0,0.0,0.0475,0.0,0,0.0,,1200.0,26.9063,75.1839
PAN-3,2021-05-26,summer,30.06,32.44,13.26,0.0,12.21,12.0,24.93,0.0,18,0.39,7.3,0.0,0.1389,0.0416,0,0.0,,1200.0,26.9063,75.1839
PAN-3,2021-05-27,summer,29.8,40.97,0.01,0.0,12.41,12.0,25.01,0.0,19,0.0,0.0,0.0,0.1467,0.1746,0,0.0,,1200.0,26.9063,75.1839
PAN-3,2021-05-28,summer,32.46,32.03,7.3,0.0,10.54,11.83,24.25,0.0,20,0.32,3.6,0.0,0.0451,0.1025,0,0.0,,1200.0,26.9063,75.1839
PAN-3,2021-05-29,summer,32.14,30.72,2.33,0.0,10.42,12.0,24.1,0.0,21,9.84,21.8,10.02,0.0847,0.125,0,0.0,,1200.0,26.9063,75.1839
PAN-3,2021-05-30,summer,30.55,43.77,3.84,0.0,11.17,12.0,24.23,0.0,22,13.92,31.8,12.26,0.0798,0.227,0,0.0,,1200.0,26.9063,75.1839
PAN-3,2021-05-31,summer,33.25,35.34,7.69,0.38,10.71,12.0,24.47,0.0,23,5.39,19.5,8.18,0.0606,0.2289,0,0.0,,1200.0,26.9063,75.1839
PAN-3,2021-06-01,summer,33.41,40.65,8.73,0.0,9.17,12.0,24.7,0.0,24,15.0,21.3,15.75,0.0789,0.1612,0,0.0,,1200.0,26.9063,75.1839
PAN-3,2021-06-02,summer,28.72,35.51,10.55,0.0,11.38,12.0,24.93,0.0,25,0.0,0.0,0.0,0.1614,0.1238,0,0.0,,1200.0,26.9063,75.1839
PAN-3,2021-06-03,summer,30.23,28.58,2.72,0.0,10.88,12.0,25.07,0.0,26,0.0,6.2,0.0,0.1257,0.0831,0,0.0,,1200.0,26.9063,75.1839
PAN-3,2021-06-04,summer,31.36,42.31,7.79,0.0,12.2,11.84,24.47,0.0,27,0.0,9.5,0.0,0.1324,0.0636,0,0.0,,1200.0,26.9063,75.1839
PAN-3,2021-06-05,summer,29.95,43.15,11.0,0.0,10.1,12.0,24.41,0.0,28,12.78,17.4,16.06,0.0312,0.2752,0,0.0,,1200.0,26.9063,75.1839
PAN-3,2021-06-06,summer,32.73,49.34,7.9,0.0,11.04,12.0,24.6,0.0,29,0.0,3.9,0.0,0.0462,0.0611,0,0.0,,1200.0,26.9063,75.1839
PAN-3,2021-06-07,summer,30.41,39.99,8.96,0.0,9.41,12.0,24.8,0.0,30,0.0,6.6,0.0,0.1287,0.0216,0,0.0,,1200.0,26.9063,75.1839
PAN-3,2021-06-08,summer,31.34,37.67,22.05,0.0,8.44,12.0,25.19,0.0,31,9.48,18.1,9.19,0.1555,0.1984,0,0.0,,1200.0,26.9063,75.1839
PAN-3,2021-06-09,summer,32.93,45.36,10.55,0.0,10.63,11.8,24.42,0.0,32,0.0,6.1,0.0,0.0878,0.0237,0,0.0,,1200.0,26.9063,75.1839
PAN-3,2021-06-10,summer,30.41,25.57,0.73,0.0,11.43,12.0,24.19,0.0,33,11.13,15.9,11.99,0.0347,0.1881,0,0.0,,1200.0,26.9063,75.1839
PAN-3,2021-06-11,summer,30.44,35.09,0.0,0.0,10.84,12.0,24.28,0.0,34,0.4,11.8,0.0,0.1155,0.1271,0,0.0,,1200.0,26.9063,75.1839
PAN-3,2021-06-12,summer,31.09,39.95,5.62,0.0,13.0,12.0,24.46,0.0,35,0.39,7.2,0.0,0.0,0.0854,0,0.0,,1200.0,26.9063,75.1839
PAN-3,2021-06-13,summer,32.99,39.91,0.99,0.0,10.49,12.0,24.57,0.0,36,0.0,7.0,0.0,0.0612,0.1678,0,0.0,,1200.0,26.9063,75.1839
PAN-3,2021-06-14,summer,34.55,38.05,9.19,0.0,9.81,12.0,24.84,0.0,37,0.11,0.0,0.0,0.1391,0.0325,0,0.0,,1200.0,26.9063,75.1839
PAN-3,2021-06-15,summer,27.94,40.56,1.58,0.0,9.34,12.0,24.93,0.0,38,4.53,22.3,3.74,0.1809,0.0756,0,0.0,,1200.0,26.9063,75.1839
PAN-3,2021-06-16,summer,33.91,35.96,5.22,0.0,10.62,12.0,25.13,0.0,39,0.0,5.5,0.0,0.1557,0.1963,0,0.0,,1200.0,26.9063,75.1839
PAN-3,2021-06-17,summer,31.41,41.87,8.96,0.0,11.04,11.83,24.48,0.0,40,0.0,6.8,0.0,0.0279,0.0246,0,0.0,,1200.0,26.9063,75.1839
PAN-3,2021-06-18,summer,31.12,39.08,5.54,0.0,11.79,12.0,24.36,0.0,41,5.03,11.7,4.57,0.0765,0.1019,0,0.0,,1200.0,26.9063,75.1839
PAN-3,2021-06-19,summer,31.77,32.52,11.4,0.0,9.62,12.0,24.65,0.0,42,0.66,14.2,0.0,0.0423,0.1646,0,0.0,,1200.0,26.9063,75.1839
PAN-3,2021-06-20,summer,32.64,43.12,8.52,0.0,9.13,12.0,24.86,0.0,43,1.11,5.2,1.14,0.0236,0.1402,0,0.0,,1200.0,26.9063,75.1839
PAN-3,2021-06-21,summer,31.96,38.42,7.44,0.0,11.32,12.0,25.08,0.0,44,2.44,0.0,2.13,0.1113,0.1793,0,0.0,,1200.0,26.9063,75.1839
PAN-3,2021-06-22,summer,28.99,47.64,9.77,0.0,12.49,11.86,24.57,0.0,45,1.03,5.3,0.0,0.0767,0.118,0,0.0,,1200.0,26.9063,75.1839
PAN-3,2021-06-23,summer,31.46,44.82,4.2,0.0,10.92,12.0,24.47,0.0,46,0.0,11.4,0.0,0.0,0.1524,0,0.0,,1200.0,26.9063,75.1839
PAN-3,2021-06-24,summer,28.04,48.15,11.6,0.0,11.98,12.0,24.67,0.0,47,0.0,0.8,0.0,0.0578,0.1525,0,0.0,,1200.0,26.9063,75.1839
PAN-3,2021-06-25,summer,32.0,47.67,6.48,0.0,9.42,12.0,24.83,0.0,48,8.31,9.9,7.34,0.1132,0.1067,0,0.0,,1200.0,26.9063,75.1839
PAN-3,2021-06-26,summer,27.05,38.05,7.04,0.0,9.41,12.0,24.98,0.0,49,4.24,19.1,3.91,0.174,0.1398,0,0.0,,1200.0,26.9063,75.1839
PAN-3,2021-06-27,summer,26.49,39.12,9.97,0.0,11.74,12.0,25.17,0.0,50,0.0,10.4,0.0,0.1601,0.0589,0,0.0,,1200.0,26.9063,75.1839
PAN-3,2021-06-28,summer,31.45,31.7,17.96,0.0,9.57,11.69,23.64,0.0,51,0.2,0.2,0.0,0.0,0.0812,0,0.0,,1200.0,26.9063,75.1839
PAN-3,2021-06-29,summer,28.52,57.3,7.07,0.0,11.65,12.0,23.24,0.0,52,24.57,30.8,21.54,0.0475,0.2539,0,0.0,,1200.0,26.9063,75.1839
PAN-3,2021-06-30,summer,32.23,44.84,10.79,5.29,11.82,12.0,23.34,0.0,0,10.01,22.8,11.67,0.0,0.1527,0,0.0,,1200.0,26.9063,75.1839
PAN-3,2021-07-01,monsoon,29.37,45.04,2.44,0.0,11.01,12.0,23.44,0.0,1,9.48,19.8,8.82,0.0,0.1733,0,0.0,,1200.0,26.9063,75.1839
PAN-3,2021-07-02,monsoon,26.63,49.62,12.14,0.0,11.53,12.0,23.62,0.0,2,0.0,0.0,0.0,0.0089,0.0976,0,0.0,,1200.0,26.9063,75.1839
PAN-3,2021-07-03,monsoon,27.57,53.74,3.51,0.0,11.94,12.0,23.71,0.0,3,8.88,19.6,9.04,0.0,0.1361,0,0.0,,1200.0,26.9063,75.1839
PAN-3,2021-07-04,monsoon,28.9,49.22,12.76,0.0,10.63,12.0,23.92,0.0,4,21.67,28.1,25.73,0.053,0.313,0,0.0,,1200.0,26.9063,75.1839
PAN-3,2021-07-05,monsoon,28.95,51.31,11.82,0.0,11.07,12.0,24.11,0.0,5,13.74,9.2,12.61,0.0,0.204,0,0.0,,1200.0,26.9063,75.1839
PAN-3,2021-07-06,monsoon,32.79,57.32,12.93,0.0,10.23,12.0,24.32,0.0,6,28.65,30.0,23.73,0.0531,0.2827,0,0.0,,1200.0,26.9063,75.1839
PAN-3,2021-07-07,monsoon,27.77,47.29,15.34,0.0,7.84,12.0,24.53,0.0,7,16.14,22.7,16.88,0.0323,0.2045,0,0.0,,1200.0,26.9063,75.1839
PAN-3,2021-07-08,monsoon,28.91,57.64,12.6,3.46,9.21,12.0,24.59,0.0,0,34.38,40.0,34.73,0.0516,0.3718,0,0.0,,1200.0,26.9063,75.1839
PAN-3,2021-07-09,monsoon,27.74,53.74,19.92,0.0,8.69,12.0,24.82,0.0,1,10.94,21.2,13.08,0.0859,0.2713,0,0.0,,1200.0,26.9063,75.1839
PAN-3,2021-07-10,monsoon,30.1,51.45,17.37,0.0,10.54,12.0,25.08,0.0,2,33.56,38.5,33.01,0.1225,0.3848,0,0.0,,1200.0,26.9063,75.1839
PAN-3,2021-07-11,monsoon,29.81,65.05,24.7,2.14,10.75,11.81,24.23,0.0,0,57.19,53.3,53.95,0.0416,0.3586,0,0.0,,1200.0,26.9063,75.1839
PAN-3,2021-07-12,monsoon,27.95,46.46,17.94,0.0,10.52,12.0,24.16,0.0,1,88.89,75.4,74.79,0.0351,0.6584,0,0.0,,1200.0,26.9063,75.1839
PAN-3,2021-07-13,monsoon,29.44,62.18,14.96,1.7,11.51,12.0,24.29,0.0,0,14.69,12.3,13.1,0.0046,0.1293,0,0.0,,1200.0,26.9063,75.1839
PAN-3,2021-07-14,monsoon,28.56,63.76,22.51,0.0,12.35,12.0,24.52,0.0,1,1.52,7.4,1.36,0.0548,0.0562,0,0.0,,1200.0,26.9063,75.1839
PAN-3,2021-07-15,monsoon,24.83,50.06,16.06,0.0,10.59,12.0,24.71,0.0,2,25.96,19.8,26.33,0.0971,0.332,0,0.0,,1200.0,26.9063,75.1839
PAN-3,2021-07-16,monsoon,23.99,47.4,19.21,3.78,8.64,12.0,24.8,0.0,0,31.52,44.8,30.83,0.0812,0.3124,0,0.0,,1200.0,26.9063,75.1839
PAN-3,2021-07-17,monsoon,28.08,63.72,33.26,0.0,9.94,12.0,25.09,0.0,1,5.61,14.5,5.42,0.1044,0.0995,0,0.0,,1200.0,26.9063,75.1839
PAN-3,2021-07-18,monsoon,24.14,73.4,29.11,0.0,9.48,11.89,24.8,0.0,2,27.61,24.1,23.84,0.0905,0.3153,0,0.0,,1200.0,26.9063,75.1839
PAN-3,2021-07-19,monsoon,25.37,60.43,25.22,0.0,9.24,12.0,24.81,0.0,3,7.13,25.2,7.49,0.0458,0.1039,0,0.0,,1200.0,26.9063,75.1839
PAN-3,2021-07-20,monsoon,26.68,71.94,22.55,1.32,8.98,12.0,24.92,0.0,0,4.28,22.3,5.96,0.1567,0.114,0,0.0,,1200.0,26.9063,75.1839
PAN-3,2021-07-21,monsoon,28.68,55.04,25.58,0.0,8.33,12.0,25.2,0.0,1,42.05,41.9,41.25,0.1699,0.4409,0,0.0,,1200.0,26.9063,75.1839
PAN-3,2021-07-22,monsoon,22.5,79.49,27.66,0.0,11.1,11.92,25.13,0.0,2,13.04,26.6,15.33,0.1533,0.2885,0,0.0,,1200.0,26.9063,75.1839
PAN-3,2021-07-23,monsoon,29.84,65.51,22.03,0.0,8.95,11.84,24.39,0.0,3,12.11,10.0,13.4,0.0364,0.1713,0,0.0,,1200.0,26.9063,75.1839
PAN-3,2021-07-24,monsoon,27.85,62.72,29.27,21.25,9.15,13.09,22.06,0.0,0,19.41,27.1,15.98,0.0032,0.1803,0,0.0,,1200.0,26.9063,75.1839
PAN-3,2021-07-25,monsoon,26.43,64.23,28.75,0.49,9.3,12.33,23.42,0.0,1,19.54,23.9,19.9,0.0722,0.195,0,0.0,,1200.0,26.9063,75.1839
PAN-3,2021-07-26,monsoon,25.84,71.66,30.3,0.0,8.69,12.0,24.14,0.0,2,30.98,42.2,30.47,0.0313,0.2653,0,0.0,,1200.0,26.9063,75.1839
PAN-3,2021-07-27,monsoon,27.27,65.35,33.05,0.0,10.06,12.0,24.4,0.0,3,14.84,13.2,13.28,0.0341,0.1855,0,0.0,,1200.0,26.9063,75.1839
PAN-3,2021-07-28,monsoon,24.64,68.33,25.39,0.0,11.02,12.0,24.57,0.0,4,7.29,19.4,6.2,0.0358,0.1788,0,0.0,,1200.0,26.9063,75.1839
PAN-3,2021-07-29,monsoon,25.95,75.52,36.66,15.15,6.19,12.96,22.75,0.0,0,33.51,45.0,29.95,0.0,0.2152,0,0.0,,1200.0,26.9063,75.1839
PAN-3,2021-07-30,monsoon,25.54,70.78,29.61,3.44,6.28,12.77,23.1,0.0,0,10.68,9.9,8.84,0.0378,0.1617,0,0.0,,1200.0,26.9063,75.1839
PAN-3,2021-07-31,monsoon,27.01,69.42,35.12,3.31,10.51,12.27,24.05,0.0,0,33.99,32.0,34.84,0.108,0.3712,0,0.0,,1200.0,26.9063,75.1839
PAN-3,2021-08-01,monsoon,26.24,76.85,33.26,4.4,7.62,12.19,24.2,0.0,0,15.68,23.6,18.28,0.0328,0.1603,0,0.0,,1200.0,26.9063,75.1839
PAN-3,2021-08-02,monsoon,25.8,79.28,40.9,4.98,10.53,12.09,24.41,0.0,0,25.55,22.2,23.72,0.1527,0.3226,0,0.0,,1200.0,26.9063,75.1839
PAN-3,2021-08-03,monsoon,24.69,73.96,31.11,8.0,7.47,12.39,23.82,0.0,0,27.52,32.7,27.1,0.0,0.2649,0,0.0,,1200.0,26.9063,75.1839
PAN-3,2021-08-04,monsoon,23.62,78.59,30.6,0.03,10.06,12.0,24.6,0.0,1,32.64,45.3,36.75,0.0656,0.3352,0,0.0,,1200.0,26.9063,75.1839
PAN-3,2021-08-05,monsoon,27.6,73.35,35.39,0.0,8.8,12.0,24.81,0.0,2,22.08,30.5,20.49,0.0911,0.2226,0,0.0,,1200.0,26.9063,75.1839
PAN-3,2021-08-06,monsoon,23.81,73.48,40.77,22.59,11.32,13.56,21.96,0.0,0,24.59,25.1,22.79,0.0209,0.2194,0,0.0,,1200.0,26.9063,75.1839
PAN-3,2021-08-07,monsoon,25.51,68.71,31.96,2.67,8.98,13.14,22.65,0.0,0,5.73,6.9,6.47,0.0126,0.1315,0,0.0,,1200.0,26.9063,75.1839
PAN-3,2021-08-08,monsoon,26.0,75.9,36.28,11.75,9.46,13.7,21.72,0.0,0,41.56,47.5,41.35,0.0,0.4278,0,0.0,,1200.0,26.9063,75.1839
PAN-3,2021-08-09,monsoon,24.29,65.01,29.12,12.9,9.12,14.33,20.76,0.0,0,22.55,28.4,26.18,0.0089,0.1932,0,0.0,,1200.0,26.9063,75.1839
PAN-3,2021-08-10,monsoon,26.23,71.11,37.64,18.22,8.4,15.41,19.3,0.0,0,28.38,33.9,25.19,0.0104,0.1967,0,0.0,,1200.0,26.9063,75.1839
PAN-3,2021-08-11,monsoon,24.7,81.37,42.21,0.0,7.36,14.95,19.9,0.0,1,23.12,16.9,20.66,0.0583,0.1755,0,0.0,,1200.0,26.9063,75.1839
PAN-3,2021-08-12,monsoon,23.66,75.68,32.09,0.0,10.29,14.45,20.59,0.0,2,19.18,29.1,18.14,0.0,0.2218,0,0.0,,1200.0,26.9063,75.1839
PAN-3,2021-08-13,monsoon,26.62,78.54,36.95,0.0,10.27,13.86,21.47,0.0,3,54.97,62.5,58.94,0.0396,0.5394,0,0.0,,1200.0,26.9063,75.1839
PAN-3,2021-08-14,monsoon,24.53,77.27,32.1,8.34,9.32,14.22,20.93,0.0,0,54.49,45.4,57.32,0.0621,0.4297,0,0.0,,1200.0,26.9063,75.1839
PAN-3,2021-08-15,monsoon,23.45,78.39,34.04,0.0,10.38,13.76,21.63,0.0,1,37.59,47.7,41.32,0.0,0.4264,0,0.0,,1200.0,26.9063,75.1839
PAN-3,2021-08-16,monsoon,23.49,75.38,39.87,5.99,6.82,13.83,21.52,0.0,0,15.19,12.9,14.6,0.0,0.195,0,0.0,,1200.0,26.9063,75.1839
PAN-3,2021-08-17,monsoon,24.24,77.66,41.38,0.0,7.38,13.3,22.38,0.0,1,12.45,24.9,17.08,0.0,0.1775,0,0.0,,1200.0,26.9063,75.1839
PAN-3,2021-08-18,monsoon,23.76,81.24,36.59,0.0,12.66,12.83,23.2,0.0,2,24.14,28.9,26.96,0.0,0.356,0,0.0,,1200.0,26.9063,75.1839
PAN-3,2021-08-19,monsoon,24.26,82.08,36.78,0.0,9.34,12.42,23.97,0.0,3,24.98,19.7,22.67,0.0626,0.1464,0,0.0,,1200.0,26.9063,75.1839
PAN-3,2021-08-20,monsoon,21.7,89.94,31.47,15.05,7.43,13.76,21.63,0.0,0,23.22,40.6,23.99,0.0051,0.233,0,0.0,,1200.0,26.9063,75.1839
PAN-3,2021-08-21,monsoon,23.64,75.83,36.5,0.0,8.42,13.24,22.47,0.0,1,39.69,46.9,41.85,0.0264,0.3368,0,0.0,,1200.0,26.9063,75.1839
PAN-3,2021-08-22,monsoon,25.2,79.1,36.88,7.34,8.68,13.47,22.08,0.0,0,16.04,17.2,16.4,0.0,0.2032,0,0.0,,1200.0,26.9063,75.1839
PAN-3,2021-08-23,monsoon,25.68,80.52,38.43,0.84,8.79,12.97,22.93,0.0,1,33.71,34.4,28.18,0.0458,0.155,0,0.0,,1200.0,26.9063,75.1839
PAN-3,2021-08-24,monsoon,26.6,94.03,43.5,8.56,9.67,13.64,21.8,0.0,0,27.51,35.9,27.7,0.0,0.2342,0,0.0,,1200.0,26.9063,75.1839
PAN-3,2021-08-25,monsoon,24.04,73.89,36.62,7.23,8.87,13.78,21.58,0.0,0,19.58,26.3,19.8,0.013,0.32,0,0.0,,1200.0,26.9063,75.1839
PAN-3,2021-08-26,monsoon,23.43,82.19,37.61,0.0,9.23,13.38,22.22,0.0,1,14.11,10.5,12.57,0.0803,0.1515,0,0.0,,1200.0,26.9063,75.1839
PAN-3,2021-08-27,monsoon,22.37,80.98,35.4,0.0,10.64,12.98,22.9,0.0,2,25.01,32.9,24.59,0.0,0.3104,0,0.0,,1200.0,26.9063,75.1839
PAN-3,2021-08-28,monsoon,19.79,68.69,34.87,0.0,9.14,12.46,23.86,0.0,3,39.42,44.4,32.96,0.0825,0.3036,0,0.0,,1200.0,26.9063,75.1839
PAN-3,2021-08-29,monsoon,22.54,95.8,35.8,2.24,8.03,12.6,23.59,0.0,0,16.36,33.8,20.58,0.0655,0.2153,0,0.0,,1200.0,26.9063,75.1839
PAN-3,2021-08-30,monsoon,22.98,81.84,34.03,10.21,9.09,13.26,22.41,0.0,0,19.93,27.2,21.18,0.0254,0.1442,0,0.0,,1200.0,26.9063,75.1839
PAN-3,2021-08-31,monsoon,22.55,97.39,38.77,0.0,9.76,13.2,22.51,0.0,1,12.97,29.3,11.67,0.007,0.1653,0,0.0,,1200.0,26.9063,75.1839
PAN-3,2021-09-01,monsoon,26.5,85.82,35.42,0.0,8.99,12.84,23.14,0.0,2,34.02,45.2,39.38,0.0,0.2801,0,0.0,,1200.0,26.9063,75.1839
PAN-3,2021-09-02,monsoon,24.89,95.13,33.65,0.54,8.31,12.74,23.33,0.0,3,37.93,30.8,35.7,0.0,0.3629,0,0.0,,1200.0,26.9063,75.1839
PAN-3,2021-09-03,monsoon,22.95,92.58,26.85,12.6,9.05,13.88,21.41,0.0,0,7.44,13.1,6.67,0.0095,0.147,0,0.0,,1200.0,26.9063,75.1839
PAN-3,2021-09-04,monsoon,24.38,76.38,29.01,4.64,7.6,13.92,21.34,0.0,0,18.19,24.9,20.47,0.0,0.2203,0,0.0,,1200.0,26.9063,75.1839
PAN-3,2021-09-05,monsoon,24.36,69.94,34.9,4.75,9.43,13.72,21.64,0.0,0,21.46,27.8,23.34,0.0175,0.1758,0,0.0,,1200.0,26.9063,75.1839
PAN-3,2021-09-06,monsoon,21.23,87.58,34.19,6.44,9.26,14.14,21.0,0.0,0,26.5,17.5,22.22,0.0253,0.1755,0,0.0,,1200.0,26.9063,75.1839
PAN-3,2021-09-07,monsoon,20.16,73.04,30.65,0.0,10.07,13.71,21.65,0.0,1,35.04,36.3,34.06,0.0145,0.3946,0,0.0,,1200.0,26.9063,75.1839
PAN-3,2021-09-08,monsoon,22.6,83.39,28.31,8.4,7.27,14.29,20.77,0.0,0,14.95,10.1,13.84,0.042,0.135,0,0.0,,1200.0,26.9063,75.1839
PAN-3,2021-09-09,monsoon,23.88,81.73,26.27,3.91,8.92,14.37,20.65,0.0,0,33.85,36.8,27.92,0.0317,0.1355,0,0.0,,1200.0,26.9063,75.1839
PAN-3,2021-09-10,monsoon,22.89,84.14,32.35,0.0,9.6,14.06,21.1,0.0,1,17.54,19.2,18.4,0.043,0.1835,0,0.0,,1200.0,26.9063,75.1839
PAN-3,2021-09-11,monsoon,20.19,85.24,36.63,12.3,9.22,15.03,19.74,0.0,0,35.74,44.3,40.51,0.0282,0.3427,0,0.0,,1200.0,26.9063,75.1839
PAN-3,2021-09-12,monsoon,23.75,82.55,29.02,9.07,7.87,15.63,18.98,0.0,0,14.59,2.6,12.64,0.0571,0.0606,0,0.0,,1200.0,26.9063,75.1839
PAN-3,2021-09-13,monsoon,22.92,70.14,26.8,2.3,8.52,15.39,19.28,0.0,0,11.87,19.7,11.27,0.0,0.0828,0,0.0,,1200.0,26.9063,75.1839
PAN-3,2021-09-14,monsoon,24.01,75.13,26.0,16.05,9.66,16.57,17.91,0.0,0,6.25,10.5,5.85,0.0,0.1605,0,0.0,,1200.0,26.9063,75.1839
PAN-3,2021-09-15,monsoon,19.18,80.4,28.76,0.0,7.41,16.32,18.19,0.0,1,1.53,1.7,1.86,0.0,0.1061,0,0.0,,1200.0,26.9063,75.1839
PAN-3,2021-09-16,monsoon,22.64,60.19,25.24,19.23,8.89,17.64,16.82,0.0,0,15.97,16.7,14.17,0.0,0.0963,0,0.0,,1200.0,26.9063,75.1839
PAN-3,2021-09-17,monsoon,20.32,73.36,25.67,0.0,10.24,17.27,17.18,0.0,1,43.6,47.3,46.46,0.0403,0.3509,0,0.0,,1200.0,26.9063,75.1839
PAN-3,2021-09-18,monsoon,21.81,71.35,23.09,2.61,9.05,17.15,17.3,0.0,0,15.37,14.9,16.18,0.0,0.0719,0,0.0,,1200.0,26.9063,75.1839
PAN-3,2021-09-19,monsoon,22.24,80.02,19.6,0.6,10.4,16.9,17.56,0.0,1,24.08,28.2,25.84,0.0,0.3433,0,0.0,,1200.0,26.9063,75.1839
PAN-3,2021-09-20,monsoon,20.32,75.94,17.24,3.23,10.68,16.97,17.48,0.0,0,5.15,16.3,8.87,0.0,0.1788,0,0.0,,1200.0,26.9063,75.1839
PAN-3,2021-09-21,monsoon,19.11,76.2,26.65,0.0,10.35,16.65,17.81,0.0,1,4.49,10.5,5.03,0.0,0.1604,0,0.0,,1200.0,26.9063,75.1839
PAN-3,2021-09-22,monsoon,21.43,78.06,27.24,0.0,10.3,16.31,18.19,0.0,2,8.03,17.1,8.62,0.0,0.1098,0,0.0,,1200.0,26.9063,75.1839
PAN-3,2021-09-23,monsoon,22.61,71.22,17.71,0.0,8.73,15.98,18.56,0.0,3,10.03,25.6,9.56,0.061,0.164,0,0.0,,1200.0,26.9063,75.1839
PAN-3,2021-09-24,monsoon,21.28,72.53,14.49,0.0,11.27,15.71,18.88,0.0,4,3.38,0.9,4.01,0.0222,0.0809,0,0.0,,1200.0,26.9063,75.1839
PAN-3,2021-09-25,monsoon,19.39,77.2,19.44,2.58,11.17,15.72,18.87,0.0,0,1.46,5.8,0.68,0.0,0.0655,0,0.0,,1200.0,26.9063,75.1839
PAN-3,2021-09-26,monsoon,20.11,81.51,14.71,0.0,13.0,15.54,19.09,0.0,1,36.39,38.9,34.34,0.0101,0.2898,0,0.0,,1200.0,26.9063,75.1839
PAN-3,2021-09-27,monsoon,22.08,75.3,13.92,3.92,8.29,15.71,18.88,0.0,0,0.84,4.6,0.0,0.046,0.0945,0,0.0,,1200.0,26.9063,75.1839
PAN-3,2021-09-28,monsoon,21.9,73.04,17.88,0.0,10.11,15.4,19.26,0.0,1,0.19,5.3,0.57,0.0,0.0243,0,0.0,,1200.0,26.9063,75.1839
PAN-3,2021-09-29,monsoon,17.85,81.06,15.27,0.0,11.22,15.24,19.46,0.0,2,22.58,27.8,21.56,0.0131,0.3002,0,0.0,,1200.0,26.9063,75.1839
PAN-3,2021-09-30,monsoon,21.96,70.99,13.42,0.0,9.7,14.97,19.81,0.0,3,8.42,15.3,7.22,0.0,0.1819,0,0.0,,1200.0,26.9063,75.1839
PAN-3,2021-10-01,other,21.04,72.09,6.41,0.0,10.76,14.81,20.02,0.0,4,3.86,5.4,3.57,0.0,0.0232,0,0.0,,1200.0,26.9063,75.1839
PAN-3,2021-10-02,other,23.97,57.51,14.85,0.0,8.21,14.36,20.65,0.0,5,0.68,17.8,0.89,0.0706,0.0347,0,0.0,,1200.0,26.9063,75.1839
PAN-3,2021-10-03,other,21.5,76.15,12.03,0.0,10.25,14.16,20.94,0.0,6,0.24,9.4,0.0,0.0536,0.0808,0,0.0,,1200.0,26.9063,75.1839
PAN-3,2021-10-04,other,25.38,74.52,12.27,0.0,11.27,13.87,21.37,0.0,7,0.03,10.5,0.0,0.0129,0.0343,0,0.0,,1200.0,26.9063,75.1839
PAN-3,2021-10-05,other,22.38,70.66,9.64,0.0,11.61,13.63,21.74,0.0,8,0.0,15.3,0.0,0.0,0.0934,0,0.0,,1200.0,26.9063,75.1839
PAN-3,2021-10-06,other,20.18,67.47,12.05,0.0,11.32,13.37,22.17,0.0,9,0.0,8.2,0.0,0.0,0.0,0,0.0,,1200.0,26.9063,75.1839
PAN-3,2021-10-07,other,20.65,73.39,11.0,0.0,13.0,13.15,22.54,0.0,10,0.0,0.0,0.0,0.0302,0.0109,0,0.0,,1200.0,26.9063,75.1839
PAN-3,2021-10-08,other,18.87,67.59,6.09,0.0,10.6,12.99,22.81,0.0,11,18.01,16.5,17.47,0.0,0.214,0,0.0,,1200.0,26.9063,75.1839
PAN-3,2021-10-09,other,21.41,74.54,3.21,0.0,12.81,12.87,23.02,0.0,12,4.32,1.7,4.67,0.0149,0.1035,0,0.0,,1200.0,26.9063,75.1839
PAN-3,2021-10-10,other,23.13,71.44,3.04,0.0,11.62,12.73,23.27,0.0,13,0.2,13.9,0.0,0.0,0.1104,0,0.0,,1200.0,26.9063,75.1839
PAN-3,2021-10-11,other,26.93,60.39,10.86,0.0,9.64,12.31,24.07,0.0,14,0.03,3.5,0.0,0.0644,0.1199,0,0.0,,1200.0,26.9063,75.1839
PAN-3,2021-10-12,other,23.1,54.93,3.49,0.0,11.92,12.08,24.53,0.0,15,0.0,3.5,0.0,0.0108,0.0708,0,0.0,,1200.0,26.9063,75.1839
PAN-3,2021-10-13,other,21.22,77.22,12.67,0.0,13.0,12.0,24.73,0.0,16,17.73,26.0,18.11,0.0656,0.258,0,0.0,,1200.0,26.9063,75.1839
PAN-3,2021-10-14,other,21.03,77.53,6.98,0.0,13.0,12.0,24.77,0.0,17,1.34,21.6,0.0,0.204,0.1627,0,0.0,,1200.0,26.9063,75.1839
PAN-3,2021-10-15,other,20.54,61.02,0.01,0.0,11.12,12.0,24.8,0.0,18,0.0,1.8,0.0,0.0871,0.1253,0,0.0,,1200.0,26.9063,75.1839
PAN-3,2021-10-16,other,19.74,77.53,7.02,0.0,10.07,12.0,24.84,0.0,19,9.02,21.0,8.72,0.1035,0.1072,0,0.0,,1200.0,26.9063,75.1839
PAN-3,2021-10-17,other,22.02,64.83,4.33,0.0,8.85,12.0,24.89,0.0,20,0.0,8.4,0.0,0.1072,0.1503,0,0.0,,1200.0,26.9063,75.1839
PAN-3,2021-10-18,other,17.27,64.19,3.82,0.0,9.94,12.0,24.93,0.0,21,14.46,23.9,14.41,0.097,0.2187,0,0.0,,1200.0,26.9063,75.1839
PAN-3,2021-10-19,other,20.93,72.53,6.41,0.0,11.81,12.0,24.98,0.0,22,0.0,12.3,0.0,0.0651,0.108,0,0.0,,1200.0,26.9063,75.1839
PAN-3,2021-10-20,other,19.85,79.93,4.38,0.0,12.68,12.0,25.01,0.0,23,11.8,3.5,8.94,0.1397,0.1398,0,0.0,,1200.0,26.9063,75.1839
PAN-3,2021-10-21,other,18.4,69.61,14.44,0.0,9.11,11.95,25.11,0.0,24,1.48,5.8,0.89,0.1288,0.1571,0,0.0,,1200.0,26.9063,75.1839
PAN-3,2021-10-22,other,18.65,82.95,9.97,0.0,12.37,11.97,25.29,0.0,25,14.25,16.3,14.31,0.1211,0.1871,0,0.0,,1200.0,26.9063,75.1839
PAN-3,2021-10-23,other,17.92,76.8,10.85,0.0,12.03,11.96,25.45,0.0,26,0.0,11.8,0.0,0.1272,0.1383,0,0.0,,1200.0,26.9063,75.1839
PAN-3,2021-10-24,other,24.29,75.89,8.72,0.0,12.49,11.94,25.52,0.0,27,1.73,6.5,0.0,0.2497,0.1858,0,0.0,,1200.0,26.9063,75.1839
PAN-3,2021-10-25,other,21.24,59.63,2.53,0.0,9.22,11.96,25.64,0.0,28,5.15,12.6,6.08,0.2805,0.1227,0,0.0,,1200.0,26.9063,75.1839
PAN-3,2021-10-26,other,20.27,76.24,3.52,0.0,10.88,11.97,25.87,0.0,29,3.24,7.7,2.85,0.2353,0.2032,0,0.0,,1200.0,26.9063,75.1839
PAN-3,2021-10-27,other,18.14,72.72,0.72,0.0,13.0,11.98,26.16,0.09,30,0.51,4.8,0.0,0.2701,0.1775,0,0.0,,1200.0,26.9063,75.1839
PAN-3,2021-10-28,other,19.05,76.14,13.14,0.0,10.34,11.91,26.38,0.32,31,0.37,5.2,0.0,0.29,0.2424,0,0.0,,1200.0,26.9063,75.1839
PAN-3,2021-10-29,other,18.73,63.74,8.89,0.0,11.84,11.83,26.54,0.62,32,10.11,21.6,9.68,0.3139,0.1638,0,0.0,,1200.0,26.9063,75.1839
PAN-3,2021-10-30,other,22.45,68.9,9.07,0.0,12.79,11.74,26.67,0.98,33,13.45,10.7,9.95,0.4036,0.2559,0,0.0,,1200.0,26.9063,75.1839
PAN-3,2021-10-31,other,20.32,63.42,10.17,0.0,10.88,11.64,26.81,1.37,34,0.4,13.2,0.0,0.3372,0.2469,0,0.0,,1200.0,26.9063,75.1839
PAN-3,2021-11-01,other,21.56,87.35,7.32,0.0,12.35,11.6,27.18,1.5,35,2.6,23.2,3.13,0.401,0.2217,0,0.0,,1200.0,26.9063,75.1839
PAN-3,2021-11-02,other,19.25,69.62,13.14,0.0,13.0,11.48,27.35,1.94,36,0.0,6.6,0.0,0.4966,0.2271,0,0.0,,1200.0,26.9063,75.1839
PAN-3,2021-11-03,other,23.26,64.41,7.9,0.0,9.93,11.36,27.53,2.38,37,0.04,0.0,0.0,0.5384,0.2401,0,0.0,,1200.0,26.9063,75.1839
PAN-3,2021-11-04,other,23.98,76.63,10.04,0.0,10.51,11.27,27.76,2.75,38,3.45,0.0,3.99,0.5059,0.1411,0,0.0,,1200.0,26.9063,75.1839
PAN-3,2021-11-05,other,20.86,65.28,13.73,0.0,11.33,11.1,27.66,3.36,39,3.89,21.3,4.19,0.5681,0.2771,0,0.0,,1200.0,26.9063,75.1839
PAN-3,2021-11-06,other,20.82,77.6,15.05,0.0,10.0,11.0,27.75,3.75,40,0.0,6.4,0.0,0.6098,0.2401,0,0.0,,1200.0,26.9063,75.1839
PAN-3,2021-11-07,other,21.31,66.25,5.79,0.0,11.73,10.9,27.79,4.12,41,0.32,20.2,0.0,0.6205,0.2852,0,0.0,,1200.0,26.9063,75.1839
PAN-3,2021-11-08,other,19.95,71.79,0.22,0.0,13.0,10.86,27.91,4.27,42,0.25,0.0,0.0,0.6318,0.229,0,0.0,,1200.0,26.9063,75.1839
PAN-3,2021-11-09,other,18.28,74.41,2.45,1.33,11.36,10.91,27.66,4.43,0,0.0,0.0,0.0,0.4577,0.2036,0,0.0,,1200.0,26.9063,75.1839
PAN-3,2021-11-10,other,18.82,86.2,10.42,0.0,9.55,10.82,28.0,4.59,1,0.0,17.0,0.0,0.4706,0.2675,0,0.0,,1200.0,26.9063,75.1839
PAN-3,2021-11-11,other,20.59,57.48,4.68,0.0,12.38,10.66,27.87,5.02,2,7.31,20.5,8.92,0.4759,0.279,0,0.0,,1200.0,26.9063,75.1839
PAN-3,2021-11-12,other,20.35,71.73,8.3,0.0,11.84,10.56,27.79,5.38,3,0.0,1.5,0.0,0.4979,0.2317,0,0.0,,1200.0,26.9063,75.1839
PAN-3,2021-11-13,other,20.29,68.28,12.09,0.0,9.1,10.44,27.71,5.84,4,10.39,20.5,9.22,0.5649,0.268,0,0.0,,1200.0,26.9063,75.1839
PAN-3,2021-11-14,other,18.43,65.26,13.34,0.0,11.31,10.0,16.7935,0.4,5,1.15,14.1,0.0,0.745,0.272,1,9144.0,harvest,1200.0,26.9063,75.1839
PAN-3,2021-11-15,other,17.77,56.7,2.74,0.0,11.23,11.89,14.72,0.0,6,0.0,11.3,0.0,0.0,0.0819,0,0.0,,1200.0,26.9063,75.1839
PAN-3,2021-11-16,other,20.68,65.13,3.73,0.0,9.96,12.0,14.66,0.0,7,0.43,6.3,0.0,0.0177,0.0364,0,0.0,,1200.0,26.9063,75.1839
PAN-3,2021-11-17,other,21.97,74.15,2.59,0.0,10.05,12.0,14.69,0.0,8,0.0,6.3,0.0,0.0018,0.0852,0,0.0,,1200.0,26.9063,75.1839
PAN-3,2021-11-18,other,23.22,71.7,11.42,0.0,9.8,12.0,14.76,0.0,9,0.48,10.5,0.0,0.0192,0.1326,0,0.0,,1200.0,26.9063,75.1839
PAN-3,2021-11-19,other,21.27,68.04,13.26,0.0,10.79,12.0,14.84,0.0,10,0.55,6.0,0.53,0.0453,0.0701,0,0.0,,1200.0,26.9063,75.1839
PAN-3,2021-11-20,other,17.99,74.96,9.5,0.0,10.12,12.0,14.88,0.0,11,0.48,10.4,0.0,0.0,0.0425,0,0.0,,1200.0,26.9063,75.1839
PAN-3,2021-11-21,other,21.2,75.22,9.0,0.0,10.09,12.0,14.93,0.0,12,0.06,0.0,0.0,0.0,0.0,0,0.0,,1200.0,26.9063,75.1839
PAN-3,2021-11-22,other,20.6,66.59,14.14,0.0,12.48,12.0,15.02,0.0,13,0.0,5.1,0.0,0.0428,0.1722,0,0.0,,1200.0,26.9063,75.1839
PAN-3,2021-11-23,other,24.73,68.6,13.98,0.0,10.7,12.0,15.13,0.0,14,0.0,12.6,0.0,0.0,0.0627,0,0.0,,1200.0,26.9063,75.1839
PAN-3,2021-11-24,other,19.85,69.19,7.51,0.0,9.64,12.0,15.18,0.0,15,0.29,3.1,0.0,0.0,0.1694,0,0.0,,1200.0,26.9063,75.1839
PAN-3,2021-11-25,other,22.35,68.64,3.18,0.0,10.51,12.0,15.22,0.0,16,0.0,13.2,0.0,0.0,0.0203,0,0.0,,1200.0,26.9063,75.1839
PAN-3,2021-11-26,other,24.74,56.62,11.54,0.0,12.13,12.0,15.36,0.0,17,1.67,13.3,0.0,0.0,0.0,0,0.0,,1200.0,26.9063,75.1839
PAN-3,2021-11-27,other,19.57,66.09,10.63,0.0,13.0,12.0,15.44,0.0,18,3.72,12.6,4.55,0.0,0.1259,0,0.0,,1200.0,26.9063,75.1839
PAN-3,2021-11-28,other,18.32,62.57,15.24,0.0,11.93,12.0,15.53,0.0,19,6.3,18.3,6.53,0.0,0.0998,0,0.0,,1200.0,26.9063,75.1839
PAN-3,2021-11-29,other,21.82,67.65,11.01,0.0,10.85,12.0,15.61,0.0,20,0.02,11.6,0.0,0.0425,0.0,0,0.0,,1200.0,26.9063,75.1839
PAN-3,2021-11-30,other,24.07,62.55,1.08,0.0,10.82,12.0,15.65,0.0,21,19.7,19.0,19.03,0.0047,0.0979,0,0.0,,1200.0,26.9063,75.1839
PAN-3,2021-12-01,other,24.22,70.1,7.66,0.0,10.68,12.0,15.72,0.0,22,0.0,9.2,0.0,0.0456,0.0473,0,0.0,,1200.0,26.9063,75.1839
PAN-3,2021-12-02,other,21.7,61.41,11.22,0.0,12.61,12.0,15.82,0.0,23,1.1,19.0,1.72,0.0547,0.0588,0,0.0,,1200.0,26.9063,75.1839
PAN-3,2021-12-03,other,21.43,64.51,12.14,0.0,12.07,12.0,15.91,0.0,24,0.0,5.2,0.0,0.0,0.0,0,0.0,,1200.0,26.9063,75.1839
PAN-3,2021-12-04,other,23.33,65.61,10.17,1.11,11.28,12.0,15.97,0.0,0,0.0,12.6,0.0,0.0304,0.0,0,0.0,,1200.0,26.9063,75.1839
PAN-3,2021-12-05,other,24.37,60.98,13.55,0.0,12.04,12.0,16.1,0.0,1,0.06,12.5,0.0,0.1151,0.0089,0,0.0,,1200.0,26.9063,75.1839
PAN-3,2021-12-06,other,21.0,70.27,6.17,0.0,13.0,12.0,16.15,0.0,2,2.86,8.1,3.59,0.0643,0.0799,0,0.0,,1200.0,26.9063,75.1839
PAN-3,2021-12-07,other,26.03,62.48,12.93,0.35,11.53,12.0,16.28,0.0,3,0.28,12.4,0.0,0.0,0.0722,0,0.0,,1200.0,26.9063,75.1839
PAN-3,2021-12-08,other,23.34,68.1,4.37,0.0,9.08,12.0,16.33,0.0,4,17.4,26.1,15.28,0.0352,0.0977,0,0.0,,1200.0,26.9063,75.1839
PAN-3,2021-12-09,other,22.97,56.99,7.44,0.0,9.78,12.0,16.41,0.0,5,0.05,8.1,0.0,0.0,0.0426,0,0.0,,1200.0,26.9063,75.1839
PAN-3,2021-12-10,other,20.9,60.93,4.79,0.0,10.23,12.0,16.47,0.0,6,0.13,3.7,0.0,0.0998,0.1102,0,0.0,,1200.0,26.9063,75.1839
PAN-3,2021-12-11,other,23.67,67.92,8.05,0.0,11.5,12.0,16.54,0.0,7,7.43,17.7,8.29,0.0464,0.0261,0,0.0,,1200.0,26.9063,75.1839
PAN-3,2021-12-12,other,24.4,65.2,9.27,0.0,8.49,12.0,16.62,0.0,8,0.0,0.0,0.0,0.0,0.0042,0,0.0,,1200.0,26.9063,75.1839
PAN-3,2021-12-13,other,21.96,67.07,15.88,0.0,11.17,12.0,16.73,0.0,9,0.0,8.1,0.0,0.0077,0.0716,0,0.0,,1200.0,26.9063,75.1839
PAN-3,2021-12-14,other,24.34,60.21,6.87,2.49,10.45,12.0,16.74,0.0,0,0.0,7.8,0.0,0.0,0.0471,0,0.0,,1200.0,26.9063,75.1839
PAN-3,2021-12-15,other,21.59,55.97,6.54,0.0,9.61,12.0,16.81,0.0,1,3.46,17.6,3.2,0.0,0.0532,0,0.0,,1200.0,26.9063,75.1839
PAN-3,2021-12-16,other,20.59,59.7,10.57,0.0,13.0,12.0,16.9,0.0,2,0.0,8.9,0.0,0.0104,0.0,0,0.0,,1200.0,26.9063,75.1839
PAN-3,2021-12-17,other,25.3,60.82,12.41,0.0,10.62,12.0,17.03,0.0,3,0.0,14.0,0.0,0.0217,0.0,0,0.0,,1200.0,26.9063,75.1839
PAN-3,2021-12-18,other,22.13,61.13,11.24,0.0,11.78,12.0,17.13,0.0,4,0.0,4.8,0.0,0.0032,0.0,0,0.0,,1200.0,26.9063,75.1839
PAN-3,2021-12-19,other,20.59,52.85,10.35,0.0,9.71,12.0,17.23,0.0,5,0.84,10.3,0.0,0.0,0.0463,0,0.0,,1200.0,26.9063,75.1839
PAN-3,2021-12-20,other,22.07,60.74,10.29,0.0,11.5,12.0,17.32,0.0,6,4.35,15.6,4.57,0.0,0.1188,0,0.0,,1200.0,26.9063,75.1839
PAN-3,2021-12-21,other,23.9,52.65,12.88,0.0,12.73,12.0,17.47,0.0,7,0.0,7.8,0.0,0.0,0.0669,0,0.0,,1200.0,26.9063,75.1839
PAN-3,2021-12-22,other,22.03,64.01,6.96,0.0,10.14,12.0,17.54,0.0,8,18.63,27.1,21.48,0.007,0.2524,0,0.0,,1200.0,26.9063,75.1839
PAN-3,2021-12-23,other,23.0,61.19,5.55,0.0,12.36,12.0,17.61,0.0,9,0.0,0.0,0.0,0.0408,0.0314,0,0.0,,1200.0,26.9063,75.1839
PAN-3,2021-12-24,other,19.8,65.29,3.4,0.0,10.4,12.0,17.65,0.0,10,0.55,4.1,0.0,0.0385,0.0953,0,0.0,,1200.0,26.9063,75.1839
PAN-3,2021-12-25,other,22.18,55.77,12.25,0.0,11.06,12.0,17.77,0.0,11,0.0,10.1,0.0,0.0,0.0055,0,0.0,,1200.0,26.9063,75.1839
PAN-3,2021-12-26,other,26.9,68.55,9.89,0.0,11.42,12.0,17.87,0.0,12,0.8,4.5,0.92,0.003,0.0717,0,0.0,,1200.0,26.9063,75.1839
PAN-3,2021-12-27,other,24.24,71.82,5.71,4.02,10.6,12.22,17.55,0.0,0,18.79,15.0,17.22,0.0,0.1287,0,0.0,,1200.0,26.9063,75.1839
PAN-3,2021-12-28,other,22.52,72.18,10.45,0.0,10.56,12.0,17.88,0.0,1,40.67,35.5,37.52,0.0,0.2895,0,0.0,,1200.0,26.9063,75.1839
PAN-3,2021-12-29,other,25.17,64.82,13.46,0.0,10.45,12.0,18.0,0.0,2,19.73,21.6,20.03,0.0,0.2315,0,0.0,,1200.0,26.9063,75.1839
PAN-3,2021-12-30,other,22.82,66.31,6.52,0.0,12.31,12.0,18.07,0.0,3,19.19,31.0,22.01,0.0,0.2173,0,0.0,,1200.0,26.9063,75.1839
PAN-3,2021-12-31,other,21.34,68.03,8.38,0.0,11.77,12.0,18.14,0.0,4,29.3,26.1,29.89,0.0193,0.2575,0,0.0,,1200.0,26.9063,75.1839
PAN-3,2022-01-01,other,23.55,68.66,20.0,0.0,7.71,12.0,18.26,0.0,5,35.01,40.4,38.64,0.0034,0.2206,0,0.0,,1200.0,26.9063,75.1839
PAN-3,2022-01-02,other,22.29,76.67,31.41,0.0,10.78,12.0,18.39,0.0,6,7.69,3.4,7.16,0.0353,0.0638,0,0.0,,1200.0,26.9063,75.1839
PAN-3,2022-01-03,other,21.58,81.82,24.19,0.0,9.95,12.0,18.47,0.0,7,19.59,31.7,26.51,0.009,0.2849,0,0.0,,1200.0,26.9063,75.1839
PAN-3,2022-01-04,other,19.7,81.83,28.2,21.15,9.5,13.86,15.99,0.0,0,25.99,24.4,31.71,0.0582,0.2886,0,0.0,,1200.0,26.9063,75.1839
PAN-3,2022-01-05,other,25.19,72.39,31.02,1.49,8.6,13.44,16.49,0.0,0,18.1,28.8,18.44,0.0,0.1611,0,0.0,,1200.0,26.9063,75.1839
PAN-3,2022-01-06,other,22.53,80.75,29.75,10.72,10.11,14.17,15.64,0.0,0,20.29,28.2,18.45,0.0,0.1655,0,0.0,,1200.0,26.9063,75.1839
PAN-3,2022-01-07,other,22.97,71.47,24.98,0.76,11.8,13.69,16.19,0.0,1,36.14,37.6,34.84,0.0092,0.2406,0,0.0,,1200.0,26.9063,75.1839
PAN-3,2022-01-08,other,27.56,73.78,29.42,12.99,10.06,14.36,15.43,0.0,0,8.6,9.2,9.45,0.0601,0.1058,0,0.0,,1200.0,26.9063,75.1839
PAN-3,2022-01-09,other,22.75,74.07,22.81,0.0,10.26,13.98,15.85,0.0,1,27.56,27.4,24.32,0.0,0.2628,0,0.0,,1200.0,26.9063,75.1839
PAN-3,2022-01-10,other,26.08,86.68,34.26,0.0,9.7,13.65,16.23,0.0,2,18.19,20.9,19.97,0.0096,0.1425,0,0.0,,1200.0,26.9063,75.1839
PAN-3,2022-01-11,other,24.31,91.28,26.26,0.0,10.69,13.49,16.42,0.0,3,35.0,45.1,37.28,0.0,0.3727,0,0.0,,1200.0,26.9063,75.1839
PAN-3,2022-01-12,other,23.67,77.13,26.11,13.14,10.17,14.41,15.37,0.0,0,24.71,27.8,22.17,0.0368,0.1603,0,0.0,,1200.0,26.9063,75.1839
PAN-3,2022-01-13,other,24.48,77.99,33.5,8.82,7.47,14.85,14.92,0.0,0,58.15,46.4,43.3,0.0327,0.341,0,0.0,,1200.0,26.9063,75.1839
PAN-3,2022-01-14,other,22.36,82.2,30.14,0.0,10.77,14.52,15.25,0.0,1,13.13,24.6,12.82,0.0174,0.1668,0,0.0,,1200.0,26.9063,75.1839
PAN-3,2022-01-15,other,24.8,77.56,37.95,0.0,9.43,13.97,15.85,0.0,2,33.15,50.2,42.22,0.0,0.2999,0,0.0,,1200.0,26.9063,75.1839
PAN-3,2022-01-16,other,23.94,62.77,36.8,4.07,6.99,13.6,16.28,0.0,0,43.95,35.9,41.33,0.0159,0.3629,0,0.0,,1200.0,26.9063,75.1839
PAN-3,2022-01-17,other,25.68,76.12,34.0,0.0,10.53,13.01,17.01,0.0,1,46.5,47.8,49.74,0.0188,0.3499,0,0.0,,1200.0,26.9063,75.1839
PAN-3,2022-01-18,other,22.23,71.09,35.7,0.0,10.31,12.41,17.83,0.0,2,18.67,21.3,17.91,0.0008,0.1695,0,0.0,,1200.0,26.9063,75.1839
PAN-3,2022-01-19,other,27.48,78.66,40.77,1.85,10.22,12.0,18.46,0.0,0,63.38,52.9,48.29,0.0,0.3395,0,0.0,,1200.0,26.9063,75.1839
PAN-3,2022-01-20,other,26.87,77.59,33.88,0.96,9.39,12.0,18.62,0.0,1,46.36,54.6,56.43,0.0,0.3951,0,0.0,,1200.0,26.9063,75.1839
PAN-3,2022-01-21,other,25.25,84.96,35.78,6.19,7.93,12.28,18.2,0.0,0,25.37,36.5,29.36,0.0,0.2304,0,0.0,,1200.0,26.9063,75.1839
PAN-3,2022-01-22,other,23.08,92.36,31.41,5.0,9.4,12.64,17.69,0.0,0,32.12,44.9,28.73,0.0,0.2484,0,0.0,,1200.0,26.9063,75.1839
PAN-3,2022-01-23,other,23.58,85.16,34.44,9.48,8.75,13.28,16.83,0.0,0,7.65,7.4,7.27,0.0021,0.0458,0,0.0,,1200.0,26.9063,75.1839
PAN-3,2022-01-24,other,24.89,73.38,28.59,4.75,6.46,13.29,16.81,0.0,0,32.12,39.9,36.84,0.0,0.2792,0,0.0,,1200.0,26.9063,75.1839
PAN-3,2022-01-25,other,27.14,75.22,29.89,6.98,8.03,13.45,16.62,0.0,0,40.88,42.6,39.3,0.0,0.3451,0,0.0,,1200.0,26.9063,75.1839
PAN-3,2022-01-26,other,27.62,66.55,37.86,14.28,8.28,13.95,16.03,0.0,0,25.37,21.6,30.82,0.0392,0.2306,0,0.0,,1200.0,26.9063,75.1839
PAN-3,2022-01-27,other,27.93,72.56,34.78,0.0,7.3,13.25,16.87,0.0,1,44.94,56.1,42.23,0.0272,0.288,0,0.0,,1200.0,26.9063,75.1839
PAN-3,2022-01-28,other,25.48,85.09,36.98,0.77,9.9,12.87,17.37,0.0,2,28.88,26.9,22.95,0.0,0.2539,0,0.0,,1200.0,26.9063,75.1839
PAN-3,2022-01-29,other,25.67,72.7,30.43,10.21,9.39,13.31,16.8,0.0,0,13.92,18.7,15.87,0.0204,0.1619,0,0.0,,1200.0,26.9063,75.1839
PAN-3,2022-01-30,other,26.32,84.04,34.7,17.51,7.09,14.7,15.21,0.0,0,46.09,35.8,45.67,0.0,0.3584,0,0.0,,1200.0,26.9063,75.1839
PAN-3,2022-01-31,other,27.75,78.69,38.83,0.0,8.93,14.07,15.89,0.0,1,33.4,43.7,42.5,0.0,0.3783,0,0.0,,1200.0,26.9063,75.1839
PAN-3,2022-02-01,summer,24.97,83.46,37.99,0.0,8.96,13.67,16.36,0.0,2,31.45,28.0,34.1,0.0,0.2824,0,0.0,,1200.0,26.9063,75.1839
PAN-3,2022-02-02,summer,24.17,73.15,36.02,0.49,8.59,13.08,17.1,0.0,3,9.28,9.0,8.3,0.0925,0.0889,0,0.0,,1200.0,26.9063,75.1839
PAN-3,2022-02-03,summer,25.94,68.22,30.02,15.27,10.17,13.9,16.09,0.0,0,34.52,33.6,33.5,0.0861,0.1843,0,0.0,,1200.0,26.9063,75.1839
PAN-3,2022-02-04,summer,25.9,60.31,36.49,11.08,8.92,14.02,15.95,0.0,0,31.52,35.6,33.04,0.0,0.2126,0,0.0,,1200.0,26.9063,75.1839
PAN-3,2022-02-05,summer,28.27,76.35,34.7,5.82,6.47,14.01,15.96,0.0,0,49.91,52.7,42.39,0.0,0.3878,0,0.0,,1200.0,26.9063,75.1839
PAN-3,2022-02-06,summer,26.04,63.13,33.71,11.59,9.08,14.3,15.64,0.0,0,19.48,28.8,19.98,0.0,0.1038,0,0.0,,1200.0,26.9063,75.1839
PAN-3,2022-02-07,summer,30.75,81.78,37.99,3.21,7.92,14.02,15.95,0.0,0,36.21,42.1,38.92,0.0034,0.2044,0,0.0,,1200.0,26.9063,75.1839
PAN-3,2022-02-08,summer,28.06,79.85,35.98,0.0,8.85,13.46,16.62,0.0,1,17.03,31.3,15.71,0.0321,0.1711,0,0.0,,1200.0,26.9063,75.1839
PAN-3,2022-02-09,summer,29.49,77.38,36.42,9.47,11.26,13.65,16.39,0.0,0,18.91,27.3,23.28,0.0,0.1912,0,0.0,,1200.0,26.9063,75.1839
PAN-3,2022-02-10,summer,27.68,70.55,36.45,6.55,12.52,13.38,16.72,0.0,0,20.67,32.8,19.52,0.0,0.1203,0,0.0,,1200.0,26.9063,75.1839
PAN-3,2022-02-11,summer,25.65,61.41,34.52,0.0,7.27,12.53,17.85,0.0,1,12.36,11.6,10.73,0.0,0.1913,0,0.0,,1200.0,26.9063,75.1839
PAN-3,2022-02-12,summer,29.14,66.6,32.71,2.89,9.92,12.0,18.68,0.0,0,9.33,15.5,7.7,0.0638,0.125,0,0.0,,1200.0,26.9063,75.1839
PAN-3,2022-02-13,summer,28.26,59.71,31.42,0.72,9.41,12.0,18.98,0.0,1,20.51,24.4,20.97,0.0,0.1607,0,0.0,,1200.0,26.9063,75.1839
PAN-3,2022-02-14,summer,25.92,60.11,24.92,3.02,10.24,12.0,19.11,0.0,0,25.63,25.5,24.32,0.0,0.213,0,0.0,,1200.0,26.9063,75.1839
PAN-3,2022-02-15,summer,28.69,61.59,39.06,14.1,7.59,12.27,18.68,0.0,0,35.18,34.4,32.09,0.0519,0.2996,0,0.0,,1200.0,26.9063,75.1839
PAN-3,2022-02-16,summer,26.57,73.59,33.52,11.73,9.68,12.79,17.92,0.0,0,24.22,33.6,21.36,0.0568,0.2904,0,0.0,,1200.0,26.9063,75.1839
PAN-3,2022-02-17,summer,27.7,73.57,29.18,0.0,7.9,12.21,18.78,0.0,1,32.15,41.1,34.4,0.0,0.3083,0,0.0,,1200.0,26.9063,75.1839
PAN-3,2022-02-18,summer,31.54,69.24,38.07,0.0,10.13,12.0,19.38,0.0,2,13.6,12.5,15.71,0.0,0.0,0,0.0,,1200.0,26.9063,75.1839
PAN-3,2022-02-19,summer,28.84,55.59,28.58,11.78,11.63,12.0,19.38,0.0,0,19.79,32.4,18.73,0.0168,0.2145,0,0.0,,1200.0,26.9063,75.1839
PAN-3,2022-02-20,summer,29.38,68.43,25.57,3.06,10.31,12.0,19.51,0.0,0,19.99,22.9,18.95,0.0371,0.1493,0,0.0,,1200.0,26.9063,75.1839
PAN-3,2022-02-21,summer,26.93,56.9,30.29,11.71,8.53,12.21,19.17,0.0,0,10.11,17.9,8.18,0.066,0.1824,0,0.0,,1200.0,26.9063,75.1839
PAN-3,2022-02-22,summer,27.96,65.41,32.0,8.11,11.44,12.07,19.39,0.0,0,26.41,34.4,25.75,0.0,0.2057,0,0.0,,1200.0,26.9063,75.1839
PAN-3,2022-02-23,summer,28.75,57.81,23.73,1.24,11.69,12.0,19.73,0.0,0,19.71,30.1,21.55,0.0,0.2406,0,0.0,,1200.0,26.9063,75.1839
PAN-3,2022-02-24,summer,32.8,45.99,30.36,0.0,10.01,12.0,20.25,0.0,1,8.64,18.7,7.83,0.0,0.0645,0,0.0,,1200.0,26.9063,75.1839
PAN-3,2022-02-25,summer,30.51,67.62,19.41,3.99,9.88,12.0,20.32,0.0,0,8.58,9.0,9.5,0.0164,0.1773,0,0.0,,1200.0,26.9063,75.1839
PAN-3,2022-02-26,summer,30.05,51.0,22.82,0.0,8.91,12.0,20.63,0.0,1,8.8,15.6,10.01,0.0,0.1616,0,0.0,,1200.0,26.9063,75.1839
PAN-3,2022-02-27,summer,26.69,54.43,21.68,0.0,10.16,12.0,20.87,0.0,2,46.83,43.5,42.08,0.0282,0.3584,0,0.0,,1200.0,26.9063,75.1839
PAN-3,2022-02-28,summer,28.24,66.56,18.82,3.21,9.97,12.0,20.95,0.0,0,22.78,31.9,27.5,0.0,0.229,0,0.0,,1200.0,26.9063,75.1839
PAN-3,2022-03-01,summer,29.81,61.14,21.56,0.0,9.88,12.0,21.19,0.0,1,18.63,25.0,19.14,0.0,0.1335,0,0.0,,1200.0,26.9063,75.1839
PAN-3,2022-03-02,summer,30.34,46.53,26.23,6.42,8.33,12.0,21.38,0.0,0,26.73,22.3,25.65,0.0356,0.2516,0,0.0,,1200.0,26.9063,75.1839
PAN-3,2022-03-03,summer,27.95,52.1,26.89,0.0,7.71,12.0,21.67,0.0,1,7.26,9.7,7.56,0.0,0.1502,0,0.0,,1200.0,26.9063,75.1839
PAN-3,2022-03-04,summer,32.47,56.13,21.67,0.0,10.27,12.0,21.99,0.0,2,13.29,17.3,13.58,0.0513,0.1812,0,0.0,,1200.0,26.9063,75.1839
PAN-3,2022-03-05,summer,28.38,61.42,20.37,1.28,9.3,12.0,22.16,0.0,0,13.01,16.6,14.0,0.015,0.1465,0,0.0,,1200.0,26.9063,75.1839
PAN-3,2022-03-06,summer,32.44,65.86,16.19,9.84,11.37,12.28,21.66,0.0,0,11.14,11.9,11.21,0.0,0.1023,0,0.0,,1200.0,26.9063,75.1839
PAN-3,2022-03-07,summer,29.42,59.77,24.92,0.0,9.25,12.0,22.35,0.0,1,18.53,22.4,17.9,0.0,0.1373,0,0.0,,1200.0,26.9063,75.1839
PAN-3,2022-03-08,summer,31.61,51.4,22.3,1.87,9.57,12.0,22.63,0.0,0,2.95,10.6,3.12,0.0,0.1739,0,0.0,,1200.0,26.9063,75.1839
PAN-3,2022-03-09,summer,29.46,54.26,32.47,0.0,8.34,12.0,22.99,0.0,1,9.56,20.2,8.68,0.0208,0.0977,0,0.0,,1200.0,26.9063,75.1839
PAN-3,2022-03-10,summer,25.26,39.29,22.63,13.3,8.56,12.36,22.31,0.0,0,6.42,13.9,6.16,0.0409,0.0534,0,0.0,,1200.0,26.9063,75.1839
PAN-3,2022-03-11,summer,32.1,44.45,12.3,0.0,10.0,12.0,23.13,0.0,1,13.29,16.8,12.93,0.0,0.2039,0,0.0,,1200.0,26.9063,75.1839
PAN-3,2022-03-12,summer,31.35,39.84,12.13,5.81,9.87,12.0,23.22,0.0,0,0.0,9.2,0.0,0.0621,0.1339,0,0.0,,1200.0,26.9063,75.1839
PAN-3,2022-03-13,summer,31.52,47.96,21.85,0.0,8.32,12.0,23.56,0.0,1,21.39,33.1,21.52,0.0232,0.1895,0,0.0,,1200.0,26.9063,75.1839
PAN-3,2022-03-14,summer,32.58,52.03,13.66,0.0,10.94,12.0,23.81,0.0,2,0.0,5.2,0.0,0.0,0.1406,0,0.0,,1200.0,26.9063,75.1839
PAN-3,2022-03-15,summer,31.52,39.98,14.93,5.16,8.78,12.0,23.95,0.0,0,0.16,8.4,0.0,0.0181,0.0735,0,0.0,,1200.0,26.9063,75.1839
PAN-3,2022-03-16,summer,30.04,37.61,15.8,0.0,11.99,12.0,24.28,0.0,1,8.82,5.9,7.73,0.015,0.1947,0,0.0,,1200.0,26.9063,75.1839
PAN-3,2022-03-17,summer,32.35,33.73,15.08,0.0,10.01,12.0,24.64,0.0,2,0.0,6.4,0.0,0.0898,0.0978,0,0.0,,1200.0,26.9063,75.1839
PAN-3,2022-03-18,summer,33.97,29.47,13.39,2.66,10.04,12.0,24.95,0.0,0,0.25,14.6,0.0,0.227,0.1339,0,0.0,,1200.0,26.9063,75.1839
PAN-3,2022-03-19,summer,31.66,37.67,15.45,0.0,10.65,12.0,25.29,0.0,1,13.25,10.7,13.7,0.1614,0.1859,0,0.0,,1200.0,26.9063,75.1839
PAN-3,2022-03-20,summer,30.78,29.11,10.45,0.0,12.28,11.75,24.27,0.0,2,1.22,1.8,0.0,0.0312,0.1325,0,0.0,,1200.0,26.9063,75.1839
PAN-3,2022-03-21,summer,27.34,34.54,10.71,0.0,11.08,12.0,24.06,0.0,3,0.0,19.6,0.0,0.0,0.1029,0,0.0,,1200.0,26.9063,75.1839
PAN-3,2022-03-22,summer,32.68,33.8,2.43,0.0,10.67,12.0,24.21,0.0,4,0.71,11.0,0.0,0.0066,0.1581,0,0.0,,1200.0,26.9063,75.1839
PAN-3,2022-03-23,summer,30.07,36.5,1.3,0.0,10.93,12.0,24.32,0.0,5,0.0,7.4,0.0,0.043,0.1171,0,0.0,,1200.0,26.9063,75.1839
PAN-3,2022-03-24,summer,34.78,46.18,4.62,0.0,9.46,12.0,24.48,0.0,6,0.22,3.6,0.0,0.0735,0.0,0,0.0,,1200.0,26.9063,75.1839
PAN-3,2022-03-25,summer,32.53,31.18,10.28,0.0,11.44,12.0,24.79,0.0,7,0.0,9.3,0.0,0.0847,0.1947,0,0.0,,1200.0,26.9063,75.1839
PAN-3,2022-03-26,summer,32.32,26.9,7.05,0.0,10.92,12.0,25.04,0.0,8,2.95,14.7,2.65,0.1653,0.1595,0,0.0,,1200.0,26.9063,75.1839
PAN-3,2022-03-27,summer,31.83,54.34,13.05,0.0,10.69,11.83,24.36,0.0,9,0.0,7.1,0.0,0.0232,0.1343,0,0.0,,1200.0,26.9063,75.1839
PAN-3,2022-03-28,summer,32.0,56.63,9.32,0.0,11.95,12.0,24.24,0.0,10,0.0,10.1,0.0,0.0,0.1191,0,0.0,,1200.0,26.9063,75.1839
PAN-3,2022-03-29,summer,32.19,24.5,8.17,0.0,13.0,12.0,24.54,0.0,11,0.0,18.4,0.0,0.0858,0.0442,0,0.0,,1200.0,26.9063,75.1839
PAN-3,2022-03-30,summer,30.72,37.49,9.4,0.0,9.71,12.0,24.76,0.0,12,0.0,15.1,0.0,0.0713,0.1008,0,0.0,,1200.0,26.9063,75.1839
PAN-3,2022-03-31,summer,31.0,37.96,14.37,0.0,13.0,12.0,25.09,0.0,13,0.0,8.5,0.0,0.2008,0.0762,0,0.0,,1200.0,26.9063,75.1839
PAN-3,2022-04-01,summer,32.69,29.11,10.01,0.0,8.57,11.78,24.12,0.0,14,37.98,21.6,27.03,0.0,0.2758,0,0.0,,1200.0,26.9063,75.1839
PAN-3,2022-04-02,summer,35.05,32.11,3.69,0.0,12.5,12.0,23.95,0.0,15,0.66,20.8,0.0,0.0615,0.0639,0,0.0,,1200.0,26.9063,75.1839
PAN-3,2022-04-03,summer,28.89,33.32,5.96,0.0,9.86,12.0,24.12,0.0,16,0.0,15.7,0.0,0.0034,0.1646,0,0.0,,1200.0,26.9063,75.1839
PAN-3,2022-04-04,summer,34.13,50.04,0.0,0.0,12.64,12.0,24.21,0.0,17,1.06,5.5,0.0,0.0281,0.1096,0,0.0,,1200.0,26.9063,75.1839
PAN-3,2022-04-05,summer,31.64,36.64,20.56,0.0,12.34,12.0,24.66,0.0,18,0.47,11.4,0.0,0.0514,0.0661,0,0.0,,1200.0,26.9063,75.1839
PAN-3,2022-04-06,summer,31.5,31.51,11.31,0.0,9.79,12.0,24.95,0.0,19,0.0,7.9,0.0,0.1173,0.1746,0,0.0,,1200.0,26.9063,75.1839
PAN-3,2022-04-07,summer,30.49,24.33,11.43,0.0,9.34,12.0,25.25,0.0,20,0.0,0.9,0.0,0.1614,0.061,0,0.0,,1200.0,26.9063,75.1839
PAN-3,2022-04-08,summer,30.79,41.48,6.5,3.4,8.44,11.87,24.8,0.0,0,0.0,10.5,0.0,0.0794,0.1719,0,0.0,,1200.0,26.9063,75.1839
PAN-3,2022-04-09,summer,31.21,38.14,4.81,0.0,10.8,12.0,24.73,0.0,1,1.76,6.2,0.91,0.0431,0.0616,0,0.0,,1200.0,26.9063,75.1839
PAN-3,2022-04-10,summer,30.72,35.77,3.84,0.0,9.61,12.0,24.87,0.0,2,0.06,3.0,0.0,0.0803,0.0,0,0.0,,1200.0,26.9063,75.1839
PAN-3,2022-04-11,summer,32.14,32.24,8.47,0.0,11.73,12.0,25.13,0.0,3,1.19,0.0,0.0,0.1224,0.07,0,0.0,,1200.0,26.9063,75.1839
PAN-3,2022-04-12,summer,28.45,38.19,4.03,0.0,10.79,11.9,24.92,0.0,4,0.0,16.5,0.0,0.1027,0.0632,0,0.0,,1200.0,26.9063,75.1839
PAN-3,2022-04-13,summer,33.84,28.91,11.36,0.0,10.12,12.0,25.09,0.0,5,0.0,12.0,0.0,0.1692,0.1034,0,0.0,,1200.0,26.9063,75.1839
PAN-3,2022-04-14,summer,34.58,25.28,6.15,0.0,12.0,11.78,24.12,0.0,6,0.26,11.5,0.0,0.0086,0.1058,0,0.0,,1200.0,26.9063,75.1839
PAN-3,2022-04-15,summer,31.65,38.17,8.58,0.0,12.71,12.0,23.99,0.0,7,11.18,6.2,8.43,0.0,0.0956,0,0.0,,1200.0,26.9063,75.1839
PAN-3,2022-04-16,summer,33.22,19.99,14.71,0.0,9.85,12.0,24.44,0.0,8,0.0,0.0,0.0,0.0405,0.1587,0,0.0,,1200.0,26.9063,75.1839
PAN-3,2022-04-17,summer,32.32,32.85,4.38,0.55,9.99,12.0,24.62,0.0,9,0.0,0.0,0.0,0.0849,0.1687,0,0.0,,1200.0,26.9063,75.1839
PAN-3,2022-04-18,summer,31.87,23.92,3.84,0.0,13.0,12.0,24.83,0.0,10,0.94,9.8,0.0,0.0286,0.014,0,0.0,,1200.0,26.9063,75.1839
PAN-3,2022-04-19,summer,29.44,25.94,12.51,0.0,11.35,12.0,25.14,0.0,11,0.0,13.5,0.0,0.1041,0.158,0,0.0,,1200.0,26.9063,75.1839
PAN-3,2022-04-20,summer,31.31,33.76,2.6,0.0,10.0,11.89,24.9,0.0,12,7.39,17.7,7.3,0.1747,0.142,0,0.0,,1200.0,26.9063,75.1839
PAN-3,2022-04-21,summer,35.09,31.75,2.11,0.0,10.43,12.0,24.87,0.0,13,0.0,0.2,0.0,0.1287,0.0138,0,0.0,,1200.0,26.9063,75.1839
PAN-3,2022-04-22,summer,33.22,18.7,7.79,0.0,10.6,12.0,25.18,0.0,14,0.0,4.9,0.0,0.0917,0.1857,0,0.0,,1200.0,26.9063,75.1839
PAN-3,2022-04-23,summer,32.41,28.68,10.08,0.0,10.96,11.76,24.1,0.0,15,0.0,11.7,0.0,0.0,0.118,0,0.0,,1200.0,26.9063,75.1839
PAN-3,2022-04-24,summer,30.93,40.09,3.98,0.0,9.26,12.0,23.82,0.0,16,0.0,0.0,0.0,0.0,0.0799,0,0.0,,1200.0,26.9063,75.1839
PAN-3,2022-04-25,summer,32.52,36.54,11.82,0.0,13.0,12.0,24.14,0.0,17,0.22,8.4,0.0,0.0305,0.1096,0,0.0,,1200.0,26.9063,75.1839
PAN-3,2022-04-26,summer,33.05,36.8,8.29,0.0,11.05,12.0,24.39,0.0,18,7.01,10.0,6.36,0.1164,0.1341,0,0.0,,1200.0,26.9063,75.1839
PAN-3,2022-04-27,summer,31.54,28.59,8.08,0.0,10.79,12.0,24.64,0.0,19,0.0,9.6,0.0,0.1134,0.0605,0,0.0,,1200.0,26.9063,75.1839
PAN-3,2022-04-28,summer,29.64,25.24,6.37,0.0,12.81,12.0,24.86,0.0,20,1.04,0.0,0.0,0.1207,0.1616,0,0.0,,1200.0,26.9063,75.1839
PAN-3,2022-04-29,summer,32.02,38.62,5.81,0.0,11.01,12.0,25.05,0.0,21,0.0,4.5,0.0,0.0414,0.2035,0,0.0,,1200.0,26.9063,75.1839
PAN-3,2022-04-30,summer,37.21,33.97,10.64,0.0,11.28,11.71,23.54,0.0,22,5.6,6.8,6.69,0.0,0.0578,0,0.0,,1200.0,26.9063,75.1839
PAN-3,2022-05-01,summer,30.67,38.13,3.19,0.0,9.26,12.0,23.18,0.0,23,0.18,15.5,0.0,0.0,0.0947,0,0.0,,1200.0,26.9063,75.1839
PAN-3,2022-05-02,summer,32.69,36.0,3.02,0.0,12.47,12.0,23.34,0.0,24,11.97,26.9,11.63,0.0,0.19,0,0.0,,1200.0,26.9063,75.1839
PAN-3,2022-05-03,summer,35.11,41.57,0.0,0.0,11.89,12.0,23.45,0.0,25,0.0,11.3,0.0,0.0,0.1045,0,0.0,,1200.0,26.9063,75.1839
PAN-3,2022-05-04,summer,32.29,38.4,7.27,0.0,11.56,12.0,23.67,0.0,26,13.62,22.5,14.84,0.0,0.2896,0,0.0,,1200.0,26.9063,75.1839
PAN-3,2022-05-05,summer,34.52,17.39,14.11,0.0,11.34,12.0,24.18,0.0,27,0.12,14.3,0.0,0.0167,0.2441,0,0.0,,1200.0,26.9063,75.1839
PAN-3,2022-05-06,summer,30.31,35.06,10.02,0.0,11.09,12.0,24.43,0.0,28,0.95,8.2,0.0,0.0891,0.1472,0,0.0,,1200.0,26.9063,75.1839
PAN-3,2022-05-07,summer,31.2,46.47,10.52,11.74,8.95,12.47,23.51,0.0,0,0.96,17.1,0.0,0.0054,0.0,0,0.0,,1200.0,26.9063,75.1839
PAN-3,2022-05-08,summer,32.59,30.52,17.25,0.0,10.69,12.0,24.73,0.0,1,1.17,0.0,0.0,0.0456,0.1213,0,0.0,,1200.0,26.9063,75.1839
PAN-3,2022-05-09,summer,36.72,30.97,9.27,0.0,9.8,12.0,25.07,0.0,2,0.0,11.9,0.0,0.1013,0.1511,0,0.0,,1200.0,26.9063,75.1839
PAN-3,2022-05-10,summer,34.05,43.51,10.18,0.0,10.84,11.8,24.18,0.0,3,0.0,10.4,0.0,0.0,0.0231,0,0.0,,1200.0,26.9063,75.1839
PAN-3,2022-05-11,summer,31.24,33.86,6.32,0.0,9.71,12.0,24.03,0.0,4,0.07,4.8,0.0,0.0,0.0992,0,0.0,,1200.0,26.9063,75.1839
PAN-3,2022-05-12,summer,32.89,27.54,9.3,0.0,10.17,12.0,24.32,0.0,5,0.0,6.3,0.0,0.0315,0.1592,0,0.0,,1200.0,26.9063,75.1839
PAN-3,2022-05-13,summer,31.29,41.66,2.35,0.0,12.17,12.0,24.45,0.0,6,16.71,28.2,16.04,0.0,0.2267,0,0.0,,1200.0,26.9063,75.1839
PAN-3,2022-05-14,summer,32.1,34.59,11.65,0.0,10.05,12.0,24.74,0.0,7,1.1,10.4,2.18,0.1628,0.0864,0,0.0,,1200.0,26.9063,75.1839
PAN-3,2022-05-15,summer,33.48,42.15,6.4,0.0,11.41,12.0,24.95,0.0,8,8.33,17.5,7.33,0.1288,0.0373,0,0.0,,1200.0,26.9063,75.1839
PAN-3,2022-05-16,summer,29.8,37.09,5.98,0.0,12.07,12.0,25.13,0.0,9,11.79,21.5,10.15,0.1871,0.1383,0,0.0,,1200.0,26.9063,75.1839
PAN-3,2022-05-17,summer,32.25,30.72,5.4,0.0,12.3,11.83,24.49,0.0,10,10.79,24.6,12.42,0.0179,0.1812,0,0.0,,1200.0,26.9063,75.1839
PAN-3,2022-05-18,summer,30.38,44.07,2.33,0.0,9.89,12.0,24.3,0.0,11,0.0,0.0,0.0,0.0059,0.0991,0,0.0,,1200.0,26.9063,75.1839
PAN-3,2022-05-19,summer,31.62,28.0,5.19,0.0,12.74,12.0,24.52,0.0,12,0.34,1.5,0.0,0.0429,0.1539,0,0.0,,1200.0,26.9063,75.1839
PAN-3,2022-05-20,summer,30.42,37.2,11.88,0.0,10.34,12.0,24.78,0.0,13,0.3,2.9,0.0,0.0928,0.1545,0,0.0,,1200.0,26.9063,75.1839
PAN-3,2022-05-21,summer,32.4,41.35,1.02,0.0,11.07,12.0,24.89,0.0,14,0.0,11.9,0.0,0.0754,0.0,0,0.0,,1200.0,26.9063,75.1839
PAN-3,2022-05-22,summer,28.88,23.44,14.52,0.0,8.93,12.0,25.21,0.0,15,0.42,7.8,0.0,0.1039,0.0556,0,0.0,,1200.0,26.9063,75.1839
PAN-3,2022-05-23,summer,33.16,45.62,2.18,0.0,11.66,11.9,25.03,0.0,16,0.15,17.3,0.0,0.1338,0.0746,0,0.0,,1200.0,26.9063,75.1839
PAN-3,2022-05-24,summer,34.61,44.53,12.54,0.0,10.04,11.78,23.77,0.0,17,0.1,5.9,0.0,0.0,0.0615,0,0.0,,1200.0,26.9063,75.1839
PAN-3,2022-05-25,summer,30.16,26.92,9.1,0.0,9.92,12.0,23.65,0.0,18,0.06,11.0,0.0,0.0,0.1008,0,0.0,,1200.0,26.9063,75.1839
PAN-3,2022-05-26,summer,29.67,47.81,9.72,0.0,9.27,12.0,23.83,0.0,19,12.2,12.7,11.59,0.0724,0.1618,0,0.0,,1200.0,26.9063,75.1839
PAN-3,2022-05-27,summer,28.9,29.19,7.23,0.0,11.34,12.0,24.04,0.0,20,0.42,2.8,0.0,0.0033,0.1133,0,0.0,,1200.0,26.9063,75.1839
PAN-3,2022-05-28,summer,34.11,37.14,9.32,0.0,9.68,12.0,24.31,0.0,21,0.58,7.3,0.0,0.0842,0.0554,0,0.0,,1200.0,26.9063,75.1839
PAN-3,2022-05-29,summer,32.56,31.44,7.63,2.83,10.6,12.0,24.47,0.0,0,13.28,25.6,11.83,0.0598,0.2444,0,0.0,,1200.0,26.9063,75.1839
PAN-3,2022-05-30,summer,31.1,45.68,2.05,11.57,8.59,12.82,22.9,0.0,0,0.21,8.1,0.0,0.0,0.062,0,0.0,,1200.0,26.9063,75.1839
PAN-3,2022-05-31,summer,32.44,42.13,1.74,0.0,11.12,12.41,23.65,0.0,1,11.35,20.1,9.75,0.0469,0.1801,0,0.0,,1200.0,26.9063,75.1839
PAN-3,2022-06-01,summer,30.23,42.59,0.25,0.0,10.42,12.13,24.19,0.0,2,4.04,4.9,4.06,0.0906,0.1313,0,0.0,,1200.0,26.9063,75.1839
PAN-3,2022-06-02,summer,29.83,50.19,10.35,0.0,9.25,12.0,24.59,0.0,3,5.3,14.6,5.0,0.0504,0.1684,0,0.0,,1200.0,26.9063,75.1839
PAN-3,2022-06-03,summer,27.22,50.11,5.51,0.0,9.91,12.0,24.7,0.0,4,0.0,1.8,0.0,0.1048,0.0886,0,0.0,,1200.0,26.9063,75.1839
PAN-3,2022-06-04,summer,29.77,35.49,10.72,12.14,10.38,12.38,23.94,0.0,0,6.97,13.5,6.4,0.007,0.1183,0,0.0,,1200.0,26.9063,75.1839
PAN-3,2022-06-05,summer,29.76,33.82,7.36,0.0,9.26,12.0,24.78,0.0,1,2.26,18.0,2.05,0.0817,0.1572,0,0.0,,1200.0,26.9063,75.1839
PAN-3,2022-06-06,summer,33.19,47.4,11.26,2.35,11.52,12.0,24.97,0.0,0,0.0,3.5,0.0,0.0609,0.1917,0,0.0,,1200.0,26.9063,75.1839
PAN-3,2022-06-07,summer,33.55,53.79,11.28,0.0,10.45,12.0,25.19,0.0,1,0.72,8.7,0.0,0.1873,0.0858,0,0.0,,1200.0,26.9063,75.1839
PAN-3,2022-06-08,summer,31.8,42.23,14.85,0.0,12.24,11.74,24.02,0.0,2,0.0,10.0,0.0,0.0601,0.1253,0,0.0,,1200.0,26.9063,75.1839
PAN-3,2022-06-09,summer,32.46,43.55,14.05,0.0,10.32,12.0,23.87,0.0,3,0.11,16.5,0.0,0.0535,0.1115,0,0.0,,1200.0,26.9063,75.1839
PAN-3,2022-06-10,summer,29.87,32.35,8.21,6.83,10.11,12.0,23.89,0.0,0,3.49,18.0,4.0,0.0,0.0747,0,0.0,,1200.0,26.9063,75.1839
PAN-3,2022-06-11,summer,30.16,27.6,4.29,0.0,9.78,12.0,24.06,0.0,1,12.15,19.1,14.88,0.0,0.2432,0,0.0,,1200.0,26.9063,75.1839
PAN-3,2022-06-12,summer,31.13,44.47,8.53,0.0,9.99,12.0,24.25,0.0,2,0.0,0.7,0.0,0.048,0.045,0,0.0,,1200.0,26.9063,75.1839
PAN-3,2022-06-13,summer,29.2,37.21,8.77,0.0,11.5,12.0,24.46,0.0,3,11.25,19.0,10.56,0.0247,0.1956,0,0.0,,1200.0,26.9063,75.1839
PAN-3,2022-06-14,summer,31.07,51.7,6.34,0.0,9.47,12.0,24.6,0.0,4,25.86,28.0,22.99,0.0952,0.3322,0,0.0,,1200.0,26.9063,75.1839
PAN-3,2022-06-15,summer,28.79,38.45,3.65,0.0,9.8,12.0,24.72,0.0,5,0.0,22.8,0.0,0.1076,0.1364,0,0.0,,1200.0,26.9063,75.1839
PAN-3,2022-06-16,summer,27.64,53.24,3.74,0.0,11.21,12.0,24.81,0.0,6,8.37,13.1,8.96,0.0245,0.1361,0,0.0,,1200.0,26.9063,75.1839
PAN-3,2022-06-17,summer,30.63,29.1,5.59,0.0,8.69,12.0,24.99,0.0,7,2.76,10.3,1.32,0.1341,0.2085,0,0.0,,1200.0,26.9063,75.1839
PAN-3,2022-06-18,summer,30.33,22.49,9.13,0.0,10.85,12.0,25.27,0.0,8,3.35,10.1,2.79,0.1185,0.0926,0,0.0,,1200.0,26.9063,75.1839
PAN-3,2022-06-19,summer,29.63,38.47,6.08,0.0,9.63,11.87,24.92,0.0,9,0.98,8.7,0.0,0.1095,0.0887,0,0.0,,1200.0,26.9063,75.1839
PAN-3,2022-06-20,summer,28.75,43.48,16.39,0.0,13.0,12.0,24.98,0.0,10,0.0,16.4,0.0,0.0996,0.0323,0,0.0,,1200.0,26.9063,75.1839
PAN-3,2022-06-21,summer,33.09,39.67,8.73,0.0,12.4,12.0,25.24,0.0,11,0.44,15.5,0.0,0.1743,0.1362,0,0.0,,1200.0,26.9063,75.1839
PAN-3,2022-06-22,summer,30.44,49.4,3.21,0.0,9.47,11.91,25.17,0.0,12,0.7,1.8,0.0,0.1693,0.1013,0,0.0,,1200.0,26.9063,75.1839
PAN-3,2022-06-23,summer,30.84,30.44,5.67,0.0,10.34,11.85,24.49,0.0,13,7.3,10.7,7.55,0.0857,0.0746,0,0.0,,1200.0,26.9063,75.1839
PAN-3,2022-06-24,summer,30.32,36.95,14.06,0.0,10.81,12.0,24.53,0.0,14,0.0,6.9,0.0,0.0814,0.0178,0,0.0,,1200.0,26.9063,75.1839
PAN-3,2022-06-25,summer,29.79,42.45,9.21,0.0,11.44,12.0,24.73,0.0,15,0.0,0.0,0.0,0.0851,0.1542,0,0.0,,1200.0,26.9063,75.1839
PAN-3,2022-06-26,summer,29.8,44.99,8.07,0.0,10.75,12.0,24.91,0.0,16,0.0,17.3,0.0,0.0761,0.1508,0,0.0,,1200.0,26.9063,75.1839
PAN-3,2022-06-27,summer,28.83,43.32,6.35,2.92,10.86,12.0,24.98,0.0,0,13.73,16.1,11.85,0.0608,0.2609,0,0.0,,1200.0,26.9063,75.1839
PAN-3,2022-06-28,summer,27.48,31.58,9.89,0.0,12.57,12.0,25.21,0.0,1,4.76,9.0,4.53,0.0761,0.1603,0,0.0,,1200.0,26.9063,75.1839
PAN-3,2022-06-29,summer,27.61,48.64,3.99,0.0,9.67,11.92,25.16,0.0,2,1.07,7.4,0.0,0.162,0.0873,0,0.0,,1200.0,26.9063,75.1839
PAN-3,2022-06-30,summer,29.24,37.43,13.02,0.0,12.05,11.78,24.08,0.0,3,0.08,10.7,0.0,0.0096,0.0958,0,0.0,,1200.0,26.9063,75.1839
PAN-3,2022-07-01,monsoon,31.26,44.44,10.45,0.0,13.0,12.0,23.95,0.0,4,6.79,15.0,6.88,0.0296,0.1356,0,0.0,,1200.0,26.9063,75.1839
PAN-3,2022-07-02,monsoon,28.47,39.62,8.37,3.32,10.2,12.0,24.03,0.0,0,2.72,14.9,2.49,0.0165,0.1378,0,0.0,,1200.0,26.9063,75.1839
PAN-3,2022-07-03,monsoon,25.54,52.43,12.4,0.0,10.01,12.0,24.18,0.0,1,8.9,10.3,9.89,0.056,0.2048,0,0.0,,1200.0,26.9063,75.1839
PAN-3,2022-07-04,monsoon,29.15,47.89,6.61,0.0,11.62,12.0,24.33,0.0,2,3.85,14.8,3.11,0.0,0.1324,0,0.0,,1200.0,26.9063,75.1839
PAN-3,2022-07-05,monsoon,30.0,49.82,15.85,3.55,13.0,12.0,24.5,0.0,0,8.78,7.5,8.37,0.0889,0.156,0,0.0,,1200.0,26.9063,75.1839
PAN-3,2022-07-06,monsoon,31.2,53.82,11.22,6.7,9.56,12.02,24.45,0.0,0,3.04,9.4,2.63,0.0767,0.1139,0,0.0,,1200.0,26.9063,75.1839
PAN-3,2022-07-07,monsoon,26.82,42.97,21.15,0.0,11.53,12.0,24.79,0.0,1,1.04,7.3,0.0,0.0362,0.1163,0,0.0,,1200.0,26.9063,75.1839
PAN-3,2022-07-08,monsoon,26.73,57.29,12.89,0.46,10.59,12.0,24.94,0.0,2,6.42,24.8,7.77,0.1118,0.1052,0,0.0,,1200.0,26.9063,75.1839
PAN-3,2022-07-09,monsoon,30.29,47.88,17.46,1.74,10.97,12.0,25.18,0.0,0,8.64,15.8,9.5,0.0976,0.0818,0,0.0,,1200.0,26.9063,75.1839
PAN-3,2022-07-10,monsoon,27.02,53.67,12.17,0.0,9.02,11.88,24.86,0.0,1,13.47,18.1,12.56,0.1356,0.2382,0,0.0,,1200.0,26.9063,75.1839
PAN-3,2022-07-11,monsoon,29.38,47.8,14.63,0.0,8.86,12.0,24.87,0.0,2,18.04,21.4,18.4,0.0872,0.2705,0,0.0,,1200.0,26.9063,75.1839
PAN-3,2022-07-12,monsoon,28.3,52.07,18.83,0.0,9.66,12.0,25.11,0.0,3,6.67,10.9,6.33,0.2028,0.0262,0,0.0,,1200.0,26.9063,75.1839
PAN-3,2022-07-13,monsoon,24.73,47.62,21.09,4.09,10.54,11.82,24.23,0.0,0,14.94,38.8,17.07,0.0612,0.2352,0,0.0,,1200.0,26.9063,75.1839
PAN-3,2022-07-14,monsoon,29.66,54.62,21.27,2.09,11.9,12.0,24.15,0.0,0,1.55,9.2,2.5,0.0,0.1474,0,0.0,,1200.0,26.9063,75.1839
PAN-3,2022-07-15,monsoon,28.08,70.19,26.23,10.04,11.36,12.31,23.55,0.0,0,12.23,19.9,10.9,0.0,0.077,0,0.0,,1200.0,26.9063,75.1839
PAN-3,2022-07-16,monsoon,26.38,57.67,28.47,15.94,7.44,13.07,22.18,0.0,0,19.37,19.5,17.51,0.0,0.258,0,0.0,,1200.0,26.9063,75.1839
PAN-3,2022-07-17,monsoon,26.54,57.87,21.86,12.72,10.22,13.59,21.33,0.0,0,27.88,26.5,29.73,0.0,0.2717,0,0.0,,1200.0,26.9063,75.1839
PAN-3,2022-07-18,monsoon,24.95,65.24,27.43,0.0,9.18,12.94,22.4,0.0,1,1.89,7.8,1.76,0.0379,0.1215,0,0.0,,1200.0,26.9063,75.1839
PAN-3,2022-07-19,monsoon,29.78,56.92,19.61,4.01,8.61,12.54,23.11,0.0,0,26.8,31.3,22.74,0.0,0.2255,0,0.0,,1200.0,26.9063,75.1839
PAN-3,2022-07-20,monsoon,25.76,70.78,25.02,0.0,9.52,12.0,24.15,0.0,1,7.64,19.4,8.52,0.0,0.188,0,0.0,,1200.0,26.9063,75.1839
PAN-3,2022-07-21,monsoon,27.36,62.84,26.62,4.19,12.22,12.0,24.28,0.0,0,13.33,17.6,13.59,0.031,0.2431,0,0.0,,1200.0,26.9063,75.1839
PAN-3,2022-07-22,monsoon,30.4,64.19,29.58,0.0,12.15,12.0,24.6,0.0,1,13.82,19.5,13.36,0.1301,0.1568,0,0.0,,1200.0,26.9063,75.1839
PAN-3,2022-07-23,monsoon,26.09,69.52,30.66,5.96,9.67,12.0,24.62,0.0,0,26.24,29.3,22.04,0.0952,0.2918,0,0.0,,1200.0,26.9063,75.1839
PAN-3,2022-07-24,monsoon,26.83,59.08,27.71,17.53,9.99,12.86,22.96,0.0,0,5.76,25.7,7.82,0.0,0.0874,0,0.0,,1200.0,26.9063,75.1839
PAN-3,2022-07-25,monsoon,28.45,61.71,26.71,0.0,10.05,12.0,24.61,0.0,1,19.7,17.3,20.45,0.0343,0.2464,0,0.0,,1200.0,26.9063,75.1839
PAN-3,2022-07-26,monsoon,27.2,56.61,28.14,16.3,9.92,12.66,23.33,0.0,0,5.2,17.4,4.71,0.0648,0.152,0,0.0,,1200.0,26.9063,75.1839
PAN-3,2022-07-27,monsoon,27.59,75.46,23.8,0.0,5.37,12.25,24.11,0.0,1,26.35,30.0,29.3,0.0304,0.2435,0,0.0,,1200.0,26.9063,75.1839
PAN-3,2022-07-28,monsoon,23.32,69.8,31.32,0.0,10.81,12.0,24.72,0.0,2,27.63,22.8,24.64,0.1048,0.3687,0,0.0,,1200.0,26.9063,75.1839
PAN-3,2022-07-29,monsoon,26.51,65.09,35.04,0.0,8.76,12.0,24.97,0.0,3,22.97,30.2,24.34,0.1421,0.3833,0,0.0,,1200.0,26.9063,75.1839
PAN-3,2022-07-30,monsoon,27.96,80.46,30.81,0.0,8.47,12.0,25.11,0.0,4,43.79,34.2,41.6,0.1474,0.5201,0,0.0,,1200.0,26.9063,75.1839
PAN-3,2022-07-31,monsoon,28.59,72.99,34.84,7.13,9.77,11.93,24.02,0.0,0,21.21,26.2,22.72,0.0513,0.3242,0,0.0,,1200.0,26.9063,75.1839
PAN-3,2022-08-01,monsoon,24.0,72.78,26.15,0.0,8.48,12.0,24.03,0.0,1,40.42,40.6,38.63,0.0,0.2999,0,0.0,,1200.0,26.9063,75.1839
PAN-3,2022-08-02,monsoon,26.88,85.69,35.57,2.58,8.24,12.0,24.06,0.0,0,15.63,24.0,16.62,0.0466,0.2766,0,0.0,,1200.0,26.9063,75.1839
PAN-3,2022-08-03,monsoon,28.7,73.15,39.83,5.19,7.8,12.0,24.15,0.0,0,27.18,45.9,19.82,0.0436,0.2188,0,0.0,,1200.0,26.9063,75.1839
PAN-3,2022-08-04,monsoon,26.06,79.43,29.51,0.0,9.42,12.0,24.28,0.0,1,91.23,71.2,77.93,0.0783,0.6324,0,0.0,,1200.0,26.9063,75.1839
PAN-3,2022-08-05,monsoon,28.58,88.04,34.69,0.0,8.46,12.0,24.38,0.0,2,27.06,35.1,27.34,0.0,0.3017,0,0.0,,1200.0,26.9063,75.1839
PAN-3,2022-08-06,monsoon,27.08,81.87,40.11,0.0,8.08,12.0,24.53,0.0,3,27.89,23.0,28.87,0.0308,0.3256,0,0.0,,1200.0,26.9063,75.1839
PAN-3,2022-08-07,monsoon,23.2,82.01,33.65,4.18,9.76,12.05,24.43,0.0,0,23.48,27.4,25.88,0.0121,0.3719,0,0.0,,1200.0,26.9063,75.1839
PAN-3,2022-08-08,monsoon,21.91,77.71,33.92,2.41,9.11,12.0,24.57,0.0,0,38.31,37.1,35.96,0.0577,0.3288,0,0.0,,1200.0,26.9063,75.1839
PAN-3,2022-08-09,monsoon,25.8,74.78,33.5,2.75,9.05,12.0,24.66,0.0,0,23.49,35.8,24.05,0.0829,0.2552,0,0.0,,1200.0,26.9063,75.1839
PAN-3,2022-08-10,monsoon,27.69,72.39,31.47,2.92,7.69,12.0,24.76,0.0,0,37.28,52.0,38.53,0.0203,0.416,0,0.0,,1200.0,26.9063,75.1839
PAN-3,2022-08-11,monsoon,23.39,91.85,46.55,3.5,9.93,12.13,24.5,0.0,0,25.89,36.0,29.46,0.0672,0.2953,0,0.0,,1200.0,26.9063,75.1839
PAN-3,2022-08-12,monsoon,23.98,77.82,33.98,5.09,8.36,12.18,24.39,0.0,0,36.01,31.7,30.25,0.0536,0.2592,0,0.0,,1200.0,26.9063,75.1839
PAN-3,2022-08-13,monsoon,22.96,86.75,39.09,5.46,7.21,12.45,23.86,0.0,0,28.5,29.4,35.95,0.0615,0.4187,0,0.0,,1200.0,26.9063,75.1839
PAN-3,2022-08-14,monsoon,24.69,81.96,37.28,9.9,8.46,13.02,22.81,0.0,0,38.28,36.1,39.3,0.0226,0.3592,0,0.0,,1200.0,26.9063,75.1839
PAN-3,2022-08-15,monsoon,24.96,78.32,34.77,12.1,9.05,13.74,21.62,0.0,0,37.63,36.4,38.65,0.0,0.3467,0,0.0,,1200.0,26.9063,75.1839
PAN-3,2022-08-16,monsoon,21.0,71.0,32.93,0.0,8.96,13.25,22.43,0.0,1,5.28,16.7,4.72,0.0,0.0806,0,0.0,,1200.0,26.9063,75.1839
PAN-3,2022-08-17,monsoon,26.31,82.86,25.93,3.29,8.49,13.26,22.42,0.0,0,29.46,41.6,28.56,0.0603,0.2839,0,0.0,,1200.0,26.9063,75.1839
PAN-3,2022-08-18,monsoon,25.14,86.01,31.91,9.78,7.38,13.96,21.3,0.0,0,16.86,18.1,16.43,0.0,0.0962,0,0.0,,1200.0,26.9063,75.1839
PAN-3,2022-08-19,monsoon,23.66,67.09,35.13,7.1,8.31,13.99,21.25,0.0,0,47.86,49.5,52.84,0.015,0.472,0,0.0,,1200.0,26.9063,75.1839
PAN-3,2022-08-20,monsoon,24.2,74.78,36.18,5.63,10.05,13.97,21.29,0.0,0,42.03,52.0,46.65,0.0085,0.3364,0,0.0,,1200.0,26.9063,75.1839
PAN-3,2022-08-21,monsoon,23.7,80.79,46.0,0.83,10.29,13.43,22.15,0.0,1,22.62,28.1,23.84,0.0253,0.3783,0,0.0,,1200.0,26.9063,75.1839
PAN-3,2022-08-22,monsoon,25.7,89.18,39.75,8.92,11.28,14.01,21.23,0.0,0,33.89,38.9,31.55,0.0018,0.314,0,0.0,,1200.0,26.9063,75.1839
PAN-3,2022-08-23,monsoon,25.28,86.56,35.56,2.77,10.05,13.96,21.31,0.0,0,21.58,30.3,26.53,0.0,0.3339,0,0.0,,1200.0,26.9063,75.1839
PAN-3,2022-08-24,monsoon,23.63,89.83,38.19,0.0,10.67,13.71,21.69,0.0,1,14.11,13.8,18.56,0.0416,0.205,0,0.0,,1200.0,26.9063,75.1839
PAN-3,2022-08-25,monsoon,28.35,76.55,31.64,9.61,9.23,14.07,21.14,0.0,0,22.86,28.1,24.85,0.0,0.2269,0,0.0,,1200.0,26.9063,75.1839
PAN-3,2022-08-26,monsoon,21.7,92.41,32.46,0.0,7.73,13.94,21.33,0.0,1,23.65,27.4,20.7,0.0527,0.1979,0,0.0,,1200.0,26.9063,75.1839
PAN-3,2022-08-27,monsoon,25.25,93.78,37.75,0.0,10.66,13.78,21.58,0.0,2,23.25,34.8,26.47,0.0572,0.2694,0,0.0,,1200.0,26.9063,75.1839
PAN-3,2022-08-28,monsoon,24.58,72.14,27.14,9.5,5.92,14.29,20.82,0.0,0,23.07,31.1,24.49,0.0,0.1996,0,0.0,,1200.0,26.9063,75.1839
PAN-3,2022-08-29,monsoon,22.09,67.05,31.61,3.89,7.99,14.12,21.07,0.0,0,39.77,36.8,37.79,0.0085,0.3213,0,0.0,,1200.0,26.9063,75.1839
PAN-3,2022-08-30,monsoon,23.55,88.31,33.3,1.66,13.0,14.02,21.23,0.0,0,24.28,35.4,27.81,0.0641,0.3023,0,0.0,,1200.0,26.9063,75.1839
PAN-3,2022-08-31,monsoon,24.09,81.28,30.5,6.73,9.2,14.33,20.77,0.0,0,0.17,16.4,0.0,0.0022,0.0726,0,0.0,,1200.0,26.9063,75.1839
PAN-3,2022-09-01,monsoon,21.98,82.08,39.05,0.0,10.23,13.94,21.36,0.0,1,20.12,26.1,26.07,0.0684,0.2925,0,0.0,,1200.0,26.9063,75.1839
PAN-3,2022-09-02,monsoon,24.31,83.51,23.55,0.0,7.51,13.69,21.74,0.0,2,14.5,14.9,14.01,0.0549,0.1711,0,0.0,,1200.0,26.9063,75.1839
PAN-3,2022-09-03,monsoon,22.89,77.02,31.49,2.79,9.24,13.54,21.98,0.0,0,44.89,52.0,48.01,0.0,0.3647,0,0.0,,1200.0,26.9063,75.1839
PAN-3,2022-09-04,monsoon,20.35,78.96,23.01,2.47,10.06,13.52,22.01,0.0,0,9.17,13.4,8.12,0.0,0.1302,0,0.0,,1200.0,26.9063,75.1839
PAN-3,2022-09-05,monsoon,25.11,80.63,30.89,0.0,9.09,13.12,22.69,0.0,1,24.84,26.1,25.5,0.0597,0.2644,0,0.0,,1200.0,26.9063,75.1839
PAN-3,2022-09-06,monsoon,20.74,79.68,35.17,0.0,8.2,12.77,23.31,0.0,2,36.16,40.0,33.73,0.0033,0.3456,0,0.0,,1200.0,26.9063,75.1839
PAN-3,2022-09-07,monsoon,22.24,74.82,29.66,13.24,9.34,13.66,21.78,0.0,0,11.17,16.9,9.3,0.0236,0.1039,0,0.0,,1200.0,26.9063,75.1839
PAN-3,2022-09-08,monsoon,22.21,81.92,34.95,8.16,9.46,14.12,21.07,0.0,0,2.25,11.1,3.33,0.0031,0.0995,0,0.0,,1200.0,26.9063,75.1839
PAN-3,2022-09-09,monsoon,21.28,73.27,30.98,0.0,9.66,13.67,21.77,0.0,1,28.05,36.4,25.58,0.0657,0.216,0,0.0,,1200.0,26.9063,75.1839
PAN-3,2022-09-10,monsoon,25.06,76.83,30.22,0.0,9.47,13.19,22.56,0.0,2,27.83,27.0,21.56,0.0865,0.2542,0,0.0,,1200.0,26.9063,75.1839
PAN-3,2022-09-11,monsoon,23.88,80.96,30.86,4.03,9.86,13.22,22.52,0.0,0,16.37,28.5,19.33,0.0,0.2803,0,0.0,,1200.0,26.9063,75.1839
PAN-3,2022-09-12,monsoon,21.49,77.02,22.24,0.0,8.47,12.93,23.02,0.0,1,26.49,23.2,23.73,0.0071,0.284,0,0.0,,1200.0,26.9063,75.1839
PAN-3,2022-09-13,monsoon,23.47,90.1,29.27,0.0,10.14,12.74,23.35,0.0,2,14.39,18.3,14.29,0.0,0.1779,0,0.0,,1200.0,26.9063,75.1839
PAN-3,2022-09-14,monsoon,23.13,85.96,26.45,0.0,9.83,12.51,23.79,0.0,3,21.3,34.5,20.51,0.0,0.2351,0,0.0,,1200.0,26.9063,75.1839
PAN-3,2022-09-15,monsoon,22.23,82.5,25.19,7.89,8.78,13.04,22.82,0.0,0,7.83,17.1,7.74,0.0,0.1674,0,0.0,,1200.0,26.9063,75.1839
PAN-3,2022-09-16,monsoon,22.99,80.23,26.89,2.36,10.56,12.94,23.0,0.0,0,49.73,45.1,46.81,0.0194,0.3968,0,0.0,,1200.0,26.9063,75.1839
PAN-3,2022-09-17,monsoon,23.89,67.11,16.82,2.79,8.7,12.83,23.19,0.0,0,4.2,11.2,4.43,0.0234,0.0304,0,0.0,,1200.0,26.9063,75.1839
PAN-3,2022-09-18,monsoon,21.04,87.46,21.5,10.45,8.1,13.73,21.67,0.0,0,1.01,9.3,0.0,0.0,0.0732,0,0.0,,1200.0,26.9063,75.1839
PAN-3,2022-09-19,monsoon,21.67,91.42,22.38,1.51,8.22,13.77,21.6,0.0,0,1.16,9.9,1.49,0.0552,0.0907,0,0.0,,1200.0,26.9063,75.1839
PAN-3,2022-09-20,monsoon,21.71,81.61,20.17,2.19,11.07,13.75,21.63,0.0,0,14.04,24.1,17.01,0.0,0.2099,0,0.0,,1200.0,26.9063,75.1839
PAN-3,2022-09-21,monsoon,22.28,65.51,24.1,0.0,8.71,13.26,22.42,0.0,1,14.98,19.8,17.57,0.0484,0.1682,0,0.0,,1200.0,26.9063,75.1839
PAN-3,2022-09-22,monsoon,18.55,73.62,26.78,3.93,10.53,13.31,22.34,0.0,0,14.15,20.8,13.86,0.0,0.2037,0,0.0,,1200.0,26.9063,75.1839
PAN-3,2022-09-23,monsoon,21.25,75.78,13.75,2.91,10.61,13.38,22.23,0.0,0,6.15,13.2,5.61,0.0056,0.0682,0,0.0,,1200.0,26.9063,75.1839
PAN-3,2022-09-24,monsoon,21.71,77.08,20.54,14.11,9.01,14.51,20.49,0.0,0,0.0,0.0,0.0,0.0,0.0437,0,0.0,,1200.0,26.9063,75.1839
PAN-3,2022-09-25,monsoon,21.65,84.87,20.6,3.45,10.07,14.66,20.27,0.0,0,8.56,13.9,9.44,0.0718,0.1526,0,0.0,,1200.0,26.9063,75.1839
PAN-3,2022-09-26,monsoon,19.45,73.86,21.97,0.0,10.23,14.36,20.7,0.0,1,4.25,10.4,5.74,0.0,0.067,0,0.0,,1200.0,26.9063,75.1839
PAN-3,2022-09-27,monsoon,20.37,60.55,14.26,0.0,10.77,14.0,21.23,0.0,2,4.33,0.0,3.75,0.019,0.0649,0,0.0,,1200.0,26.9063,75.1839
PAN-3,2022-09-28,monsoon,21.22,71.23,14.46,0.0,11.5,13.72,21.67,0.0,3,3.9,12.3,3.59,0.0,0.153,0,0.0,,1200.0,26.9063,75.1839
PAN-3,2022-09-29,monsoon,20.71,67.87,16.61,0.0,11.42,13.38,22.22,0.0,4,5.02,8.6,4.41,0.0,0.0712,0,0.0,,1200.0,26.9063,75.1839
PAN-3,2022-09-30,monsoon,20.56,62.65,21.74,0.0,10.46,12.92,23.02,0.0,5,0.05,10.0,0.0,0.0,0.1125,0,0.0,,1200.0,26.9063,75.1839
PAN-3,2022-10-01,other,21.93,63.59,13.53,0.0,10.59,12.57,23.66,0.0,6,0.0,6.1,0.0,0.0,0.1296,0,0.0,,1200.0,26.9063,75.1839
PAN-3,2022-10-02,other,20.52,69.37,12.25,15.35,10.57,13.85,21.47,0.0,0,25.81,23.8,24.59,0.0,0.2405,0,0.0,,1200.0,26.9063,75.1839
PAN-3,2022-10-03,other,22.49,65.05,11.6,0.0,11.08,13.53,21.97,0.0,1,0.42,10.7,0.0,0.0,0.1437,0,0.0,,1200.0,26.9063,75.1839
PAN-3,2022-10-04,other,23.09,77.75,8.34,0.0,10.38,13.36,22.24,0.0,2,0.14,12.5,0.0,0.0596,0.1051,0,0.0,,1200.0,26.9063,75.1839
PAN-3,2022-10-05,other,17.13,80.27,10.68,5.47,9.76,13.79,21.54,0.0,0,0.0,15.9,0.0,0.0166,0.0578,0,0.0,,1200.0,26.9063,75.1839
PAN-3,2022-10-06,other,22.07,78.72,0.0,0.0,9.13,13.73,21.63,0.0,1,0.23,5.9,0.0,0.0432,0.0387,0,0.0,,1200.0,26.9063,75.1839
PAN-3,2022-10-07,other,20.82,63.21,1.64,0.0,11.28,13.6,21.84,0.0,2,10.14,17.1,11.56,0.0615,0.2261,0,0.0,,1200.0,26.9063,75.1839
PAN-3,2022-10-08,other,20.19,62.16,15.9,0.0,11.91,13.22,22.47,0.0,3,3.44,3.6,3.83,0.0,0.1897,0,0.0,,1200.0,26.9063,75.1839
PAN-3,2022-10-09,other,20.79,75.62,8.12,0.0,12.48,13.05,22.76,0.0,4,0.0,5.4,0.0,0.0,0.1708,0,0.0,,1200.0,26.9063,75.1839
PAN-3,2022-10-10,other,21.32,82.66,10.58,0.0,10.7,12.91,23.0,0.0,5,0.0,10.0,0.0,0.0,0.0241,0,0.0,,1200.0,26.9063,75.1839
PAN-3,2022-10-11,other,19.69,69.07,13.68,0.0,13.0,12.63,23.51,0.0,6,0.28,0.0,0.0,0.0,0.1206,0,0.0,,1200.0,26.9063,75.1839
PAN-3,2022-10-12,other,22.35,66.09,5.56,0.0,12.12,12.42,23.9,0.0,7,1.55,2.8,2.52,0.0715,0.1412,0,0.0,,1200.0,26.9063,75.1839
PAN-3,2022-10-13,other,22.87,62.55,11.13,1.02,10.48,12.19,24.35,0.0,0,0.0,15.1,0.0,0.1083,0.0975,0,0.0,,1200.0,26.9063,75.1839
PAN-3,2022-10-14,other,19.16,60.77,11.18,0.0,10.42,12.0,24.76,0.0,1,0.46,8.8,0.0,0.0139,0.061,0,0.0,,1200.0,26.9063,75.1839
PAN-3,2022-10-15,other,20.02,67.16,3.32,0.0,12.16,12.0,24.8,0.0,2,0.46,3.3,0.0,0.1051,0.1034,0,0.0,,1200.0,26.9063,75.1839
PAN-3,2022-10-16,other,19.87,74.41,7.76,0.0,12.14,12.0,24.85,0.0,3,0.0,8.1,0.0,0.2007,0.0832,0,0.0,,1200.0,26.9063,75.1839
PAN-3,2022-10-17,other,22.35,60.24,9.1,0.0,9.44,12.0,24.93,0.0,4,0.26,11.2,0.0,0.1337,0.1048,0,0.0,,1200.0,26.9063,75.1839
PAN-3,2022-10-18,other,18.45,67.26,9.93,0.0,11.45,12.0,24.99,0.0,5,11.84,16.6,10.32,0.1069,0.1334,0,0.0,,1200.0,26.9063,75.1839
PAN-3,2022-10-19,other,18.59,59.53,10.29,0.0,9.77,12.0,25.06,0.0,6,8.31,13.9,8.15,0.151,0.1372,0,0.0,,1200.0,26.9063,75.1839
PAN-3,2022-10-20,other,18.91,66.85,7.11,0.0,11.61,11.96,25.23,0.0,7,0.0,7.0,0.0,0.1989,0.0718,0,0.0,,1200.0,26.9063,75.1839
PAN-3,2022-10-21,other,21.7,62.28,5.2,0.0,10.04,11.95,25.31,0.0,8,0.0,18.6,0.0,0.2173,0.0492,0,0.0,,1200.0,26.9063,75.1839
PAN-3,2022-10-22,other,20.96,73.77,3.62,0.0,12.4,11.97,25.48,0.0,9,0.24,14.6,0.0,0.2245,0.1215,0,0.0,,1200.0,26.9063,75.1839
PAN-3,2022-10-23,other,21.19,77.19,3.7,0.0,9.69,11.97,25.73,0.0,10,15.88,25.6,16.21,0.198,0.334,0,0.0,,1200.0,26.9063,75.1839
PAN-3,2022-10-24,other,21.39,76.36,8.66,0.0,12.52,11.95,26.0,0.08,11,0.0,8.8,0.0,0.2751,0.187,0,0.0,,1200.0,26.9063,75.1839
PAN-3,2022-10-25,other,20.24,59.39,9.35,0.0,12.98,11.88,26.0,0.44,12,1.36,6.8,1.02,0.1493,0.183,0,0.0,,1200.0,26.9063,75.1839
PAN-3,2022-10-26,other,21.67,64.66,7.54,0.0,10.87,11.81,26.14,0.72,13,0.0,1.8,0.0,0.3489,0.1832,0,0.0,,1200.0,26.9063,75.1839
PAN-3,2022-10-27,other,15.44,61.81,6.1,0.0,11.9,11.76,26.39,0.92,14,7.3,16.4,9.28,0.3536,0.1788,0,0.0,,1200.0,26.9063,75.1839
PAN-3,2022-10-28,other,21.36,64.85,10.39,0.0,11.89,11.65,26.5,1.3,15,11.91,25.5,14.37,0.3841,0.2401,0,0.0,,1200.0,26.9063,75.1839
PAN-3,2022-10-29,other,20.05,70.32,6.0,0.0,12.65,11.59,26.74,1.53,16,12.93,18.3,11.25,0.3967,0.1846,0,0.0,,1200.0,26.9063,75.1839
PAN-3,2022-10-30,other,18.53,61.11,8.21,0.0,10.27,11.51,26.93,1.85,17,0.0,11.7,0.0,0.3914,0.14,0,0.0,,1200.0,26.9063,75.1839
PAN-3,2022-10-31,other,19.86,69.41,8.17,0.0,10.27,11.43,27.18,2.14,18,0.24,1.9,0.0,0.4499,0.1813,0,0.0,,1200.0,26.9063,75.1839
PAN-3,2022-11-01,other,19.11,74.13,5.2,0.0,12.42,11.37,27.51,2.35,19,0.0,3.3,0.0,0.4617,0.2432,0,0.0,,1200.0,26.9063,75.1839
PAN-3,2022-11-02,other,20.82,85.29,10.36,0.0,10.85,11.32,27.86,2.55,20,16.38,12.4,15.78,0.5675,0.4013,0,0.0,,1200.0,26.9063,75.1839
PAN-3,2022-11-03,other,23.65,66.86,8.81,0.0,11.87,11.18,27.71,3.09,21,0.0,12.0,0.0,0.5721,0.1115,0,0.0,,1200.0,26.9063,75.1839
PAN-3,2022-11-04,other,18.29,65.38,5.65,3.18,12.27,11.33,27.21,3.39,0,0.0,0.0,0.0,0.3642,0.2168,0,0.0,,1200.0,26.9063,75.1839
PAN-3,2022-11-05,other,22.5,74.38,12.64,0.0,9.35,11.1,27.68,3.78,1,2.41,14.0,1.89,0.4855,0.3161,0,0.0,,1200.0,26.9063,75.1839
PAN-3,2022-11-06,other,21.48,65.07,21.01,0.0,10.88,10.77,27.73,4.63,2,1.19,15.3,0.0,0.5095,0.2066,0,0.0,,1200.0,26.9063,75.1839
PAN-3,2022-11-07,other,17.92,84.09,7.46,0.0,10.05,10.73,27.92,4.78,3,1.05,7.3,0.0,0.5855,0.2113,0,0.0,,1200.0,26.9063,75.1839
PAN-3,2022-11-08,other,22.15,58.59,12.69,0.0,10.24,10.53,27.59,5.52,4,3.33,0.6,3.06,0.6435,0.3159,0,0.0,,1200.0,26.9063,75.1839
PAN-3,2022-11-09,other,20.02,64.63,3.01,0.0,13.0,10.46,27.83,5.79,5,5.29,13.8,4.86,0.6777,0.2677,0,0.0,,1200.0,26.9063,75.1839
PAN-3,2022-11-10,other,20.53,74.49,10.22,0.0,12.2,10.36,27.78,6.17,6,0.0,9.7,0.0,0.6748,0.3398,0,0.0,,1200.0,26.9063,75.1839
PAN-3,2022-11-11,other,18.62,76.76,3.51,0.0,12.24,10.0,16.9255,0.4,7,1.08,6.7,2.79,0.7076,0.3382,1,9144.0,harvest,1200.0,26.9063,75.1839
PAN-3,2022-11-12,other,21.84,63.84,6.31,2.65,11.88,11.9,14.77,0.0,0,0.37,7.4,0.0,0.0482,0.1346,0,0.0,,1200.0,26.9063,75.1839
PAN-3,2022-11-13,other,19.2,65.69,0.68,0.0,11.37,12.0,14.7,0.0,1,1.57,6.3,2.43,0.0,0.0083,0,0.0,,1200.0,26.9063,75.1839
PAN-3,2022-11-14,other,22.34,61.51,10.01,0.0,10.36,12.0,14.79,0.0,2,0.0,13.3,0.0,0.01,0.1425,0,0.0,,1200.0,26.9063,75.1839
PAN-3,2022-11-15,other,21.64,80.21,2.72,0.0,9.65,12.0,14.81,0.0,3,0.0,14.7,0.0,0.0,0.0,0,0.0,,1200.0,26.9063,75.1839
PAN-3,2022-11-16,other,23.81,64.03,4.17,0.0,12.35,12.0,14.87,0.0,4,0.0,10.5,0.0,0.0,0.0414,0,0.0,,1200.0,26.9063,75.1839
PAN-3,2022-11-17,other,21.09,61.2,4.57,0.0,10.6,12.0,14.93,0.0,5,1.36,10.0,0.0,0.0,0.0278,0,0.0,,1200.0,26.9063,75.1839
PAN-3,2022-11-18,other,20.45,66.78,11.36,0.0,12.38,12.0,15.01,0.0,6,0.72,6.8,0.0,0.0,0.0367,0,0.0,,1200.0,26.9063,75.1839
PAN-3,2022-11-19,other,20.18,70.91,11.58,0.0,9.41,12.0,15.07,0.0,7,0.0,10.5,0.0,0.0384,0.0333,0,0.0,,1200.0,26.9063,75.1839
PAN-3,2022-11-20,other,22.15,62.54,9.63,0.0,11.24,12.0,15.16,0.0,8,3.14,11.2,3.04,0.0,0.0,0,0.0,,1200.0,26.9063,75.1839
PAN-3,2022-11-21,other,20.76,67.11,5.71,0.0,11.39,12.0,15.21,0.0,9,0.0,0.0,0.0,0.0,0.0,0,0.0,,1200.0,26.9063,75.1839
PAN-3,2022-11-22,other,21.63,59.65,11.91,0.0,10.94,12.0,15.31,0.0,10,9.4,7.4,8.81,0.0,0.1586,0,0.0,,1200.0,26.9063,75.1839
PAN-3,2022-11-23,other,20.39,68.55,16.81,0.0,10.86,12.0,15.4,0.0,11,2.29,10.5,1.43,0.0,0.0085,0,0.0,,1200.0,26.9063,75.1839
PAN-3,2022-11-24,other,20.43,57.84,13.36,0.0,9.17,12.0,15.5,0.0,12,2.75,2.7,2.52,0.0,0.0489,0,0.0,,1200.0,26.9063,75.1839
PAN-3,2022-11-25,other,25.53,63.86,10.26,0.0,12.71,12.0,15.61,0.0,13,6.72,18.4,7.04,0.0111,0.0949,0,0.0,,1200.0,26.9063,75.1839
PAN-3,2022-11-26,other,20.34,58.18,3.86,0.0,10.5,12.0,15.66,0.0,14,0.11,9.8,0.0,0.0482,0.0259,0,0.0,,1200.0,26.9063,75.1839
PAN-3,2022-11-27,other,22.31,71.67,4.79,0.0,10.13,12.0,15.7,0.0,15,22.6,30.1,22.01,0.0744,0.1798,0,0.0,,1200.0,26.9063,75.1839
PAN-3,2022-11-28,other,22.72,52.67,7.57,5.93,10.84,12.26,15.36,0.0,0,0.0,10.0,0.0,0.0484,0.0026,0,0.0,,1200.0,26.9063,75.1839
PAN-3,2022-11-29,other,23.07,71.14,7.61,0.0,11.0,12.05,15.62,0.0,1,0.97,0.0,0.0,0.0,0.104,0,0.0,,1200.0,26.9063,75.1839
PAN-3,2022-11-30,other,20.98,60.64,12.74,1.1,10.17,12.0,15.74,0.0,0,32.86,20.1,26.74,0.0,0.2246,0,0.0,,1200.0,26.9063,75.1839
PAN-3,2022-12-01,other,24.14,68.48,1.82,0.0,9.95,12.0,15.78,0.0,1,5.52,13.9,5.34,0.0136,0.1298,0,0.0,,1200.0,26.9063,75.1839
PAN-3,2022-12-02,other,24.36,72.28,7.14,0.0,10.97,12.0,15.84,0.0,2,0.0,11.0,0.0,0.0,0.0519,0,0.0,,1200.0,26.9063,75.1839
PAN-3,2022-12-03,other,21.69,69.73,13.77,0.0,11.41,12.0,15.93,0.0,3,0.08,3.1,0.0,0.0,0.0824,0,0.0,,1200.0,26.9063,75.1839
PAN-3,2022-12-04,other,20.74,72.84,10.07,0.0,10.88,12.0,15.99,0.0,4,0.0,8.1,0.0,0.0,0.0565,0,0.0,,1200.0,26.9063,75.1839
PAN-3,2022-12-05,other,23.81,67.93,7.79,0.0,13.0,12.0,16.07,0.0,5,0.64,4.0,0.0,0.0,0.0748,0,0.0,,1200.0,26.9063,75.1839
PAN-3,2022-12-06,other,19.63,70.42,10.28,0.0,11.6,12.0,16.13,0.0,6,13.68,8.5,13.01,0.0,0.0542,0,0.0,,1200.0,26.9063,75.1839
PAN-3,2022-12-07,other,23.03,66.12,8.08,0.0,10.73,12.0,16.2,0.0,7,11.96,30.1,10.32,0.0043,0.1784,0,0.0,,1200.0,26.9063,75.1839
PAN-3,2022-12-08,other,23.45,83.83,0.0,0.0,7.98,12.0,16.21,0.0,8,0.31,9.2,0.0,0.0,0.0475,0,0.0,,1200.0,26.9063,75.1839
PAN-3,2022-12-09,other,18.63,51.61,12.55,0.0,9.34,12.0,16.31,0.0,9,10.05,19.3,7.47,0.0,0.0026,0,0.0,,1200.0,26.9063,75.1839
PAN-3,2022-12-10,other,20.47,59.62,8.77,0.0,10.09,12.0,16.39,0.0,10,17.6,28.5,18.5,0.0,0.2018,0,0.0,,1200.0,26.9063,75.1839
PAN-3,2022-12-11,other,24.43,76.59,4.74,0.0,11.08,12.0,16.43,0.0,11,1.52,2.8,1.7,0.0,0.0306,0,0.0,,1200.0,26.9063,75.1839
PAN-3,2022-12-12,other,22.68,62.32,11.62,0.0,9.63,12.0,16.53,0.0,12,10.61,19.5,10.16,0.0,0.1392,0,0.0,,1200.0,26.9063,75.1839
PAN-3,2022-12-13,other,19.87,73.38,16.8,0.0,10.64,12.0,16.61,0.0,13,3.42,10.5,2.82,0.0355,0.1911,0,0.0,,1200.0,26.9063,75.1839
PAN-3,2022-12-14,other,22.39,64.57,4.13,0.0,8.25,12.0,16.66,0.0,14,0.0,13.1,0.0,0.0,0.0228,0,0.0,,1200.0,26.9063,75.1839
PAN-3,2022-12-15,other,22.47,74.98,2.0,0.0,8.65,12.0,16.69,0.0,15,8.21,17.6,9.55,0.0167,0.0786,0,0.0,,1200.0,26.9063,75.1839
PAN-3,2022-12-16,other,24.67,65.33,4.43,0.0,9.37,12.0,16.75,0.0,16,0.24,12.1,0.0,0.0,0.0,0,0.0,,1200.0,26.9063,75.1839
PAN-3,2022-12-17,other,20.96,72.57,10.55,0.0,11.08,12.0,16.81,0.0,17,0.27,0.3,0.0,0.0,0.1709,0,0.0,,1200.0,26.9063,75.1839
PAN-3,2022-12-18,other,22.59,75.53,6.81,0.0,10.63,12.0,16.86,0.0,18,3.26,9.1,3.91,0.0001,0.1135,0,0.0,,1200.0,26.9063,75.1839
PAN-3,2022-12-19,other,22.07,62.54,2.85,0.0,10.97,12.0,16.91,0.0,19,6.65,7.1,6.82,0.0,0.1533,0,0.0,,1200.0,26.9063,75.1839
PAN-3,2022-12-20,other,25.74,66.73,8.28,0.0,10.44,12.0,16.99,0.0,20,0.0,5.6,0.0,0.0272,0.1414,0,0.0,,1200.0,26.9063,75.1839
PAN-3,2022-12-21,other,20.68,53.38,14.27,9.64,10.25,12.54,16.26,0.0,0,0.0,3.6,0.0,0.0274,0.0,0,0.0,,1200.0,26.9063,75.1839
PAN-3,2022-12-22,other,19.06,65.81,13.62,0.0,12.21,12.25,16.65,0.0,1,9.19,25.0,8.19,0.0012,0.1249,0,0.0,,1200.0,26.9063,75.1839
PAN-3,2022-12-23,other,22.67,57.53,4.95,0.0,11.71,12.0,16.99,0.0,2,17.76,28.6,19.12,0.0881,0.2094,0,0.0,,1200.0,26.9063,75.1839
PAN-3,2022-12-24,other,21.06,70.86,7.01,0.66,10.48,12.0,17.04,0.0,3,0.0,18.1,0.0,0.0,0.0997,0,0.0,,1200.0,26.9063,75.1839
PAN-3,2022-12-25,other,21.39,83.88,7.82,0.0,11.47,12.0,17.07,0.0,4,0.31,3.0,0.0,0.0,0.0462,0,0.0,,1200.0,26.9063,75.1839
PAN-3,2022-12-26,other,24.65,76.13,10.34,19.3,11.39,13.7,14.95,0.0,0,4.1,9.1,4.56,0.0,0.109,0,0.0,,1200.0,26.9063,75.1839
PAN-3,2022-12-27,other,22.52,65.38,2.09,0.0,10.16,13.56,15.1,0.0,1,12.64,19.1,17.08,0.0223,0.2002,0,0.0,,1200.0,26.9063,75.1839
PAN-3,2022-12-28,other,24.04,60.49,9.58,0.0,12.48,13.2,15.52,0.0,2,14.07,22.1,13.1,0.0132,0.1591,0,0.0,,1200.0,26.9063,75.1839
PAN-3,2022-12-29,other,20.91,65.3,8.23,0.0,9.82,12.98,15.78,0.0,3,10.83,18.9,12.01,0.0133,0.1021,0,0.0,,1200.0,26.9063,75.1839
PAN-3,2022-12-30,other,23.35,64.77,12.46,0.0,8.52,12.66,16.18,0.0,4,20.02,20.0,19.87,0.0266,0.1073,0,0.0,,1200.0,26.9063,75.1839
PAN-3,2022-12-31,other,23.19,58.31,8.84,0.0,10.96,12.33,16.61,0.0,5,30.96,29.0,29.1,0.0,0.206,0,0.0,,1200.0,26.9063,75.1839
PAN-3,2023-01-01,other,21.43,88.01,20.67,0.0,9.64,12.18,16.81,0.0,6,10.15,16.8,10.37,0.0,0.0481,0,0.0,,1200.0,26.9063,75.1839
PAN-3,2023-01-02,other,25.12,80.65,28.85,10.54,10.41,12.84,15.95,0.0,0,23.01,23.6,26.07,0.0,0.2192,0,0.0,,1200.0,26.9063,75.1839
PAN-3,2023-01-03,other,21.61,71.06,28.07,16.37,9.71,14.02,14.61,0.0,0,40.31,27.5,33.23,0.0,0.2927,0,0.0,,1200.0,26.9063,75.1839
PAN-3,2023-01-04,other,24.61,88.52,28.34,8.99,7.88,14.71,13.92,0.0,0,3.38,25.2,3.55,0.068,0.0723,0,0.0,,1200.0,26.9063,75.1839
PAN-3,2023-01-05,other,26.2,71.96,31.87,0.5,8.72,14.08,14.54,0.0,1,29.4,31.8,29.72,0.0121,0.3068,0,0.0,,1200.0,26.9063,75.1839
PAN-3,2023-01-06,other,25.55,86.67,30.71,21.56,9.87,15.95,12.84,0.0,0,15.52,29.6,16.09,0.0048,0.1388,0,0.0,,1200.0,26.9063,75.1839
PAN-3,2023-01-07,other,20.8,83.84,24.62,0.79,8.52,15.74,13.01,0.0,1,12.08,10.9,13.35,0.0769,0.1675,0,0.0,,1200.0,26.9063,75.1839
PAN-3,2023-01-08,other,24.05,82.28,29.74,1.92,9.01,15.6,13.13,0.0,0,30.21,30.0,30.73,0.0055,0.2138,0,0.0,,1200.0,26.9063,75.1839
PAN-3,2023-01-09,other,24.66,78.35,38.73,2.22,8.74,15.3,13.39,0.0,0,28.8,35.9,34.55,0.0,0.2327,0,0.0,,1200.0,26.9063,75.1839
PAN-3,2023-01-10,other,24.42,72.67,34.98,0.0,6.59,14.75,13.89,0.0,1,15.99,8.5,13.83,0.0159,0.1502,0,0.0,,1200.0,26.9063,75.1839
PAN-3,2023-01-11,other,27.21,77.33,32.04,0.0,8.78,14.21,14.42,0.0,2,63.4,57.8,55.73,0.0036,0.4467,0,0.0,,1200.0,26.9063,75.1839
PAN-3,2023-01-12,other,26.91,58.14,33.4,6.57,8.0,13.88,14.77,0.0,0,19.26,28.9,21.26,0.0339,0.1549,0,0.0,,1200.0,26.9063,75.1839
PAN-3,2023-01-13,other,24.09,86.34,28.2,0.0,9.26,13.63,15.04,0.0,1,28.34,26.3,28.36,0.0,0.2526,0,0.0,,1200.0,26.9063,75.1839
PAN-3,2023-01-14,other,23.85,65.18,32.38,0.0,9.26,12.93,15.86,0.0,2,45.04,29.6,39.8,0.0414,0.2506,0,0.0,,1200.0,26.9063,75.1839
PAN-3,2023-01-15,other,25.5,85.34,33.54,0.0,8.19,12.61,16.27,0.0,3,12.92,23.6,12.77,0.0,0.0826,0,0.0,,1200.0,26.9063,75.1839
PAN-3,2023-01-16,other,25.28,81.99,32.43,4.46,10.69,12.64,16.23,0.0,0,31.64,25.2,28.62,0.0,0.158,0,0.0,,1200.0,26.9063,75.1839
PAN-3,2023-01-17,other,24.04,83.31,30.33,2.01,9.64,12.51,16.39,0.0,0,22.67,21.1,21.24,0.0,0.1856,0,0.0,,1200.0,26.9063,75.1839
PAN-3,2023-01-18,other,23.6,72.27,33.17,0.0,10.28,12.0,17.11,0.0,1,18.82,29.1,17.65,0.0,0.1557,0,0.0,,1200.0,26.9063,75.1839
PAN-3,2023-01-19,other,25.98,81.58,33.89,0.7,9.18,12.0,17.24,0.0,2,37.73,32.4,38.56,0.0056,0.2574,0,0.0,,1200.0,26.9063,75.1839
PAN-3,2023-01-20,other,25.38,71.29,33.26,11.99,10.63,12.52,16.53,0.0,0,11.57,18.8,11.62,0.0,0.1755,0,0.0,,1200.0,26.9063,75.1839
PAN-3,2023-01-21,other,26.94,78.97,32.34,2.31,9.38,12.24,16.91,0.0,0,30.56,45.1,40.45,0.0026,0.3029,0,0.0,,1200.0,26.9063,75.1839
PAN-3,2023-01-22,other,24.72,81.05,31.25,0.0,8.81,12.0,17.29,0.0,1,27.95,34.2,28.33,0.0,0.313,0,0.0,,1200.0,26.9063,75.1839
PAN-3,2023-01-23,other,25.39,78.52,27.54,0.0,7.95,12.0,17.41,0.0,2,38.45,40.3,38.15,0.0,0.3822,0,0.0,,1200.0,26.9063,75.1839
PAN-3,2023-01-24,other,34.43,68.18,34.23,0.0,9.38,12.0,17.77,0.0,3,25.23,18.1,21.12,0.0,0.1775,0,0.0,,1200.0,26.9063,75.1839
PAN-3,2023-01-25,other,24.13,62.96,39.56,1.65,9.79,12.0,17.99,0.0,0,37.44,41.4,36.33,0.0,0.3104,0,0.0,,1200.0,26.9063,75.1839
PAN-3,2023-01-26,other,24.28,64.96,34.79,1.38,9.84,12.0,18.18,0.0,0,13.76,18.6,13.91,0.0031,0.1798,0,0.0,,1200.0,26.9063,75.1839
PAN-3,2023-01-27,other,24.63,71.35,37.19,0.0,11.26,12.0,18.39,0.0,1,25.67,46.1,26.96,0.0438,0.2332,0,0.0,,1200.0,26.9063,75.1839
PAN-3,2023-01-28,other,25.38,71.19,40.37,0.0,11.47,12.0,18.63,0.0,2,6.32,5.6,6.65,0.0,0.2209,0,0.0,,1200.0,26.9063,75.1839
PAN-3,2023-01-29,other,26.91,82.2,34.68,5.4,8.18,12.1,18.47,0.0,0,35.87,33.5,39.46,0.0,0.358,0,0.0,,1200.0,26.9063,75.1839
PAN-3,2023-01-30,other,27.1,62.95,28.36,7.08,8.66,12.01,18.6,0.0,0,48.93,45.6,41.41,0.0,0.3699,0,0.0,,1200.0,26.9063,75.1839
PAN-3,2023-01-31,other,24.66,74.42,38.18,9.93,7.05,12.43,17.97,0.0,0,18.54,28.9,24.1,0.0,0.2204,0,0.0,,1200.0,26.9063,75.1839
PAN-3,2023-02-01,summer,30.89,63.33,31.0,16.89,7.84,13.1,17.05,0.0,0,27.97,31.2,32.91,0.0391,0.3183,0,0.0,,1200.0,26.9063,75.1839
PAN-3,2023-02-02,summer,27.15,64.87,34.81,2.28,8.85,12.42,17.98,0.0,0,25.75,32.2,26.61,0.0,0.1502,0,0.0,,1200.0,26.9063,75.1839
PAN-3,2023-02-03,summer,28.47,82.67,35.01,3.49,8.31,12.3,18.16,0.0,0,20.96,28.5,19.67,0.0122,0.0847,0,0.0,,1200.0,26.9063,75.1839
PAN-3,2023-02-04,summer,24.87,67.67,39.72,3.12,8.91,12.0,18.67,0.0,0,30.54,35.1,26.36,0.036,0.1835,0,0.0,,1200.0,26.9063,75.1839
PAN-3,2023-02-05,summer,26.18,73.36,33.89,10.74,8.62,12.45,18.0,0.0,0,26.18,43.6,29.97,0.0196,0.2834,0,0.0,,1200.0,26.9063,75.1839
PAN-3,2023-02-06,summer,28.46,69.82,30.31,8.81,9.21,12.58,17.82,0.0,0,35.2,39.6,38.21,0.0391,0.4082,0,0.0,,1200.0,26.9063,75.1839
PAN-3,2023-02-07,summer,23.99,79.78,35.61,11.95,8.09,13.35,16.79,0.0,0,9.4,17.7,10.04,0.0145,0.1608,0,0.0,,1200.0,26.9063,75.1839
PAN-3,2023-02-08,summer,29.76,71.43,36.4,0.0,11.1,12.39,18.09,0.0,1,16.09,15.3,18.04,0.0,0.2896,0,0.0,,1200.0,26.9063,75.1839
PAN-3,2023-02-09,summer,25.74,71.03,32.96,1.21,9.67,12.0,18.73,0.0,0,14.26,17.7,16.11,0.0192,0.1832,0,0.0,,1200.0,26.9063,75.1839
PAN-3,2023-02-10,summer,29.7,81.34,39.59,13.93,7.99,12.79,17.57,0.0,0,8.15,17.7,8.36,0.0577,0.1443,0,0.0,,1200.0,26.9063,75.1839
PAN-3,2023-02-11,summer,28.6,77.21,28.98,0.0,9.26,12.24,18.37,0.0,1,22.42,25.7,21.94,0.0714,0.1578,0,0.0,,1200.0,26.9063,75.1839
PAN-3,2023-02-12,summer,26.93,61.53,41.49,0.0,9.95,12.0,19.01,0.0,2,29.65,38.3,28.15,0.0,0.1775,0,0.0,,1200.0,26.9063,75.1839
PAN-3,2023-02-13,summer,26.31,67.72,39.51,11.8,7.77,12.33,18.49,0.0,0,17.35,18.2,19.48,0.0,0.1301,0,0.0,,1200.0,26.9063,75.1839
PAN-3,2023-02-14,summer,26.93,57.71,36.29,0.0,8.8,12.0,19.23,0.0,1,15.4,18.9,16.62,0.0365,0.229,0,0.0,,1200.0,26.9063,75.1839
PAN-3,2023-02-15,summer,30.08,69.25,38.14,8.89,9.76,12.0,19.28,0.0,0,12.62,18.8,10.96,0.0,0.1301,0,0.0,,1200.0,26.9063,75.1839
PAN-3,2023-02-16,summer,28.4,68.28,29.1,0.0,8.05,12.0,19.49,0.0,1,7.48,7.5,6.47,0.0263,0.0558,0,0.0,,1200.0,26.9063,75.1839
PAN-3,2023-02-17,summer,25.15,50.58,26.65,0.0,7.47,12.0,19.74,0.0,2,48.52,47.2,49.32,0.0,0.3864,0,0.0,,1200.0,26.9063,75.1839
PAN-3,2023-02-18,summer,27.38,61.51,30.64,2.36,8.23,12.0,19.93,0.0,0,18.18,9.4,16.33,0.019,0.2064,0,0.0,,1200.0,26.9063,75.1839
PAN-3,2023-02-19,summer,27.37,57.75,25.76,0.0,7.67,12.0,20.17,0.0,1,16.16,22.3,14.6,0.0,0.2033,0,0.0,,1200.0,26.9063,75.1839
PAN-3,2023-02-20,summer,27.06,63.64,27.59,5.72,9.03,12.0,20.23,0.0,0,21.67,29.9,18.48,0.0,0.182,0,0.0,,1200.0,26.9063,75.1839
PAN-3,2023-02-21,summer,28.1,79.79,24.73,9.33,11.94,12.47,19.46,0.0,0,24.81,34.5,24.25,0.0357,0.178,0,0.0,,1200.0,26.9063,75.1839
PAN-3,2023-02-22,summer,31.24,67.52,30.56,7.75,10.54,12.24,19.83,0.0,0,23.47,26.6,27.1,0.0725,0.3493,0,0.0,,1200.0,26.9063,75.1839
PAN-3,2023-02-23,summer,30.03,55.15,31.87,0.0,8.86,12.0,20.53,0.0,1,16.07,12.6,15.99,0.0,0.1869,0,0.0,,1200.0,26.9063,75.1839
PAN-3,2023-02-24,summer,29.08,48.46,35.4,0.0,7.61,12.0,20.95,0.0,2,42.36,40.7,41.07,0.0117,0.3388,0,0.0,,1200.0,26.9063,75.1839
PAN-3,2023-02-25,summer,27.38,63.42,27.28,0.0,10.06,12.0,21.19,0.0,3,51.73,32.4,42.28,0.0,0.3807,0,0.0,,1200.0,26.9063,75.1839
PAN-3,2023-02-26,summer,30.77,65.66,24.43,0.0,11.37,12.0,21.45,0.0,4,11.96,12.2,11.77,0.0,0.1217,0,0.0,,1200.0,26.9063,75.1839
PAN-3,2023-02-27,summer,30.79,55.3,28.02,6.74,8.14,12.0,21.59,0.0,0,22.33,24.7,21.8,0.0108,0.1737,0,0.0,,1200.0,26.9063,75.1839
PAN-3,2023-02-28,summer,28.45,45.18,26.5,0.0,10.59,12.0,21.97,0.0,1,31.79,36.1,36.26,0.0,0.3951,0,0.0,,1200.0,26.9063,75.1839
PAN-3,2023-03-01,summer,27.81,45.92,21.87,0.0,8.9,12.0,22.26,0.0,2,15.45,24.0,15.53,0.0,0.1743,0,0.0,,1200.0,26.9063,75.1839
PAN-3,2023-03-02,summer,31.42,49.55,24.36,3.98,9.64,12.0,22.51,0.0,0,23.48,39.5,27.25,0.0002,0.2905,0,0.0,,1200.0,26.9063,75.1839
PAN-3,2023-03-03,summer,29.15,60.12,23.95,0.0,8.89,12.0,22.76,0.0,1,25.81,33.3,25.05,0.0,0.2806,0,0.0,,1200.0,26.9063,75.1839
PAN-3,2023-03-04,summer,28.79,65.68,19.58,0.0,8.55,12.0,22.94,0.0,2,22.83,33.3,24.93,0.0349,0.2709,0,0.0,,1200.0,26.9063,75.1839
PAN-3,2023-03-05,summer,32.63,44.0,23.48,11.53,11.52,12.0,23.06,0.0,0,8.84,20.4,7.22,0.0,0.0926,0,0.0,,1200.0,26.9063,75.1839
PAN-3,2023-03-06,summer,28.89,40.51,23.36,0.0,10.95,12.0,23.44,0.0,1,0.98,3.1,1.55,0.0,0.2652,0,0.0,,1200.0,26.9063,75.1839
PAN-3,2023-03-07,summer,26.82,43.0,25.53,5.38,9.2,12.0,23.61,0.0,0,3.4,9.5,3.22,0.0,0.1148,0,0.0,,1200.0,26.9063,75.1839
PAN-3,2023-03-08,summer,27.61,54.71,25.7,0.0,11.0,12.0,23.9,0.0,1,1.37,19.9,2.5,0.0534,0.0549,0,0.0,,1200.0,26.9063,75.1839
PAN-3,2023-03-09,summer,28.64,54.25,10.14,17.0,10.14,13.17,21.77,0.0,0,2.11,4.0,2.49,0.0036,0.1142,0,0.0,,1200.0,26.9063,75.1839
PAN-3,2023-03-10,summer,32.87,53.98,20.84,0.0,10.81,12.01,23.87,0.0,1,2.65,9.4,2.14,0.0293,0.1501,0,0.0,,1200.0,26.9063,75.1839
PAN-3,2023-03-11,summer,27.35,46.36,9.69,0.0,8.23,12.0,24.04,0.0,2,0.53,9.7,1.11,0.028,0.0585,0,0.0,,1200.0,26.9063,75.1839
PAN-3,2023-03-12,summer,29.27,56.37,18.44,0.0,11.75,12.0,24.28,0.0,3,4.74,10.1,5.17,0.0166,0.2523,0,0.0,,1200.0,26.9063,75.1839
PAN-3,2023-03-13,summer,34.37,48.7,22.73,0.0,12.43,12.0,24.74,0.0,4,0.51,4.8,0.0,0.1418,0.0925,0,0.0,,1200.0,26.9063,75.1839
PAN-3,2023-03-14,summer,30.47,34.36,11.84,0.1,12.2,12.0,25.03,0.0,5,5.69,12.3,5.08,0.1121,0.1511,0,0.0,,1200.0,26.9063,75.1839
PAN-3,2023-03-15,summer,28.99,48.38,18.42,0.0,10.35,11.8,24.1,0.0,6,1.09,3.2,1.25,0.0,0.07,0,0.0,,1200.0,26.9063,75.1839
PAN-3,2023-03-16,summer,29.28,40.78,15.86,0.0,9.49,12.0,24.03,0.0,7,6.66,25.8,5.94,0.0,0.1744,0,0.0,,1200.0,26.9063,75.1839
PAN-3,2023-03-17,summer,32.12,40.46,14.28,0.0,11.67,12.0,24.35,0.0,8,0.21,0.0,0.0,0.0885,0.0959,0,0.0,,1200.0,26.9063,75.1839
PAN-3,2023-03-18,summer,30.55,43.15,20.79,0.0,10.77,12.0,24.71,0.0,9,3.29,15.6,3.99,0.082,0.0974,0,0.0,,1200.0,26.9063,75.1839
PAN-3,2023-03-19,summer,33.56,34.82,13.79,9.02,9.65,12.0,24.8,0.0,0,0.1,2.0,0.0,0.0402,0.0887,0,0.0,,1200.0,26.9063,75.1839
PAN-3,2023-03-20,summer,27.63,27.64,11.04,0.0,9.49,12.0,25.04,0.0,1,11.66,23.0,12.06,0.1625,0.2402,0,0.0,,1200.0,26.9063,75.1839
PAN-3,2023-03-21,summer,33.86,29.2,9.34,0.0,9.75,11.78,23.97,0.0,2,10.26,9.4,10.93,0.0158,0.1079,0,0.0,,1200.0,26.9063,75.1839
PAN-3,2023-03-22,summer,29.2,32.38,8.32,0.0,10.28,12.0,23.8,0.0,3,0.0,19.2,0.0,0.0127,0.1316,0,0.0,,1200.0,26.9063,75.1839
PAN-3,2023-03-23,summer,36.33,38.48,6.53,0.0,12.22,12.0,24.07,0.0,4,0.0,1.2,0.0,0.0,0.0778,0,0.0,,1200.0,26.9063,75.1839
PAN-3,2023-03-24,summer,30.52,49.99,6.39,0.0,10.68,12.0,24.22,0.0,5,0.73,7.2,0.0,0.0002,0.0611,0,0.0,,1200.0,26.9063,75.1839
PAN-3,2023-03-25,summer,29.9,41.95,13.39,0.0,9.99,12.0,24.47,0.0,6,3.33,2.3,3.2,0.083,0.1717,0,0.0,,1200.0,26.9063,75.1839
PAN-3,2023-03-26,summer,30.48,43.95,3.9,0.0,9.47,12.0,24.59,0.0,7,0.0,11.4,0.0,0.071,0.1132,0,0.0,,1200.0,26.9063,75.1839
PAN-3,2023-03-27,summer,31.89,43.44,9.1,0.0,11.78,12.0,24.82,0.0,8,5.54,16.5,6.09,0.1291,0.1297,0,0.0,,1200.0,26.9063,75.1839
PAN-3,2023-03-28,summer,33.56,35.6,0.0,0.0,10.18,12.0,24.92,0.0,9,0.0,4.1,0.0,0.0955,0.1447,0,0.0,,1200.0,26.9063,75.1839
PAN-3,2023-03-29,summer,29.53,51.1,9.62,0.0,10.28,12.0,25.09,0.0,10,0.74,5.3,0.0,0.1283,0.1232,0,0.0,,1200.0,26.9063,75.1839
PAN-3,2023-03-30,summer,30.91,32.34,8.3,0.0,10.77,11.82,24.36,0.0,11,0.0,11.3,0.0,0.1135,0.0341,0,0.0,,1200.0,26.9063,75.1839
PAN-3,2023-03-31,summer,34.12,42.2,13.16,0.0,9.07,12.0,24.35,0.0,12,4.65,15.0,4.14,0.0031,0.1519,0,0.0,,1200.0,26.9063,75.1839
PAN-3,2023-04-01,summer,32.01,44.25,3.77,0.0,11.77,12.0,24.49,0.0,13,9.23,25.0,9.23,0.0096,0.2469,0,0.0,,1200.0,26.9063,75.1839
PAN-3,2023-04-02,summer,29.77,33.05,8.47,0.0,12.43,12.0,24.72,0.0,14,0.62,1.4,0.0,0.1235,0.1111,0,0.0,,1200.0,26.9063,75.1839
PAN-3,2023-04-03,summer,37.76,32.13,11.88,0.0,11.16,12.0,24.93,0.0,15,3.19,21.1,3.53,0.0949,0.1667,0,0.0,,1200.0,26.9063,75.1839
PAN-3,2023-04-04,summer,31.42,40.23,12.41,5.33,11.46,12.0,25.06,0.0,0,0.16,17.7,0.0,0.1573,0.118,0,0.0,,1200.0,26.9063,75.1839
PAN-3,2023-04-05,summer,32.12,37.9,8.85,0.0,12.23,11.81,24.24,0.0,1,0.0,16.2,0.0,0.0541,0.1615,0,0.0,,1200.0,26.9063,75.1839
PAN-3,2023-04-06,summer,34.46,25.77,4.37,0.0,9.92,12.0,24.13,0.0,2,0.25,12.2,0.0,0.0265,0.1107,0,0.0,,1200.0,26.9063,75.1839
PAN-3,2023-04-07,summer,31.49,32.24,13.9,0.0,9.39,12.0,24.45,0.0,3,7.96,0.0,7.4,0.0604,0.1922,0,0.0,,1200.0,26.9063,75.1839
PAN-3,2023-04-08,summer,30.72,41.55,5.7,0.0,9.92,12.0,24.61,0.0,4,2.07,12.1,2.77,0.0336,0.2311,0,0.0,,1200.0,26.9063,75.1839
PAN-3,2023-04-09,summer,32.92,42.13,3.88,0.0,13.0,12.0,24.78,0.0,5,0.25,19.1,0.0,0.0897,0.1403,0,0.0,,1200.0,26.9063,75.1839
PAN-3,2023-04-10,summer,31.5,37.92,9.37,17.68,10.44,12.96,22.95,0.0,0,0.13,0.9,0.0,0.0189,0.0214,0,0.0,,1200.0,26.9063,75.1839
PAN-3,2023-04-11,summer,32.09,45.38,6.87,0.0,11.29,12.32,24.13,0.0,1,0.0,11.4,0.0,0.0,0.0804,0,0.0,,1200.0,26.9063,75.1839
PAN-3,2023-04-12,summer,30.69,35.84,15.67,0.0,9.92,12.0,25.0,0.0,2,8.05,1.4,8.14,0.0831,0.2565,0,0.0,,1200.0,26.9063,75.1839
PAN-3,2023-04-13,summer,32.9,33.81,5.38,2.39,10.35,11.85,24.36,0.0,0,0.95,0.0,0.0,0.0807,0.2092,0,0.0,,1200.0,26.9063,75.1839
PAN-3,2023-04-14,summer,32.96,34.02,7.67,0.0,12.89,12.0,24.36,0.0,1,3.37,15.2,3.08,0.025,0.1246,0,0.0,,1200.0,26.9063,75.1839
PAN-3,2023-04-15,summer,30.2,24.25,3.17,0.0,8.81,12.0,24.51,0.0,2,0.0,5.9,0.0,0.0526,0.1076,0,0.0,,1200.0,26.9063,75.1839
PAN-3,2023-04-16,summer,31.17,34.02,9.56,0.0,10.92,12.0,24.76,0.0,3,7.78,12.5,9.28,0.1075,0.1977,0,0.0,,1200.0,26.9063,75.1839
PAN-3,2023-04-17,summer,32.03,30.85,4.69,12.24,11.45,12.56,23.66,0.0,0,2.11,17.4,1.91,0.0181,0.1267,0,0.0,,1200.0,26.9063,75.1839
PAN-3,2023-04-18,summer,30.83,23.53,3.71,0.0,10.92,12.0,24.78,0.0,1,0.0,4.2,0.0,0.0354,0.1035,0,0.0,,1200.0,26.9063,75.1839
PAN-3,2023-04-19,summer,31.15,30.76,11.88,0.0,8.8,12.0,25.06,0.0,2,15.94,22.2,14.71,0.1443,0.1857,0,0.0,,1200.0,26.9063,75.1839
PAN-3,2023-04-20,summer,35.21,26.99,3.16,0.0,11.77,11.84,24.44,0.0,3,1.02,10.1,1.01,0.0514,0.0463,0,0.0,,1200.0,26.9063,75.1839
PAN-3,2023-04-21,summer,32.14,26.88,11.1,0.0,9.11,12.0,24.47,0.0,4,0.44,3.9,0.0,0.0806,0.0825,0,0.0,,1200.0,26.9063,75.1839
PAN-3,2023-04-22,summer,30.93,34.57,13.84,0.0,11.61,12.0,24.8,0.0,5,0.0,0.0,0.0,0.0862,0.149,0,0.0,,1200.0,26.9063,75.1839
PAN-3,2023-04-23,summer,30.64,28.96,10.18,0.0,13.0,12.0,25.1,0.0,6,7.44,21.6,8.48,0.1323,0.1921,0,0.0,,1200.0,26.9063,75.1839
PAN-3,2023-04-24,summer,30.73,28.3,7.14,0.0,12.04,11.82,24.36,0.0,7,0.3,13.9,0.0,0.0825,0.1622,0,0.0,,1200.0,26.9063,75.1839
PAN-3,2023-04-25,summer,29.73,35.34,11.54,0.0,11.36,12.0,24.31,0.0,8,0.49,1.5,0.0,0.0867,0.0029,0,0.0,,1200.0,26.9063,75.1839
PAN-3,2023-04-26,summer,31.75,37.03,8.52,0.0,11.63,12.0,24.55,0.0,9,4.41,25.7,4.06,0.0393,0.1331,0,0.0,,1200.0,26.9063,75.1839
PAN-3,2023-04-27,summer,33.33,37.37,10.14,0.0,10.44,12.0,24.83,0.0,10,13.05,29.5,14.03,0.0709,0.2999,0,0.0,,1200.0,26.9063,75.1839
PAN-3,2023-04-28,summer,30.32,30.67,11.32,0.0,9.41,12.0,25.1,0.0,11,0.0,11.2,0.0,0.2309,0.1,0,0.0,,1200.0,26.9063,75.1839
PAN-3,2023-04-29,summer,30.42,35.36,10.78,0.0,12.24,11.79,24.19,0.0,12,13.75,22.2,12.68,0.0461,0.1865,0,0.0,,1200.0,26.9063,75.1839
PAN-3,2023-04-30,summer,34.81,44.03,8.27,0.17,9.89,12.0,24.06,0.0,13,0.57,1.7,0.0,0.023,0.1351,0,0.0,,1200.0,26.9063,75.1839
PAN-3,2023-05-01,summer,34.84,34.74,7.73,0.0,10.02,12.0,24.32,0.0,14,2.81,8.3,2.91,0.066,0.1523,0,0.0,,1200.0,26.9063,75.1839
PAN-3,2023-05-02,summer,32.36,31.52,11.61,0.0,11.7,12.0,24.65,0.0,15,14.69,11.7,11.77,0.075,0.2841,0,0.0,,1200.0,26.9063,75.1839
PAN-3,2023-05-03,summer,34.68,44.34,6.31,0.0,10.31,12.0,24.85,0.0,16,0.24,2.3,0.0,0.0692,0.19,0,0.0,,1200.0,26.9063,75.1839
PAN-3,2023-05-04,summer,35.3,26.46,9.53,0.0,10.45,12.0,25.2,0.0,17,2.48,11.9,3.51,0.0975,0.0835,0,0.0,,1200.0,26.9063,75.1839
PAN-3,2023-05-05,summer,27.31,33.36,9.65,0.0,11.59,11.83,24.59,0.0,18,18.86,25.1,18.43,0.1443,0.2317,0,0.0,,1200.0,26.9063,75.1839
PAN-3,2023-05-06,summer,31.51,41.94,14.66,0.0,10.55,12.0,24.59,0.0,19,0.0,4.5,0.0,0.0765,0.1391,0,0.0,,1200.0,26.9063,75.1839
PAN-3,2023-05-07,summer,29.6,31.22,3.3,0.0,12.51,12.0,24.74,0.0,20,0.0,0.8,0.0,0.1014,0.1469,0,0.0,,1200.0,26.9063,75.1839
PAN-3,2023-05-08,summer,33.8,31.27,10.87,0.0,10.73,12.0,25.07,0.0,21,0.24,9.4,0.0,0.1022,0.0947,0,0.0,,1200.0,26.9063,75.1839
PAN-3,2023-05-09,summer,31.8,25.29,8.45,0.0,12.96,11.78,24.02,0.0,22,0.07,7.6,0.0,0.0175,0.1209,0,0.0,,1200.0,26.9063,75.1839
PAN-3,2023-05-10,summer,32.54,30.97,10.47,0.0,10.96,12.0,23.95,0.0,23,0.0,0.0,0.21,0.0204,0.1271,0,0.0,,1200.0,26.9063,75.1839
PAN-3,2023-05-11,summer,32.1,38.64,8.35,0.0,7.78,12.0,24.15,0.0,24,0.0,14.0,0.0,0.0,0.0915,0,0.0,,1200.0,26.9063,75.1839
PAN-3,2023-05-12,summer,32.22,30.88,3.87,0.0,11.94,12.0,24.33,0.0,25,2.09,6.2,2.7,0.0271,0.0249,0,0.0,,1200.0,26.9063,75.1839
PAN-3,2023-05-13,summer,33.75,40.46,7.06,0.0,12.34,12.0,24.56,0.0,26,0.0,13.4,0.0,0.0928,0.0906,0,0.0,,1200.0,26.9063,75.1839
PAN-3,2023-05-14,summer,32.79,30.07,10.68,0.0,11.1,12.0,24.88,0.0,27,0.46,2.9,0.0,0.1018,0.1384,0,0.0,,1200.0,26.9063,75.1839
PAN-3,2023-05-15,summer,34.69,60.68,4.41,0.0,13.0,12.0,25.01,0.0,28,5.48,7.2,5.44,0.083,0.1285,0,0.0,,1200.0,26.9063,75.1839
PAN-3,2023-05-16,summer,33.91,50.39,4.78,0.0,10.37,11.89,24.69,0.0,29,0.0,4.5,0.0,0.0395,0.1313,0,0.0,,1200.0,26.9063,75.1839
PAN-3,2023-05-17,summer,32.88,37.65,3.15,0.0,11.77,12.0,24.65,0.0,30,0.0,15.9,0.0,0.1408,0.107,0,0.0,,1200.0,26.9063,75.1839
PAN-3,2023-05-18,summer,30.84,32.51,6.17,0.0,9.67,12.0,24.84,0.0,31,1.92,10.8,1.08,0.0918,0.1225,0,0.0,,1200.0,26.9063,75.1839
PAN-3,2023-05-19,summer,32.14,36.83,8.71,0.0,10.97,12.0,25.08,0.0,32,13.59,18.2,13.31,0.1102,0.1931,0,0.0,,1200.0,26.9063,75.1839
PAN-3,2023-05-20,summer,32.78,33.57,9.54,0.0,11.96,11.78,24.06,0.0,33,0.23,13.7,0.0,0.0524,0.1727,0,0.0,,1200.0,26.9063,75.1839
PAN-3,2023-05-21,summer,31.48,37.65,9.83,0.0,12.18,12.0,23.94,0.0,34,10.68,15.6,11.65,0.0919,0.1931,0,0.0,,1200.0,26.9063,75.1839
PAN-3,2023-05-22,summer,34.97,29.57,10.67,0.0,11.15,12.0,24.3,0.0,35,0.36,10.1,0.0,0.057,0.0601,0,0.0,,1200.0,26.9063,75.1839
PAN-3,2023-05-23,summer,33.59,35.36,11.49,0.0,11.42,12.0,24.63,0.0,36,0.58,9.8,0.0,0.0,0.0937,0,0.0,,1200.0,26.9063,75.1839
PAN-3,2023-05-24,summer,30.62,32.03,0.0,0.0,9.18,12.0,24.72,0.0,37,0.2,0.0,0.0,0.0,0.0,0,0.0,,1200.0,26.9063,75.1839
PAN-3,2023-05-25,summer,33.18,29.72,5.42,0.0,10.04,12.0,24.94,0.0,38,0.44,13.9,0.0,0.1489,0.0481,0,0.0,,1200.0,26.9063,75.1839
PAN-3,2023-05-26,summer,35.22,32.52,6.95,0.0,10.37,12.0,25.21,0.0,39,4.74,2.5,4.21,0.1626,0.1517,0,0.0,,1200.0,26.9063,75.1839
PAN-3,2023-05-27,summer,29.89,33.13,6.56,0.0,12.21,11.84,24.66,0.0,40,9.73,17.3,10.94,0.0943,0.2582,0,0.0,,1200.0,26.9063,75.1839
PAN-3,2023-05-28,summer,32.73,39.4,8.43,0.0,10.67,12.0,24.61,0.0,41,2.35,20.7,3.0,0.0944,0.1497,0,0.0,,1200.0,26.9063,75.1839
PAN-3,2023-05-29,summer,29.51,27.57,12.5,0.0,12.94,12.0,24.93,0.0,42,0.12,3.7,0.0,0.0768,0.0793,0,0.0,,1200.0,26.9063,75.1839
PAN-3,2023-05-30,summer,30.34,40.38,7.99,0.0,12.76,12.0,25.14,0.0,43,0.0,7.4,0.0,0.2187,0.0187,0,0.0,,1200.0,26.9063,75.1839
PAN-3,2023-05-31,summer,30.52,31.14,5.1,0.0,10.37,11.86,24.69,0.0,44,0.02,6.0,0.0,0.0702,0.1178,0,0.0,,1200.0,26.9063,75.1839
PAN-3,2023-06-01,summer,32.68,32.61,5.43,0.0,10.2,12.0,24.64,0.0,45,5.38,11.0,6.61,0.0533,0.1148,0,0.0,,1200.0,26.9063,75.1839
PAN-3,2023-06-02,summer,33.56,39.18,6.79,0.0,9.33,12.0,24.85,0.0,46,0.0,6.8,0.0,0.0517,0.1386,0,0.0,,1200.0,26.9063,75.1839
PAN-3,2023-06-03,summer,32.0,28.86,10.36,0.0,10.71,12.0,25.15,0.0,47,0.23,0.0,0.0,0.0969,0.1292,0,0.0,,1200.0,26.9063,75.1839
PAN-3,2023-06-04,summer,31.38,51.33,16.9,0.0,9.56,11.79,24.26,0.0,48,1.54,2.8,1.32,0.1087,0.072,0,0.0,,1200.0,26.9063,75.1839
PAN-3,2023-06-05,summer,31.64,25.09,16.99,0.0,11.87,12.0,24.35,0.0,49,0.42,5.5,0.0,0.0487,0.0978,0,0.0,,1200.0,26.9063,75.1839
PAN-3,2023-06-06,summer,31.83,40.21,10.98,0.0,10.34,12.0,24.61,0.0,50,0.0,6.2,0.0,0.0361,0.0825,0,0.0,,1200.0,26.9063,75.1839
PAN-3,2023-06-07,summer,29.63,40.99,10.82,0.0,10.65,12.0,24.83,0.0,51,0.0,16.1,0.0,0.1531,0.0514,0,0.0,,1200.0,26.9063,75.1839
PAN-3,2023-06-08,summer,29.68,47.16,2.62,0.0,10.99,12.0,24.93,0.0,52,17.44,20.4,18.61,0.1849,0.1746,0,0.0,,1200.0,26.9063,75.1839
PAN-3,2023-06-09,summer,31.68,30.49,5.86,0.0,9.82,12.0,25.13,0.0,53,8.01,8.4,8.17,0.1228,0.1522,0,0.0,,1200.0,26.9063,75.1839
PAN-3,2023-06-10,summer,29.79,41.46,7.28,0.0,11.47,11.86,24.67,0.0,54,3.12,13.5,2.75,0.0407,0.1331,0,0.0,,1200.0,26.9063,75.1839
PAN-3,2023-06-11,summer,31.01,40.24,7.0,0.41,11.35,12.0,24.62,0.0,55,0.39,5.2,0.0,0.0,0.07,0,0.0,,1200.0,26.9063,75.1839
PAN-3,2023-06-12,summer,30.99,39.04,3.05,0.0,11.58,12.0,24.76,0.0,56,0.0,4.8,0.0,0.049,0.0417,0,0.0,,1200.0,26.9063,75.1839
PAN-3,2023-06-13,summer,31.05,38.14,5.55,0.0,10.36,12.0,24.93,0.0,57,5.48,3.8,6.64,0.184,0.1538,0,0.0,,1200.0,26.9063,75.1839
PAN-3,2023-06-14,summer,32.37,34.56,9.53,0.0,9.12,12.0,25.18,0.0,58,13.84,18.3,16.22,0.0949,0.2922,0,0.0,,1200.0,26.9063,75.1839
PAN-3,2023-06-15,summer,32.69,24.2,9.29,0.0,9.84,11.76,24.12,0.0,59,0.0,11.9,0.0,0.0166,0.1111,0,0.0,,1200.0,26.9063,75.1839
PAN-3,2023-06-16,summer,32.22,43.6,8.51,0.0,13.0,12.0,23.94,0.0,60,0.49,20.8,0.0,0.0375,0.1584,0,0.0,,1200.0,26.9063,75.1839
PAN-3,2023-06-17,summer,34.2,47.05,12.15,0.0,8.99,12.0,24.2,0.0,61,1.39,3.1,0.0,0.0456,0.1286,0,0.0,,1200.0,26.9063,75.1839
PAN-3,2023-06-18,summer,33.12,39.35,6.38,0.0,13.0,12.0,24.42,0.0,62,0.0,6.6,0.0,0.0213,0.106,0,0.0,,1200.0,26.9063,75.1839
PAN-3,2023-06-19,summer,29.89,40.21,6.52,0.0,10.29,12.0,24.59,0.0,63,4.86,15.3,4.55,0.0,0.2086,0,0.0,,1200.0,26.9063,75.1839
PAN-3,2023-06-20,summer,28.05,36.3,7.59,0.0,12.61,12.0,24.78,0.0,64,0.0,16.2,0.0,0.1495,0.029,0,0.0,,1200.0,26.9063,75.1839
PAN-3,2023-06-21,summer,28.28,41.56,7.3,0.0,9.61,12.0,24.94,0.0,65,0.0,2.4,0.0,0.0509,0.1029,0,0.0,,1200.0,26.9063,75.1839
PAN-3,2023-06-22,summer,31.65,27.53,2.17,0.0,10.64,12.0,25.09,0.0,66,7.12,7.9,7.83,0.1001,0.1344,0,0.0,,1200.0,26.9063,75.1839
PAN-3,2023-06-23,summer,30.21,49.41,8.44,0.0,10.46,11.87,24.69,0.0,67,4.89,8.7,3.83,0.1348,0.0713,0,0.0,,1200.0,26.9063,75.1839
PAN-3,2023-06-24,summer,30.51,40.63,10.33,0.0,10.05,12.0,24.69,0.0,68,0.22,0.0,0.0,0.0502,0.1618,0,0.0,,1200.0,26.9063,75.1839
PAN-3,2023-06-25,summer,31.5,37.47,7.78,0.0,11.03,12.0,24.91,0.0,69,0.0,23.2,0.0,0.1548,0.1045,0,0.0,,1200.0,26.9063,75.1839
PAN-3,2023-06-26,summer,24.98,51.32,3.79,0.0,11.39,12.0,24.99,0.0,70,9.91,12.0,10.51,0.1863,0.192,0,0.0,,1200.0,26.9063,75.1839
PAN-3,2023-06-27,summer,28.0,47.95,9.75,12.95,12.4,12.68,23.64,0.0,0,6.9,5.7,7.62,0.0491,0.1373,0,0.0,,1200.0,26.9063,75.1839
PAN-3,2023-06-28,summer,32.46,49.07,13.62,0.0,11.98,12.0,25.06,0.0,1,0.68,10.4,0.0,0.0883,0.2021,0,0.0,,1200.0,26.9063,75.1839
PAN-3,2023-06-29,summer,33.4,42.44,8.72,0.0,10.05,11.83,24.34,0.0,2,13.29,18.6,12.05,0.0344,0.1685,0,0.0,,1200.0,26.9063,75.1839
PAN-3,2023-06-30,summer,28.64,44.45,5.36,0.0,9.85,12.0,24.17,0.0,3,4.7,11.2,3.42,0.0529,0.0284,0,0.0,,1200.0,26.9063,75.1839
PAN-3,2023-07-01,monsoon,29.03,36.9,11.34,0.0,10.2,12.0,24.4,0.0,4,0.67,13.3,0.5,0.0,0.108,0,0.0,,1200.0,26.9063,75.1839
PAN-3,2023-07-02,monsoon,29.76,41.95,13.87,0.0,9.26,12.0,24.65,0.0,5,14.14,23.4,12.52,0.0,0.1957,0,0.0,,1200.0,26.9063,75.1839
PAN-3,2023-07-03,monsoon,28.43,54.5,13.79,0.0,11.02,12.0,24.84,0.0,6,30.36,37.0,28.89,0.0887,0.2773,0,0.0,,1200.0,26.9063,75.1839
PAN-3,2023-07-04,monsoon,30.14,52.88,15.41,0.0,10.36,12.0,25.07,0.0,7,13.25,5.7,14.1,0.1423,0.2578,0,0.0,,1200.0,26.9063,75.1839
PAN-3,2023-07-05,monsoon,29.54,49.89,13.1,0.0,8.41,11.85,24.52,0.0,8,15.88,17.3,15.33,0.0967,0.2016,0,0.0,,1200.0,26.9063,75.1839
PAN-3,2023-07-06,monsoon,31.25,40.45,12.05,0.0,10.56,12.0,24.52,0.0,9,7.14,17.2,8.7,0.0,0.087,0,0.0,,1200.0,26.9063,75.1839
PAN-3,2023-07-07,monsoon,28.87,39.46,15.94,0.0,9.52,12.0,24.8,0.0,10,18.43,19.9,19.83,0.101,0.2155,0,0.0,,1200.0,26.9063,75.1839
PAN-3,2023-07-08,monsoon,27.13,59.53,19.41,5.52,9.87,12.0,24.83,0.0,0,4.67,23.6,4.23,0.1197,0.0778,0,0.0,,1200.0,26.9063,75.1839
PAN-3,2023-07-09,monsoon,29.98,46.17,14.39,6.21,10.43,12.0,24.9,0.0,0,21.44,28.1,20.92,0.1234,0.2437,0,0.0,,1200.0,26.9063,75.1839
PAN-3,2023-07-10,monsoon,27.19,57.29,15.03,0.0,11.87,12.0,25.08,0.0,1,5.2,16.0,4.93,0.1354,0.1909,0,0.0,,1200.0,26.9063,75.1839
PAN-3,2023-07-11,monsoon,26.05,58.43,18.66,0.0,8.98,11.87,24.64,0.0,2,18.41,22.5,17.14,0.1021,0.2625,0,0.0,,1200.0,26.9063,75.1839
PAN-3,2023-07-12,monsoon,28.6,41.56,23.67,4.19,12.16,12.0,24.68,0.0,0,47.91,49.6,51.89,0.06,0.4853,0,0.0,,1200.0,26.9063,75.1839
PAN-3,2023-07-13,monsoon,26.53,53.49,16.87,0.0,11.09,12.0,24.88,0.0,1,12.13,18.9,13.33,0.0856,0.1666,0,0.0,,1200.0,26.9063,75.1839
PAN-3,2023-07-14,monsoon,29.66,50.51,18.94,0.0,13.0,12.0,25.18,0.0,2,48.24,55.5,45.06,0.1686,0.4754,0,0.0,,1200.0,26.9063,75.1839
PAN-3,2023-07-15,monsoon,29.09,64.56,20.68,0.0,8.35,11.85,24.68,0.0,3,29.53,37.7,33.64,0.0691,0.361,0,0.0,,1200.0,26.9063,75.1839
PAN-3,2023-07-16,monsoon,24.12,55.73,24.18,8.85,7.94,12.06,24.26,0.0,0,26.31,21.4,21.82,0.039,0.2233,0,0.0,,1200.0,26.9063,75.1839
PAN-3,2023-07-17,monsoon,25.77,70.2,21.9,0.0,10.1,12.0,24.51,0.0,1,17.38,20.9,18.87,0.0205,0.2621,0,0.0,,1200.0,26.9063,75.1839
PAN-3,2023-07-18,monsoon,29.26,62.64,24.37,1.29,9.74,12.0,24.72,0.0,0,10.84,35.4,13.86,0.0744,0.2688,0,0.0,,1200.0,26.9063,75.1839
PAN-3,2023-07-19,monsoon,27.68,61.32,24.87,0.0,10.16,12.0,24.96,0.0,1,13.44,21.0,15.07,0.1862,0.1884,0,0.0,,1200.0,26.9063,75.1839
PAN-3,2023-07-20,monsoon,26.74,57.05,26.79,0.0,8.45,12.0,25.21,0.0,2,57.92,59.8,47.38,0.1614,0.5046,0,0.0,,1200.0,26.9063,75.1839
PAN-3,2023-07-21,monsoon,28.35,57.32,24.35,3.64,10.02,11.79,24.23,0.0,0,8.51,18.0,11.2,0.0332,0.3086,0,0.0,,1200.0,26.9063,75.1839
PAN-3,2023-07-22,monsoon,27.42,67.31,24.95,19.49,11.76,13.02,21.94,0.0,0,27.37,33.1,26.42,0.0,0.198,0,0.0,,1200.0,26.9063,75.1839
PAN-3,2023-07-23,monsoon,26.38,64.77,25.27,0.0,10.96,12.31,23.21,0.0,1,13.0,23.4,13.57,0.0043,0.1637,0,0.0,,1200.0,26.9063,75.1839
PAN-3,2023-07-24,monsoon,29.89,72.41,27.41,0.0,9.91,12.0,23.93,0.0,2,21.53,28.1,21.85,0.0,0.2077,0,0.0,,1200.0,26.9063,75.1839
PAN-3,2023-07-25,monsoon,29.85,77.66,30.41,1.66,10.26,12.0,24.07,0.0,0,38.97,39.2,34.91,0.0013,0.2689,0,0.0,,1200.0,26.9063,75.1839
PAN-3,2023-07-26,monsoon,27.18,63.03,28.35,9.8,10.74,12.12,23.83,0.0,0,40.27,35.1,44.0,0.0211,0.3892,0,0.0,,1200.0,26.9063,75.1839
PAN-3,2023-07-27,monsoon,30.07,62.65,26.94,0.06,10.17,12.0,24.31,0.0,1,23.56,31.1,22.61,0.0162,0.3213,0,0.0,,1200.0,26.9063,75.1839
PAN-3,2023-07-28,monsoon,24.9,63.89,35.21,0.0,9.8,12.0,24.56,0.0,2,21.38,27.5,24.02,0.187,0.28,0,0.0,,1200.0,26.9063,75.1839
PAN-3,2023-07-29,monsoon,25.15,70.9,32.17,5.07,10.09,12.0,24.6,0.0,0,27.96,30.0,25.66,0.0552,0.2535,0,0.0,,1200.0,26.9063,75.1839
PAN-3,2023-07-30,monsoon,27.19,84.25,30.3,0.0,7.94,12.0,24.7,0.0,1,10.91,19.1,11.81,0.0796,0.1379,0,0.0,,1200.0,26.9063,75.1839
PAN-3,2023-07-31,monsoon,27.83,85.33,30.67,0.0,9.7,12.0,24.81,0.0,2,22.53,29.3,22.56,0.1089,0.2858,0,0.0,,1200.0,26.9063,75.1839
PAN-3,2023-08-01,monsoon,27.14,75.76,31.12,8.37,10.36,12.24,24.33,0.0,0,9.32,17.3,12.78,0.0272,0.14,0,0.0,,1200.0,26.9063,75.1839
PAN-3,2023-08-02,monsoon,27.66,64.67,36.06,5.96,5.2,12.0,24.81,0.0,0,27.98,29.2,27.99,0.0734,0.1702,0,0.0,,1200.0,26.9063,75.1839
PAN-3,2023-08-03,monsoon,26.47,77.52,34.31,4.44,9.11,12.0,24.84,0.0,0,6.02,10.4,5.32,0.0795,0.1497,0,0.0,,1200.0,26.9063,75.1839
PAN-3,2023-08-04,monsoon,25.72,67.5,36.42,20.42,6.8,13.3,22.4,0.0,0,46.94,54.6,49.53,0.007,0.3979,0,0.0,,1200.0,26.9063,75.1839
PAN-3,2023-08-05,monsoon,25.7,60.19,31.79,0.0,7.89,12.46,23.91,0.0,1,11.58,16.4,15.88,0.0104,0.213,0,0.0,,1200.0,26.9063,75.1839
PAN-3,2023-08-06,monsoon,23.99,73.57,34.56,0.0,9.7,12.0,24.86,0.0,2,5.11,16.4,4.17,0.2441,0.1706,0,0.0,,1200.0,26.9063,75.1839
PAN-3,2023-08-07,monsoon,25.91,66.54,34.05,11.02,8.81,12.32,24.22,0.0,0,30.76,38.3,32.74,0.0,0.3416,0,0.0,,1200.0,26.9063,75.1839
PAN-3,2023-08-08,monsoon,26.51,66.35,40.66,0.0,9.01,12.0,25.05,0.0,1,84.1,63.7,62.22,0.1624,0.6051,0,0.0,,1200.0,26.9063,75.1839
PAN-3,2023-08-09,monsoon,26.06,72.79,33.85,5.24,7.87,11.91,24.36,0.0,0,20.27,21.1,17.1,0.082,0.2244,0,0.0,,1200.0,26.9063,75.1839
PAN-3,2023-08-10,monsoon,25.08,76.38,33.34,23.5,10.92,13.7,21.17,0.0,0,35.25,27.6,31.92,0.0072,0.2233,0,0.0,,1200.0,26.9063,75.1839
PAN-3,2023-08-11,monsoon,30.13,85.22,39.49,0.0,8.87,13.2,21.98,0.0,1,37.45,39.3,37.68,0.0219,0.3677,0,0.0,,1200.0,26.9063,75.1839
PAN-3,2023-08-12,monsoon,23.41,74.89,36.14,2.87,9.42,12.94,22.42,0.0,0,30.81,30.9,29.44,0.0859,0.3176,0,0.0,,1200.0,26.9063,75.1839
PAN-3,2023-08-13,monsoon,27.73,73.58,35.98,0.0,7.99,12.24,23.7,0.0,1,54.67,38.0,49.11,0.015,0.3893,0,0.0,,1200.0,26.9063,75.1839
PAN-3,2023-08-14,monsoon,24.38,81.16,39.38,4.39,10.49,12.19,23.79,0.0,0,74.17,84.8,65.27,0.0,0.5302,0,0.0,,1200.0,26.9063,75.1839
PAN-3,2023-08-15,monsoon,21.68,64.4,37.21,4.82,9.06,12.0,24.18,0.0,0,39.04,38.6,40.3,0.0014,0.476,0,0.0,,1200.0,26.9063,75.1839
PAN-3,2023-08-16,monsoon,25.15,80.64,46.46,0.0,10.37,12.0,24.36,0.0,1,50.32,34.8,43.47,0.0874,0.493,0,0.0,,1200.0,26.9063,75.1839
PAN-3,2023-08-17,monsoon,25.83,71.02,43.14,6.68,9.84,12.0,24.42,0.0,0,12.54,24.5,12.87,0.0,0.2597,0,0.0,,1200.0,26.9063,75.1839
PAN-3,2023-08-18,monsoon,27.82,78.88,40.21,0.0,9.51,12.0,24.61,0.0,1,48.75,39.7,44.43,0.009,0.3462,0,0.0,,1200.0,26.9063,75.1839
PAN-3,2023-08-19,monsoon,24.26,80.9,35.51,6.73,8.46,12.26,24.09,0.0,0,44.28,43.2,40.96,0.0,0.3653,0,0.0,,1200.0,26.9063,75.1839
PAN-3,2023-08-20,monsoon,23.11,88.88,38.32,2.02,10.38,12.2,24.2,0.0,0,11.28,22.6,12.4,0.0,0.1652,0,0.0,,1200.0,26.9063,75.1839
PAN-3,2023-08-21,monsoon,25.32,72.84,30.37,0.0,9.61,12.0,24.71,0.0,1,28.11,25.3,27.44,0.1048,0.3271,0,0.0,,1200.0,26.9063,75.1839
PAN-3,2023-08-22,monsoon,21.39,77.51,31.0,3.21,11.26,12.0,24.73,0.0,0,50.99,44.2,42.62,0.0626,0.3527,0,0.0,,1200.0,26.9063,75.1839
PAN-3,2023-08-23,monsoon,23.4,91.81,35.23,1.31,8.04,12.0,24.74,0.0,0,8.9,14.4,13.33,0.0558,0.0343,0,0.0,,1200.0,26.9063,75.1839
PAN-3,2023-08-24,monsoon,23.59,79.67,30.61,0.0,6.4,12.0,24.84,0.0,1,58.69,40.1,46.91,0.0613,0.4454,0,0.0,,1200.0,26.9063,75.1839
PAN-3,2023-08-25,monsoon,27.59,83.04,33.42,6.73,6.56,12.28,24.28,0.0,0,34.0,36.9,35.08,0.0544,0.3118,0,0.0,,1200.0,26.9063,75.1839
PAN-3,2023-08-26,monsoon,23.02,94.84,38.7,9.55,7.2,13.13,22.71,0.0,0,7.18,10.7,7.06,0.0438,0.1369,0,0.0,,1200.0,26.9063,75.1839
PAN-3,2023-08-27,monsoon,23.76,87.95,33.14,16.03,8.05,14.5,20.57,0.0,0,17.62,20.2,16.91,0.0316,0.1815,0,0.0,,1200.0,26.9063,75.1839
PAN-3,2023-08-28,monsoon,21.52,94.86,36.04,0.0,8.42,14.4,20.71,0.0,1,40.09,39.7,40.66,0.0,0.2458,0,0.0,,1200.0,26.9063,75.1839
PAN-3,2023-08-29,monsoon,24.22,74.24,27.87,2.65,9.5,14.19,21.01,0.0,0,33.17,31.6,24.94,0.0,0.2553,0,0.0,,1200.0,26.9063,75.1839
PAN-3,2023-08-30,monsoon,25.97,83.28,40.48,6.7,9.08,14.4,20.7,0.0,0,32.34,29.3,35.65,0.0,0.3201,0,0.0,,1200.0,26.9063,75.1839
PAN-3,2023-08-31,monsoon,24.85,64.72,32.3,3.01,8.66,13.96,21.35,0.0,0,11.33,15.3,12.19,0.0,0.0201,0,0.0,,1200.0,26.9063,75.1839
PAN-3,2023-09-01,monsoon,24.06,78.3,29.6,2.91,8.32,13.85,21.51,0.0,0,25.78,25.2,24.45,0.0,0.1344,0,0.0,,1200.0,26.9063,75.1839
PAN-3,2023-09-02,monsoon,23.36,85.77,30.23,3.95,8.29,13.99,21.29,0.0,0,15.29,19.7,12.72,0.0,0.0735,0,0.0,,1200.0,26.9063,75.1839
PAN-3,2023-09-03,monsoon,21.98,86.68,30.27,3.22,10.61,14.07,21.16,0.0,0,9.1,17.0,9.19,0.0111,0.0944,0,0.0,,1200.0,26.9063,75.1839
PAN-3,2023-09-04,monsoon,22.12,72.95,28.94,0.0,7.82,13.65,21.82,0.0,1,17.31,28.3,16.93,0.0085,0.2874,0,0.0,,1200.0,26.9063,75.1839
PAN-3,2023-09-05,monsoon,25.56,87.89,35.98,2.86,9.07,13.64,21.83,0.0,0,24.16,17.7,23.47,0.0463,0.2645,0,0.0,,1200.0,26.9063,75.1839
PAN-3,2023-09-06,monsoon,21.81,87.02,32.06,4.72,11.47,13.86,21.48,0.0,0,16.52,31.3,19.07,0.0415,0.2822,0,0.0,,1200.0,26.9063,75.1839
PAN-3,2023-09-07,monsoon,21.99,84.74,27.41,3.51,11.03,13.96,21.33,0.0,0,9.9,18.0,13.2,0.0,0.1245,0,0.0,,1200.0,26.9063,75.1839
PAN-3,2023-09-08,monsoon,21.17,71.9,27.72,13.15,10.95,14.83,20.08,0.0,0,10.33,16.7,8.83,0.0763,0.1326,0,0.0,,1200.0,26.9063,75.1839
PAN-3,2023-09-09,monsoon,23.29,84.0,23.77,7.71,9.84,15.35,19.39,0.0,0,14.08,16.4,13.67,0.0116,0.0918,0,0.0,,1200.0,26.9063,75.1839
PAN-3,2023-09-10,monsoon,22.58,72.56,20.72,12.81,5.66,16.32,18.24,0.0,0,62.05,45.7,51.6,0.0,0.4477,0,0.0,,1200.0,26.9063,75.1839
PAN-3,2023-09-11,monsoon,22.51,73.8,25.21,0.0,9.58,15.92,18.7,0.0,1,26.21,34.2,27.17,0.0,0.2686,0,0.0,,1200.0,26.9063,75.1839
PAN-3,2023-09-12,monsoon,20.61,83.13,28.53,0.0,8.01,15.68,18.99,0.0,2,26.92,37.5,26.48,0.0,0.253,0,0.0,,1200.0,26.9063,75.1839
PAN-3,2023-09-13,monsoon,20.45,80.14,32.5,9.67,12.16,16.29,18.28,0.0,0,10.02,12.1,9.78,0.0,0.053,0,0.0,,1200.0,26.9063,75.1839
PAN-3,2023-09-14,monsoon,20.94,87.29,27.71,3.33,10.88,16.42,18.13,0.0,0,19.79,25.6,17.95,0.0,0.19,0,0.0,,1200.0,26.9063,75.1839
PAN-3,2023-09-15,monsoon,19.94,90.65,25.34,8.53,8.26,17.16,17.35,0.0,0,12.67,26.3,11.82,0.0,0.1373,0,0.0,,1200.0,26.9063,75.1839
PAN-3,2023-09-16,monsoon,21.98,76.1,19.62,18.71,9.8,18.74,15.89,0.0,0,9.61,19.2,11.43,0.0547,0.0962,0,0.0,,1200.0,26.9063,75.1839
PAN-3,2023-09-17,monsoon,24.14,68.06,28.09,0.0,11.25,18.12,16.44,0.0,1,10.73,18.0,10.02,0.0,0.0235,0,0.0,,1200.0,26.9063,75.1839
PAN-3,2023-09-18,monsoon,23.08,71.43,22.3,0.0,8.58,17.73,16.81,0.0,2,8.76,16.4,9.93,0.0,0.0987,0,0.0,,1200.0,26.9063,75.1839
PAN-3,2023-09-19,monsoon,20.42,75.26,20.04,0.0,9.53,17.45,17.08,0.0,3,4.17,19.2,3.7,0.0,0.0816,0,0.0,,1200.0,26.9063,75.1839
PAN-3,2023-09-20,monsoon,21.85,69.89,26.7,0.0,8.94,17.0,17.54,0.0,4,23.79,30.0,21.23,0.0076,0.2323,0,0.0,,1200.0,26.9063,75.1839
PAN-3,2023-09-21,monsoon,20.7,73.6,23.49,2.51,10.24,16.9,17.64,0.0,0,0.6,4.4,0.0,0.0,0.0,0,0.0,,1200.0,26.9063,75.1839
PAN-3,2023-09-22,monsoon,20.42,72.84,16.17,4.05,6.62,17.07,17.46,0.0,0,4.1,12.6,4.3,0.0261,0.0924,0,0.0,,1200.0,26.9063,75.1839
PAN-3,2023-09-23,monsoon,20.2,80.05,24.8,11.88,9.81,17.99,16.56,0.0,0,25.21,25.0,25.58,0.0663,0.2612,0,0.0,,1200.0,26.9063,75.1839
PAN-3,2023-09-24,monsoon,23.51,83.02,17.84,0.0,11.36,17.77,16.77,0.0,1,3.59,15.4,4.43,0.0737,0.1299,0,0.0,,1200.0,26.9063,75.1839
PAN-3,2023-09-25,monsoon,21.01,74.9,19.61,0.0,12.19,17.46,17.07,0.0,2,15.36,25.0,14.68,0.0,0.1713,0,0.0,,1200.0,26.9063,75.1839
PAN-3,2023-09-26,monsoon,22.24,77.51,22.55,0.0,10.6,17.14,17.39,0.0,3,4.53,10.8,4.0,0.0366,0.0616,0,0.0,,1200.0,26.9063,75.1839
PAN-3,2023-09-27,monsoon,23.35,75.49,14.61,0.0,9.6,16.88,17.66,0.0,4,11.29,8.0,9.77,0.0438,0.1762,0,0.0,,1200.0,26.9063,75.1839
PAN-3,2023-09-28,monsoon,23.1,70.0,16.51,8.04,9.11,17.35,17.18,0.0,0,11.85,18.2,12.68,0.0168,0.1576,0,0.0,,1200.0,26.9063,75.1839
PAN-3,2023-09-29,monsoon,23.45,66.75,19.04,0.0,8.13,16.94,17.59,0.0,1,18.41,33.0,21.8,0.051,0.2282,0,0.0,,1200.0,26.9063,75.1839
PAN-3,2023-09-30,monsoon,21.96,84.32,10.27,0.0,9.98,16.82,17.72,0.0,2,0.12,9.4,0.0,0.0,0.0325,0,0.0,,1200.0,26.9063,75.1839
PAN-3,2023-10-01,other,22.61,77.18,11.99,0.0,8.94,16.62,17.93,0.0,3,0.0,9.2,0.0,0.0094,0.0,0,0.0,,1200.0,26.9063,75.1839
PAN-3,2023-10-02,other,21.37,75.47,14.06,0.0,10.15,16.39,18.18,0.0,4,0.0,10.8,0.0,0.0,0.0,0,0.0,,1200.0,26.9063,75.1839
PAN-3,2023-10-03,other,22.57,65.35,10.87,0.0,9.93,16.1,18.51,0.0,5,0.0,13.8,0.0,0.0049,0.0,0,0.0,,1200.0,26.9063,75.1839
PAN-3,2023-10-04,other,20.32,74.01,8.43,0.0,11.65,15.93,18.71,0.0,6,8.47,12.1,7.54,0.0,0.1655,0,0.0,,1200.0,26.9063,75.1839
PAN-3,2023-10-05,other,19.43,63.69,14.87,0.0,11.55,15.6,19.1,0.0,7,4.77,15.8,4.07,0.0,0.0633,0,0.0,,1200.0,26.9063,75.1839
PAN-3,2023-10-06,other,21.14,69.85,4.35,0.0,10.18,15.46,19.28,0.0,8,1.82,7.4,1.44,0.0,0.0,0,0.0,,1200.0,26.9063,75.1839
PAN-3,2023-10-07,other,18.23,59.26,14.2,0.0,9.35,15.15,19.67,0.0,9,0.0,0.0,0.0,0.0194,0.0027,0,0.0,,1200.0,26.9063,75.1839
PAN-3,2023-10-08,other,21.9,74.01,9.24,0.0,10.4,14.96,19.92,0.0,10,0.0,13.6,0.0,0.0,0.0,0,0.0,,1200.0,26.9063,75.1839
PAN-3,2023-10-09,other,23.38,60.87,7.04,0.0,11.57,14.68,20.3,0.0,11,5.73,22.9,7.11,0.0257,0.0921,0,0.0,,1200.0,26.9063,75.1839
PAN-3,2023-10-10,other,19.12,61.61,7.01,0.0,8.69,14.49,20.57,0.0,12,0.12,0.0,0.0,0.0372,0.084,0,0.0,,1200.0,26.9063,75.1839
PAN-3,2023-10-11,other,21.27,71.01,10.38,0.0,9.63,14.28,20.88,0.0,13,5.58,8.7,5.58,0.0,0.1407,0,0.0,,1200.0,26.9063,75.1839
PAN-3,2023-10-12,other,22.29,73.59,15.52,0.0,9.59,14.01,21.29,0.0,14,0.02,17.1,0.0,0.0166,0.0421,0,0.0,,1200.0,26.9063,75.1839
PAN-3,2023-10-13,other,19.75,69.26,7.22,0.0,10.16,13.84,21.55,0.0,15,0.0,16.8,0.0,0.0,0.0833,0,0.0,,1200.0,26.9063,75.1839
PAN-3,2023-10-14,other,20.72,72.29,6.36,0.0,10.12,13.69,21.79,0.0,16,0.0,14.2,0.0,0.0296,0.0717,0,0.0,,1200.0,26.9063,75.1839
PAN-3,2023-10-15,other,21.11,64.25,0.81,0.0,8.32,13.59,21.95,0.0,17,0.91,16.3,0.0,0.0,0.0963,0,0.0,,1200.0,26.9063,75.1839
PAN-3,2023-10-16,other,19.49,71.85,6.57,0.0,10.69,13.44,22.19,0.0,18,6.56,19.0,9.16,0.0,0.1773,0,0.0,,1200.0,26.9063,75.1839
PAN-3,2023-10-17,other,21.54,59.57,8.43,0.0,11.03,13.16,22.67,0.0,19,0.0,4.6,0.0,0.0,0.1067,0,0.0,,1200.0,26.9063,75.1839
PAN-3,2023-10-18,other,20.91,68.44,1.17,0.0,10.54,13.06,22.85,0.0,20,0.1,12.8,0.0,0.0,0.0458,0,0.0,,1200.0,26.9063,75.1839
PAN-3,2023-10-19,other,19.53,79.29,16.21,0.0,12.78,12.85,23.22,0.0,21,0.11,7.2,0.0,0.0164,0.0574,0,0.0,,1200.0,26.9063,75.1839
PAN-3,2023-10-20,other,22.78,72.06,8.35,0.0,12.78,12.63,23.63,0.0,22,0.04,1.6,0.0,0.0,0.0567,0,0.0,,1200.0,26.9063,75.1839
PAN-3,2023-10-21,other,22.29,66.89,6.08,0.0,10.52,12.43,24.01,0.0,23,5.57,8.3,5.19,0.0,0.1152,0,0.0,,1200.0,26.9063,75.1839
PAN-3,2023-10-22,other,20.95,74.76,11.95,0.0,12.22,12.21,24.44,0.0,24,0.0,0.0,0.0,0.0,0.1507,0,0.0,,1200.0,26.9063,75.1839
PAN-3,2023-10-23,other,19.38,66.23,10.91,0.0,10.9,12.0,24.88,0.0,25,6.85,9.4,6.49,0.1317,0.2052,0,0.0,,1200.0,26.9063,75.1839
PAN-3,2023-10-24,other,19.49,68.9,10.12,0.0,9.82,12.0,24.94,0.0,26,12.03,15.3,12.03,0.207,0.2279,0,0.0,,1200.0,26.9063,75.1839
PAN-3,2023-10-25,other,20.97,74.24,4.13,0.0,9.21,12.0,24.97,0.0,27,1.9,1.5,1.22,0.132,0.192,0,0.0,,1200.0,26.9063,75.1839
PAN-3,2023-10-26,other,20.51,52.14,11.33,0.0,9.1,12.0,25.07,0.0,28,0.21,11.9,0.0,0.1741,0.0893,0,0.0,,1200.0,26.9063,75.1839
PAN-3,2023-10-27,other,22.63,68.23,7.05,0.0,11.36,11.95,25.19,0.0,29,3.75,12.9,4.22,0.1389,0.0573,0,0.0,,1200.0,26.9063,75.1839
PAN-3,2023-10-28,other,16.54,67.04,1.63,0.0,10.44,11.98,25.41,0.0,30,9.96,15.6,10.83,0.1875,0.1878,0,0.0,,1200.0,26.9063,75.1839
PAN-3,2023-10-29,other,24.95,71.12,8.6,0.0,11.55,11.93,25.46,0.0,31,0.0,1.4,0.0,0.1575,0.1177,0,0.0,,1200.0,26.9063,75.1839
PAN-3,2023-10-30,other,20.18,65.4,11.35,0.0,10.17,11.93,25.41,0.0,32,0.0,7.8,0.0,0.186,0.1178,0,0.0,,1200.0,26.9063,75.1839
PAN-3,2023-10-31,other,23.14,62.97,8.79,0.0,11.32,11.92,25.31,0.0,33,0.0,18.7,0.0,0.2095,0.1331,0,0.0,,1200.0,26.9063,75.1839
PAN-3,2023-11-01,other,17.48,75.76,12.51,0.0,13.0,11.96,25.34,0.0,34,0.33,11.1,0.0,0.2149,0.1237,0,0.0,,1200.0,26.9063,75.1839
PAN-3,2023-11-02,other,20.71,74.1,0.7,0.0,9.15,11.98,25.6,0.0,35,5.42,12.5,7.26,0.2262,0.1941,0,0.0,,1200.0,26.9063,75.1839
PAN-3,2023-11-03,other,24.63,73.37,0.0,0.0,10.58,11.98,25.88,0.0,36,0.22,11.4,0.0,0.2818,0.0973,0,0.0,,1200.0,26.9063,75.1839
PAN-3,2023-11-04,other,19.97,64.3,4.7,0.0,10.32,11.95,26.07,0.19,37,12.9,23.1,12.29,0.2709,0.2551,0,0.0,,1200.0,26.9063,75.1839
PAN-3,2023-11-05,other,20.21,68.98,9.53,0.0,11.18,11.88,26.24,0.45,38,0.41,14.1,0.0,0.3334,0.1133,0,0.0,,1200.0,26.9063,75.1839
PAN-3,2023-11-06,other,19.46,66.75,5.96,0.0,10.2,11.82,26.48,0.66,39,0.0,5.1,0.0,0.312,0.0769,0,0.0,,1200.0,26.9063,75.1839
PAN-3,2023-11-07,other,22.84,64.16,6.49,0.0,10.73,11.74,26.64,0.98,40,0.58,15.5,0.0,0.3845,0.177,0,0.0,,1200.0,26.9063,75.1839
PAN-3,2023-11-08,other,20.19,70.45,11.7,0.0,11.54,11.65,26.81,1.33,41,0.0,17.9,0.0,0.3482,0.1347,0,0.0,,1200.0,26.9063,75.1839
PAN-3,2023-11-09,other,19.94,78.2,7.83,0.0,10.26,11.59,27.13,1.53,42,19.85,31.3,21.96,0.417,0.3188,0,0.0,,1200.0,26.9063,75.1839
PAN-3,2023-11-10,other,20.36,78.05,9.15,0.0,11.0,11.53,27.42,1.78,43,0.0,9.1,0.0,0.4381,0.1214,0,0.0,,1200.0,26.9063,75.1839
PAN-3,2023-11-11,other,21.16,68.54,11.27,0.0,11.9,11.4,27.61,2.25,44,0.0,19.1,0.0,0.5096,0.2316,0,0.0,,1200.0,26.9063,75.1839
PAN-3,2023-11-12,other,21.41,65.74,0.0,0.0,12.9,11.35,27.89,2.44,45,0.18,0.0,0.0,0.5793,0.1593,0,0.0,,1200.0,26.9063,75.1839
PAN-3,2023-11-13,other,20.31,64.6,0.0,0.0,11.21,11.3,27.9,2.62,46,8.97,14.9,6.61,0.5392,0.2355,0,0.0,,1200.0,26.9063,75.1839
PAN-3,2023-11-14,other,18.07,71.58,3.32,1.34,10.96,11.33,27.67,2.82,0,0.2,7.4,0.0,0.3403,0.2423,0,0.0,,1200.0,26.9063,75.1839
PAN-3,2023-11-15,other,19.57,62.72,15.19,0.0,11.7,11.08,27.8,3.47,1,3.08,1.3,2.59,0.3985,0.2339,0,0.0,,1200.0,26.9063,75.1839
PAN-3,2023-11-16,other,18.65,69.33,7.32,0.0,11.21,10.99,27.83,3.79,2,4.45,21.5,4.48,0.4618,0.2205,0,0.0,,1200.0,26.9063,75.1839
PAN-3,2023-11-17,other,20.02,69.89,2.86,0.0,9.15,10.93,27.88,4.0,3,10.71,18.3,11.03,0.5245,0.2544,0,0.0,,1200.0,26.9063,75.1839
PAN-3,2023-11-18,other,23.7,67.45,11.11,0.0,11.06,10.77,27.66,4.6,4,9.27,17.6,9.58,0.5464,0.2425,0,0.0,,1200.0,26.9063,75.1839
PAN-3,2023-11-19,other,18.42,62.26,6.15,0.0,10.78,10.68,27.78,4.94,5,0.0,3.7,0.0,0.6529,0.3149,0,0.0,,1200.0,26.9063,75.1839
PAN-3,2023-11-20,other,23.8,65.3,3.85,0.0,11.38,10.59,27.78,5.3,6,7.32,20.9,7.92,0.6983,0.2362,0,0.0,,1200.0,26.9063,75.1839
PAN-3,2023-11-21,other,22.83,74.29,10.21,0.0,11.0,10.48,27.76,5.72,7,20.5,24.5,16.97,0.6328,0.3911,0,0.0,,1200.0,26.9063,75.1839
PAN-3,2023-11-22,other,23.52,75.18,7.17,0.0,11.89,10.38,27.8,6.07,8,1.14,1.6,0.0,0.6892,0.3196,0,0.0,,1200.0,26.9063,75.1839
PAN-3,2023-11-23,other,20.78,59.11,15.1,0.0,12.43,10.17,27.5,6.87,9,0.7,6.7,0.0,0.6298,0.2439,0,0.0,,1200.0,26.9063,75.1839
PAN-3,2023-11-24,other,23.15,73.52,13.39,0.0,11.58,10.0,16.771500000000003,0.4,10,0.04,15.8,0.0,0.7673,0.3511,1,10612.8,harvest,1200.0,26.9063,75.1839
PAN-3,2023-11-25,other,20.82,80.04,11.32,0.0,9.88,11.89,14.7,0.0,11,0.0,10.7,0.0,0.0407,0.0,0,0.0,,1200.0,26.9063,75.1839
PAN-3,2023-11-26,other,21.99,70.27,7.1,7.97,8.03,12.51,13.97,0.0,0,0.54,10.9,0.0,0.0,0.0,0,0.0,,1200.0,26.9063,75.1839
PAN-3,2023-11-27,other,22.95,74.58,14.3,0.0,9.28,12.25,14.26,0.0,1,0.0,4.5,0.0,0.028,0.1833,0,0.0,,1200.0,26.9063,75.1839
PAN-3,2023-11-28,other,22.52,63.76,11.1,0.0,10.61,12.0,14.58,0.0,2,0.0,16.7,0.0,0.0268,0.0579,0,0.0,,1200.0,26.9063,75.1839
PAN-3,2023-11-29,other,22.22,67.65,9.11,0.0,12.55,12.0,14.66,0.0,3,15.76,24.9,18.1,0.0107,0.1614,0,0.0,,1200.0,26.9063,75.1839
PAN-3,2023-11-30,other,20.53,54.99,11.82,0.0,11.08,12.0,14.77,0.0,4,7.01,7.8,6.96,0.0,0.072,0,0.0,,1200.0,26.9063,75.1839
PAN-3,2023-12-01,other,18.91,66.79,8.75,0.0,11.64,12.0,14.83,0.0,5,5.05,21.2,5.46,0.0,0.0582,0,0.0,,1200.0,26.9063,75.1839
PAN-3,2023-12-02,other,25.09,50.59,2.19,0.0,11.45,12.0,14.9,0.0,6,0.0,15.7,0.0,0.0049,0.085,0,0.0,,1200.0,26.9063,75.1839
PAN-3,2023-12-03,other,19.33,65.94,14.29,0.0,11.91,12.0,14.99,0.0,7,1.68,0.0,0.87,0.0,0.0,0,0.0,,1200.0,26.9063,75.1839
PAN-3,2023-12-04,other,22.34,66.44,13.08,0.0,10.85,12.0,15.08,0.0,8,0.81,8.6,0.0,0.0,0.0533,0,0.0,,1200.0,26.9063,75.1839
PAN-3,2023-12-05,other,23.14,74.68,4.07,0.0,13.0,12.0,15.12,0.0,9,0.05,6.5,0.0,0.0086,0.0207,0,0.0,,1200.0,26.9063,75.1839
PAN-3,2023-12-06,other,21.67,65.22,5.58,0.0,10.4,12.0,15.18,0.0,10,0.09,12.0,0.0,0.0358,0.0309,0,0.0,,1200.0,26.9063,75.1839
PAN-3,2023-12-07,other,20.11,58.47,14.7,0.0,11.65,12.0,15.29,0.0,11,0.0,18.9,0.0,0.0411,0.0746,0,0.0,,1200.0,26.9063,75.1839
PAN-3,2023-12-08,other,19.66,69.44,7.94,0.0,9.95,12.0,15.34,0.0,12,0.0,0.0,0.0,0.0,0.0242,0,0.0,,1200.0,26.9063,75.1839
PAN-3,2023-12-09,other,22.75,66.75,5.29,0.0,12.73,12.0,15.4,0.0,13,4.5,8.6,3.49,0.0,0.0149,0,0.0,,1200.0,26.9063,75.1839
PAN-3,2023-12-10,other,19.62,57.63,12.11,0.0,10.95,12.0,15.5,0.0,14,0.0,5.4,0.0,0.0073,0.0068,0,0.0,,1200.0,26.9063,75.1839
PAN-3,2023-12-11,other,22.1,72.05,10.54,0.0,13.0,12.0,15.57,0.0,15,1.98,15.4,2.19,0.0,0.0629,0,0.0,,1200.0,26.9063,75.1839
PAN-3,2023-12-12,other,23.6,71.08,19.93,0.0,11.09,12.0,15.69,0.0,16,0.0,3.6,0.0,0.0345,0.0222,0,0.0,,1200.0,26.9063,75.1839
PAN-3,2023-12-13,other,24.76,53.49,3.2,0.0,11.95,12.0,15.77,0.0,17,0.23,12.7,0.43,0.0,0.0291,0,0.0,,1200.0,26.9063,75.1839
PAN-3,2023-12-14,other,25.1,68.64,6.69,0.0,10.05,12.0,15.84,0.0,18,0.14,12.3,0.0,0.005,0.0874,0,0.0,,1200.0,26.9063,75.1839
PAN-3,2023-12-15,other,22.93,56.71,5.49,0.0,10.49,12.0,15.91,0.0,19,14.08,18.4,15.8,0.0535,0.1525,0,0.0,,1200.0,26.9063,75.1839
PAN-3,2023-12-16,other,24.74,59.94,6.63,0.0,13.0,12.0,16.0,0.0,20,0.0,11.9,0.0,0.0,0.0722,0,0.0,,1200.0,26.9063,75.1839
PAN-3,2023-12-17,other,23.56,58.63,3.31,0.0,10.88,12.0,16.06,0.0,21,0.32,1.6,0.0,0.0,0.0,0,0.0,,1200.0,26.9063,75.1839
PAN-3,2023-12-18,other,21.95,72.43,11.73,0.0,11.13,12.0,16.13,0.0,22,1.55,15.1,1.77,0.0,0.0414,0,0.0,,1200.0,26.9063,75.1839
PAN-3,2023-12-19,other,21.27,65.08,1.35,0.0,10.02,12.0,16.16,0.0,23,0.0,9.3,0.0,0.0,0.0407,0,0.0,,1200.0,26.9063,75.1839
PAN-3,2023-12-20,other,21.8,63.41,9.82,0.0,12.89,12.0,16.25,0.0,24,0.37,0.0,0.0,0.0007,0.0123,0,0.0,,1200.0,26.9063,75.1839
PAN-3,2023-12-21,other,21.22,64.57,6.14,0.0,9.92,12.0,16.31,0.0,25,0.05,9.1,0.0,0.0536,0.067,0,0.0,,1200.0,26.9063,75.1839
PAN-3,2023-12-22,other,24.69,66.45,6.67,0.0,12.56,12.0,16.39,0.0,26,0.56,8.6,0.0,0.0564,0.0415,0,0.0,,1200.0,26.9063,75.1839
PAN-3,2023-12-23,other,23.25,64.55,2.17,0.0,11.92,12.0,16.44,0.0,27,0.0,8.4,0.0,0.0416,0.0,0,0.0,,1200.0,26.9063,75.1839
PAN-3,2023-12-24,other,24.94,57.0,4.86,12.88,10.85,13.01,15.16,0.0,0,6.34,14.6,6.33,0.0,0.0659,0,0.0,,1200.0,26.9063,75.1839
PAN-3,2023-12-25,other,22.7,65.42,4.34,0.0,13.0,12.81,15.39,0.0,1,5.21,15.6,5.85,0.0073,0.0411,0,0.0,,1200.0,26.9063,75.1839
PAN-3,2023-12-26,other,22.1,70.39,5.08,10.31,10.14,13.68,14.41,0.0,0,9.89,11.5,9.42,0.0,0.0935,0,0.0,,1200.0,26.9063,75.1839
PAN-3,2023-12-27,other,22.08,77.56,4.3,1.8,9.62,13.75,14.34,0.0,0,26.46,23.1,22.06,0.0,0.1037,0,0.0,,1200.0,26.9063,75.1839
PAN-3,2023-12-28,other,21.32,64.39,11.0,0.0,9.39,13.48,14.63,0.0,1,5.85,7.4,5.99,0.0283,0.0836,0,0.0,,1200.0,26.9063,75.1839
PAN-3,2023-12-29,other,20.62,40.87,5.86,0.0,12.43,13.15,15.0,0.0,2,28.99,39.3,28.41,0.0,0.2698,0,0.0,,1200.0,26.9063,75.1839
PAN-3,2023-12-30,other,24.95,69.33,4.56,0.0,8.53,12.98,15.2,0.0,3,6.9,10.1,6.4,0.0505,0.1368,0,0.0,,1200.0,26.9063,75.1839
PAN-3,2023-12-31,other,21.96,62.28,11.61,0.0,12.35,12.64,15.61,0.0,4,9.87,8.4,11.13,0.0499,0.1525,0,0.0,,1200.0,26.9063,75.1839
PAN-3,2024-01-01,other,25.01,81.37,19.28,2.97,8.86,12.68,15.57,0.0,0,5.58,11.4,5.9,0.0,0.0393,0,0.0,,1200.0,26.9063,75.1839
PAN-3,2024-01-02,other,24.37,75.39,18.68,5.66,7.15,12.94,15.25,0.0,0,25.66,24.2,22.91,0.0,0.274,0,0.0,,1200.0,26.9063,75.1839
PAN-3,2024-01-03,other,26.58,76.44,27.95,0.0,9.94,12.43,15.87,0.0,1,27.46,42.6,36.31,0.0442,0.2529,0,0.0,,1200.0,26.9063,75.1839
PAN-3,2024-01-04,other,22.33,70.81,21.47,11.13,9.17,13.16,14.99,0.0,0,29.24,25.4,25.4,0.0,0.2949,0,0.0,,1200.0,26.9063,75.1839
PAN-3,2024-01-05,other,23.28,81.48,31.65,0.0,9.85,12.8,15.41,0.0,1,40.33,39.9,31.7,0.053,0.1535,0,0.0,,1200.0,26.9063,75.1839
PAN-3,2024-01-06,other,22.21,55.56,27.91,0.0,10.18,12.06,16.36,0.0,2,34.31,41.3,34.07,0.071,0.2532,0,0.0,,1200.0,26.9063,75.1839
PAN-3,2024-01-07,other,27.37,83.25,28.31,0.0,8.88,12.0,16.53,0.0,3,44.61,43.9,40.11,0.0261,0.3332,0,0.0,,1200.0,26.9063,75.1839
PAN-3,2024-01-08,other,27.18,88.05,26.37,1.47,10.05,12.0,16.56,0.0,0,6.13,13.2,6.04,0.0225,0.1422,0,0.0,,1200.0,26.9063,75.1839
PAN-3,2024-01-09,other,24.38,69.32,28.9,0.0,9.38,12.0,16.73,0.0,1,38.52,29.8,29.22,0.0,0.3259,0,0.0,,1200.0,26.9063,75.1839
PAN-3,2024-01-10,other,22.11,86.63,34.86,0.0,8.26,12.0,16.8,0.0,2,2.89,7.1,3.48,0.0,0.0315,0,0.0,,1200.0,26.9063,75.1839
PAN-3,2024-01-11,other,25.2,85.09,24.25,2.24,8.0,12.0,16.81,0.0,0,35.47,33.0,33.66,0.0139,0.2984,0,0.0,,1200.0,26.9063,75.1839
PAN-3,2024-01-12,other,25.91,80.86,30.72,2.6,9.16,12.0,16.86,0.0,0,20.82,29.2,23.72,0.0464,0.165,0,0.0,,1200.0,26.9063,75.1839
PAN-3,2024-01-13,other,25.81,71.39,30.35,1.79,9.53,12.0,16.99,0.0,0,43.73,41.4,38.52,0.0219,0.3748,0,0.0,,1200.0,26.9063,75.1839
PAN-3,2024-01-14,other,27.33,80.42,39.8,0.0,9.32,12.0,17.16,0.0,1,10.01,28.5,8.85,0.0,0.1023,0,0.0,,1200.0,26.9063,75.1839
PAN-3,2024-01-15,other,24.11,81.5,34.33,1.55,7.62,12.0,17.22,0.0,0,10.01,18.5,9.69,0.0593,0.1354,0,0.0,,1200.0,26.9063,75.1839
PAN-3,2024-01-16,other,26.14,86.99,35.61,0.0,9.17,12.0,17.31,0.0,1,44.62,41.8,38.47,0.0,0.297,0,0.0,,1200.0,26.9063,75.1839
PAN-3,2024-01-17,other,22.9,68.63,33.38,11.21,8.96,12.51,16.6,0.0,0,7.83,15.5,9.34,0.0109,0.0,0,0.0,,1200.0,26.9063,75.1839
PAN-3,2024-01-18,other,25.5,81.95,43.04,1.52,9.94,12.14,17.11,0.0,0,20.94,35.3,21.51,0.0264,0.2041,0,0.0,,1200.0,26.9063,75.1839
PAN-3,2024-01-19,other,25.0,68.86,34.32,9.04,7.32,12.39,16.77,0.0,0,39.06,37.0,37.9,0.0,0.3229,0,0.0,,1200.0,26.9063,75.1839
PAN-3,2024-01-20,other,22.69,72.06,37.23,3.14,10.66,12.08,17.2,0.0,0,28.4,31.7,27.88,0.039,0.1928,0,0.0,,1200.0,26.9063,75.1839
PAN-3,2024-01-21,other,22.04,69.72,34.68,8.4,9.85,12.33,16.86,0.0,0,39.08,37.3,35.9,0.0471,0.2298,0,0.0,,1200.0,26.9063,75.1839
PAN-3,2024-01-22,other,25.3,63.38,37.34,0.0,9.73,12.0,17.5,0.0,1,6.01,18.1,7.41,0.0844,0.0,0,0.0,,1200.0,26.9063,75.1839
PAN-3,2024-01-23,other,23.81,75.0,39.73,9.76,9.47,12.37,16.97,0.0,0,37.63,46.0,35.99,0.0,0.2995,0,0.0,,1200.0,26.9063,75.1839
PAN-3,2024-01-24,other,26.65,68.73,33.17,7.52,10.1,12.34,17.01,0.0,0,40.37,53.5,47.7,0.0346,0.4036,0,0.0,,1200.0,26.9063,75.1839
PAN-3,2024-01-25,other,30.08,63.68,38.31,0.0,9.26,12.0,17.75,0.0,1,12.88,32.8,11.77,0.0,0.0914,0,0.0,,1200.0,26.9063,75.1839
PAN-3,2024-01-26,other,25.14,74.19,30.17,5.92,7.18,12.1,17.6,0.0,0,10.68,17.5,11.55,0.0,0.0889,0,0.0,,1200.0,26.9063,75.1839
PAN-3,2024-01-27,other,24.99,62.08,33.95,0.0,8.87,12.0,17.96,0.0,1,18.43,26.3,21.2,0.0256,0.1762,0,0.0,,1200.0,26.9063,75.1839
PAN-3,2024-01-28,other,26.66,84.39,30.75,7.69,12.45,12.37,17.42,0.0,0,32.41,30.8,32.89,0.0196,0.2601,0,0.0,,1200.0,26.9063,75.1839
PAN-3,2024-01-29,other,29.13,87.95,24.11,0.0,7.98,12.12,17.78,0.0,1,52.45,63.6,55.94,0.0,0.3888,0,0.0,,1200.0,26.9063,75.1839
PAN-3,2024-01-30,other,27.55,78.99,38.37,10.05,8.56,12.53,17.2,0.0,0,15.67,22.6,13.92,0.0709,0.1476,0,0.0,,1200.0,26.9063,75.1839
PAN-3,2024-01-31,other,27.25,66.51,40.99,9.24,8.88,12.46,17.3,0.0,0,30.46,41.7,31.21,0.0141,0.2346,0,0.0,,1200.0,26.9063,75.1839
PAN-3,2024-02-01,summer,28.83,68.32,37.72,9.23,8.64,12.43,17.34,0.0,0,5.11,1.1,5.33,0.0477,0.0812,0,0.0,,1200.0,26.9063,75.1839
PAN-3,2024-02-02,summer,27.2,68.6,32.34,0.0,9.47,12.0,18.06,0.0,1,52.49,57.8,54.74,0.0496,0.4998,0,0.0,,1200.0,26.9063,75.1839
PAN-3,2024-02-03,summer,28.64,70.68,32.49,2.18,7.93,12.0,18.21,0.0,0,39.21,46.1,47.97,0.0,0.3484,0,0.0,,1200.0,26.9063,75.1839
PAN-3,2024-02-04,summer,28.33,83.3,27.71,14.4,7.57,13.08,16.71,0.0,0,19.62,25.3,19.38,0.0342,0.1858,0,0.0,,1200.0,26.9063,75.1839
PAN-3,2024-02-05,summer,28.02,66.03,37.49,0.0,10.44,12.04,18.15,0.0,1,12.45,23.4,12.38,0.0,0.1384,0,0.0,,1200.0,26.9063,75.1839
PAN-3,2024-02-06,summer,28.15,80.11,32.73,7.46,9.27,12.26,17.82,0.0,0,19.82,30.8,16.31,0.0502,0.2012,0,0.0,,1200.0,26.9063,75.1839
PAN-3,2024-02-07,summer,31.06,73.12,33.72,0.0,7.99,12.0,18.37,0.0,1,30.98,31.3,26.22,0.0,0.2337,0,0.0,,1200.0,26.9063,75.1839
PAN-3,2024-02-08,summer,28.85,69.02,40.72,0.44,7.77,12.0,18.65,0.0,2,27.29,42.6,22.31,0.0,0.2123,0,0.0,,1200.0,26.9063,75.1839
PAN-3,2024-02-09,summer,28.22,64.04,27.35,13.75,10.85,12.51,17.89,0.0,0,14.98,28.3,17.25,0.0,0.1397,0,0.0,,1200.0,26.9063,75.1839
PAN-3,2024-02-10,summer,27.79,77.15,31.59,2.35,8.01,12.2,18.34,0.0,0,43.3,46.8,51.88,0.0529,0.398,0,0.0,,1200.0,26.9063,75.1839
PAN-3,2024-02-11,summer,30.05,71.24,30.03,9.81,7.97,12.43,17.99,0.0,0,12.57,15.6,12.43,0.0165,0.0794,0,0.0,,1200.0,26.9063,75.1839
PAN-3,2024-02-12,summer,27.58,66.0,38.99,0.0,10.56,12.0,18.82,0.0,1,22.23,14.5,21.15,0.0,0.1706,0,0.0,,1200.0,26.9063,75.1839
PAN-3,2024-02-13,summer,27.87,69.4,32.94,9.56,10.85,12.12,18.64,0.0,0,34.62,34.5,35.44,0.0272,0.2251,0,0.0,,1200.0,26.9063,75.1839
PAN-3,2024-02-14,summer,30.18,75.92,30.2,3.04,8.94,12.0,18.89,0.0,0,48.27,37.8,46.1,0.0,0.3738,0,0.0,,1200.0,26.9063,75.1839
PAN-3,2024-02-15,summer,30.37,51.63,32.32,3.15,11.62,12.0,19.25,0.0,0,34.03,41.5,37.95,0.026,0.2417,0,0.0,,1200.0,26.9063,75.1839
PAN-3,2024-02-16,summer,29.59,61.23,37.07,4.98,9.62,12.0,19.47,0.0,0,18.7,30.1,19.34,0.0096,0.2265,0,0.0,,1200.0,26.9063,75.1839
PAN-3,2024-02-17,summer,27.26,63.16,25.6,0.0,8.7,12.0,19.68,0.0,1,25.97,27.7,26.75,0.0608,0.1973,0,0.0,,1200.0,26.9063,75.1839
PAN-3,2024-02-18,summer,26.94,55.03,25.36,0.0,9.81,12.0,19.94,0.0,2,48.59,41.5,44.78,0.0,0.3617,0,0.0,,1200.0,26.9063,75.1839
PAN-3,2024-02-19,summer,27.41,77.94,25.93,0.39,9.87,12.0,20.08,0.0,3,18.36,31.8,26.26,0.0,0.2229,0,0.0,,1200.0,26.9063,75.1839
PAN-3,2024-02-20,summer,30.12,50.93,34.55,0.0,7.91,12.0,20.5,0.0,4,16.67,15.5,18.91,0.05,0.1064,0,0.0,,1200.0,26.9063,75.1839
PAN-3,2024-02-21,summer,28.26,67.15,25.24,2.01,10.96,12.0,20.66,0.0,0,11.89,25.2,12.65,0.0197,0.1359,0,0.0,,1200.0,26.9063,75.1839
PAN-3,2024-02-22,summer,29.24,61.74,30.39,0.0,10.15,12.0,20.96,0.0,1,26.28,26.4,23.14,0.0167,0.2451,0,0.0,,1200.0,26.9063,75.1839
PAN-3,2024-02-23,summer,28.6,61.15,22.01,3.66,11.18,12.0,21.09,0.0,0,24.41,24.8,23.28,0.0111,0.2153,0,0.0,,1200.0,26.9063,75.1839
PAN-3,2024-02-24,summer,30.84,51.32,33.63,7.59,12.1,12.0,21.36,0.0,0,22.86,25.3,22.89,0.055,0.249,0,0.0,,1200.0,26.9063,75.1839
PAN-3,2024-02-25,summer,33.16,69.98,21.92,2.05,8.95,12.0,21.52,0.0,0,9.59,14.7,10.69,0.0147,0.1545,0,0.0,,1200.0,26.9063,75.1839
PAN-3,2024-02-26,summer,30.01,53.54,29.63,0.0,10.68,12.0,21.9,0.0,1,9.82,21.2,9.58,0.0582,0.1232,0,0.0,,1200.0,26.9063,75.1839
PAN-3,2024-02-27,summer,30.96,55.33,29.69,0.0,10.39,12.0,22.29,0.0,2,18.33,11.7,18.83,0.0716,0.2889,0,0.0,,1200.0,26.9063,75.1839
PAN-3,2024-02-28,summer,29.81,39.79,28.05,7.77,9.82,12.0,22.52,0.0,0,37.71,49.1,41.16,0.0139,0.4172,0,0.0,,1200.0,26.9063,75.1839
PAN-3,2024-02-29,summer,29.72,46.1,27.21,5.71,10.89,12.0,22.76,0.0,0,19.45,23.6,26.39,0.0232,0.2718,0,0.0,,1200.0,26.9063,75.1839
PAN-3,2024-03-01,summer,32.41,58.92,31.29,3.13,10.55,12.0,23.07,0.0,0,10.68,21.8,9.46,0.0101,0.1822,0,0.0,,1200.0,26.9063,75.1839
PAN-3,2024-03-02,summer,31.74,40.71,23.95,0.0,11.13,12.0,23.53,0.0,1,0.75,8.1,0.0,0.0,0.1404,0,0.0,,1200.0,26.9063,75.1839
PAN-3,2024-03-03,summer,32.68,47.1,19.77,0.0,10.96,12.0,23.9,0.0,2,13.75,26.5,18.87,0.0033,0.2664,0,0.0,,1200.0,26.9063,75.1839
PAN-3,2024-03-04,summer,29.63,54.08,23.03,0.0,9.71,12.0,24.19,0.0,3,11.95,21.5,12.64,0.0,0.3108,0,0.0,,1200.0,26.9063,75.1839
PAN-3,2024-03-05,summer,27.62,43.49,17.65,0.0,7.67,12.0,24.43,0.0,4,0.21,2.0,1.1,0.0,0.0935,0,0.0,,1200.0,26.9063,75.1839
PAN-3,2024-03-06,summer,32.97,47.92,18.39,4.33,13.0,12.0,24.68,0.0,0,2.07,0.0,2.89,0.0597,0.1426,0,0.0,,1200.0,26.9063,75.1839
PAN-3,2024-03-07,summer,32.36,51.93,18.99,10.02,7.5,12.04,24.61,0.0,0,2.89,7.2,4.23,0.039,0.1012,0,0.0,,1200.0,26.9063,75.1839
PAN-3,2024-03-08,summer,31.82,50.13,12.17,0.0,10.34,12.0,24.91,0.0,1,9.61,6.6,10.01,0.0614,0.1484,0,0.0,,1200.0,26.9063,75.1839
PAN-3,2024-03-09,summer,28.52,60.14,17.67,0.0,11.47,12.0,25.12,0.0,2,6.48,12.7,5.79,0.1701,0.2473,0,0.0,,1200.0,26.9063,75.1839
PAN-3,2024-03-10,summer,28.09,54.9,17.18,0.0,10.6,11.83,24.49,0.0,3,28.28,35.9,28.04,0.0108,0.195,0,0.0,,1200.0,26.9063,75.1839
PAN-3,2024-03-11,summer,30.56,40.17,18.27,0.0,9.22,12.0,24.52,0.0,4,18.52,17.7,15.81,0.1086,0.233,0,0.0,,1200.0,26.9063,75.1839
PAN-3,2024-03-12,summer,27.49,40.01,15.08,0.0,10.54,12.0,24.77,0.0,5,7.37,16.3,7.11,0.0216,0.1095,0,0.0,,1200.0,26.9063,75.1839
PAN-3,2024-03-13,summer,28.89,33.22,19.73,0.0,9.66,12.0,25.13,0.0,6,21.25,24.7,22.92,0.1137,0.2446,0,0.0,,1200.0,26.9063,75.1839
PAN-3,2024-03-14,summer,28.57,47.05,11.97,0.0,10.81,11.84,24.56,0.0,7,27.05,21.4,23.55,0.1341,0.289,0,0.0,,1200.0,26.9063,75.1839
PAN-3,2024-03-15,summer,29.42,37.99,14.31,0.0,11.73,12.0,24.57,0.0,8,0.25,3.1,0.0,0.0762,0.1048,0,0.0,,1200.0,26.9063,75.1839
PAN-3,2024-03-16,summer,32.06,44.69,14.19,0.23,13.0,12.0,24.88,0.0,9,0.0,21.5,0.0,0.0836,0.1664,0,0.0,,1200.0,26.9063,75.1839
PAN-3,2024-03-17,summer,31.61,31.76,17.51,0.0,10.48,12.0,25.18,0.0,10,7.71,13.1,6.65,0.1749,0.137,0,0.0,,1200.0,26.9063,75.1839
PAN-3,2024-03-18,summer,33.46,51.93,8.66,0.0,13.0,11.83,24.57,0.0,11,0.0,8.5,0.0,0.1035,0.0235,0,0.0,,1200.0,26.9063,75.1839
PAN-3,2024-03-19,summer,31.95,39.35,11.58,0.0,10.54,12.0,24.54,0.0,12,6.02,14.0,6.96,0.0475,0.121,0,0.0,,1200.0,26.9063,75.1839
PAN-3,2024-03-20,summer,29.87,40.13,12.81,0.0,10.7,12.0,24.8,0.0,13,12.4,8.9,9.5,0.0951,0.2181,0,0.0,,1200.0,26.9063,75.1839
PAN-3,2024-03-21,summer,32.09,28.51,3.12,0.0,9.27,12.0,24.96,0.0,14,0.0,5.7,0.0,0.0762,0.1157,0,0.0,,1200.0,26.9063,75.1839
PAN-3,2024-03-22,summer,33.42,45.79,7.17,0.0,9.9,12.0,25.15,0.0,15,8.44,2.9,9.27,0.1113,0.1493,0,0.0,,1200.0,26.9063,75.1839
PAN-3,2024-03-23,summer,30.76,34.78,9.25,0.0,11.82,11.8,24.36,0.0,16,0.83,2.5,0.0,0.0,0.1607,0,0.0,,1200.0,26.9063,75.1839
PAN-3,2024-03-24,summer,33.28,34.97,9.05,0.0,11.68,12.0,24.29,0.0,17,0.0,10.1,0.0,0.0001,0.1684,0,0.0,,1200.0,26.9063,75.1839
PAN-3,2024-03-25,summer,33.72,38.24,19.84,0.0,9.35,12.0,24.72,0.0,18,6.46,20.0,8.59,0.148,0.1917,0,0.0,,1200.0,26.9063,75.1839
PAN-3,2024-03-26,summer,29.36,26.95,6.01,0.0,10.8,12.0,24.91,0.0,19,0.43,10.7,0.0,0.1335,0.0665,0,0.0,,1200.0,26.9063,75.1839
PAN-3,2024-03-27,summer,29.09,30.92,1.64,0.0,10.08,12.0,25.02,0.0,20,0.2,10.6,0.0,0.1106,0.1951,0,0.0,,1200.0,26.9063,75.1839
PAN-3,2024-03-28,summer,32.39,42.13,20.82,0.0,13.0,11.67,23.2,0.0,21,0.0,22.7,0.0,0.0285,0.0869,0,0.0,,1200.0,26.9063,75.1839
PAN-3,2024-03-29,summer,34.41,29.88,11.02,0.0,12.17,12.0,23.03,0.0,22,1.3,7.0,0.0,0.0,0.0909,0,0.0,,1200.0,26.9063,75.1839
PAN-3,2024-03-30,summer,33.63,28.29,8.04,0.0,9.42,12.0,23.3,0.0,23,0.0,0.0,0.0,0.0,0.0,0,0.0,,1200.0,26.9063,75.1839
PAN-3,2024-03-31,summer,30.47,51.08,10.46,0.0,8.94,12.0,23.48,0.0,24,12.38,23.4,11.91,0.0447,0.1804,0,0.0,,1200.0,26.9063,75.1839
PAN-3,2024-04-01,summer,31.11,25.84,3.49,0.0,13.0,12.0,23.67,0.0,25,0.0,9.7,0.0,0.0,0.0792,0,0.0,,1200.0,26.9063,75.1839
PAN-3,2024-04-02,summer,31.11,39.5,5.49,0.0,9.8,12.0,23.83,0.0,26,0.0,9.1,0.0,0.0,0.07,0,0.0,,1200.0,26.9063,75.1839
PAN-3,2024-04-03,summer,32.12,28.56,0.0,0.0,12.31,12.0,23.95,0.0,27,0.62,10.5,0.0,0.0464,0.0802,0,0.0,,1200.0,26.9063,75.1839
PAN-3,2024-04-04,summer,30.27,32.57,8.1,0.0,10.94,12.0,24.17,0.0,28,0.16,12.9,0.0,0.0,0.1691,0,0.0,,1200.0,26.9063,75.1839
PAN-3,2024-04-05,summer,31.88,36.86,6.12,0.0,9.71,12.0,24.36,0.0,29,1.39,7.4,2.11,0.0361,0.1367,0,0.0,,1200.0,26.9063,75.1839
PAN-3,2024-04-06,summer,31.03,31.35,9.38,0.0,10.37,12.0,24.61,0.0,30,1.58,20.3,2.28,0.0947,0.1026,0,0.0,,1200.0,26.9063,75.1839
PAN-3,2024-04-07,summer,36.41,36.41,5.65,0.0,10.68,12.0,24.85,0.0,31,5.55,28.0,5.85,0.1451,0.0865,0,0.0,,1200.0,26.9063,75.1839
PAN-3,2024-04-08,summer,32.43,34.26,4.26,0.0,9.72,12.0,25.02,0.0,32,12.37,13.4,12.87,0.1018,0.2218,0,0.0,,1200.0,26.9063,75.1839
PAN-3,2024-04-09,summer,33.34,32.23,7.91,0.0,10.64,11.81,24.14,0.0,33,27.51,27.8,24.4,0.0406,0.3208,0,0.0,,1200.0,26.9063,75.1839
PAN-3,2024-04-10,summer,29.28,35.86,8.5,0.0,11.93,12.0,24.03,0.0,34,5.72,14.4,5.41,0.0,0.1908,0,0.0,,1200.0,26.9063,75.1839
PAN-3,2024-04-11,summer,28.26,22.82,16.92,0.0,10.52,12.0,24.4,0.0,35,0.0,28.0,0.0,0.0366,0.1635,0,0.0,,1200.0,26.9063,75.1839
PAN-3,2024-04-12,summer,33.26,33.22,5.05,0.0,11.39,12.0,24.61,0.0,36,4.27,5.8,3.7,0.1481,0.124,0,0.0,,1200.0,26.9063,75.1839
PAN-3,2024-04-13,summer,33.29,23.92,0.79,0.0,12.8,12.0,24.76,0.0,37,9.2,16.3,9.93,0.0456,0.1925,0,0.0,,1200.0,26.9063,75.1839
PAN-3,2024-04-14,summer,31.67,34.2,7.9,0.0,10.71,12.0,24.99,0.0,38,6.72,11.0,5.81,0.1656,0.104,0,0.0,,1200.0,26.9063,75.1839
PAN-3,2024-04-15,summer,33.83,38.15,5.98,0.0,9.7,12.0,25.19,0.0,39,1.6,0.9,1.24,0.1374,0.0882,0,0.0,,1200.0,26.9063,75.1839
PAN-3,2024-04-16,summer,31.68,31.61,5.01,0.0,8.28,11.86,24.77,0.0,40,0.0,10.9,0.0,0.1448,0.1895,0,0.0,,1200.0,26.9063,75.1839
PAN-3,2024-04-17,summer,31.76,38.32,9.08,0.0,10.37,12.0,24.76,0.0,41,1.21,0.4,0.0,0.071,0.1002,0,0.0,,1200.0,26.9063,75.1839
PAN-3,2024-04-18,summer,34.23,34.3,4.93,0.0,9.09,12.0,24.96,0.0,42,4.45,7.7,4.68,0.1039,0.0894,0,0.0,,1200.0,26.9063,75.1839
PAN-3,2024-04-19,summer,30.5,35.4,6.12,0.0,10.71,12.0,25.14,0.0,43,0.0,8.8,0.0,0.1398,0.1404,0,0.0,,1200.0,26.9063,75.1839
PAN-3,2024-04-20,summer,31.58,40.98,5.62,0.0,9.54,11.87,24.76,0.0,44,0.0,5.3,0.0,0.0187,0.0928,0,0.0,,1200.0,26.9063,75.1839
PAN-3,2024-04-21,summer,32.75,38.23,12.02,0.0,10.63,12.0,24.83,0.0,45,1.39,8.8,0.0,0.1356,0.1413,0,0.0,,1200.0,26.9063,75.1839
PAN-3,2024-04-22,summer,35.26,28.91,12.32,0.0,10.04,12.0,25.22,0.0,46,3.63,4.2,4.23,0.1662,0.1266,0,0.0,,1200.0,26.9063,75.1839
PAN-3,2024-04-23,summer,33.57,33.75,6.48,0.0,9.59,11.82,24.56,0.0,47,0.2,1.6,0.0,0.118,0.1311,0,0.0,,1200.0,26.9063,75.1839
PAN-3,2024-04-24,summer,35.96,28.95,2.21,0.0,11.54,12.0,24.44,0.0,48,1.3,11.8,1.64,0.0,0.1003,0,0.0,,1200.0,26.9063,75.1839
PAN-3,2024-04-25,summer,34.85,31.96,20.8,0.0,10.77,12.0,24.11,0.0,49,2.14,3.8,1.82,0.0,0.0967,0,0.0,,1200.0,26.9063,75.1839
PAN-3,2024-04-26,summer,34.6,35.82,1.54,0.0,10.28,12.0,24.25,0.0,50,10.05,16.6,9.74,0.0761,0.1724,0,0.0,,1200.0,26.9063,75.1839
PAN-3,2024-04-27,summer,31.19,36.57,7.19,0.0,9.48,12.0,24.45,0.0,51,0.03,3.1,0.0,0.0519,0.109,0,0.0,,1200.0,26.9063,75.1839
PAN-3,2024-04-28,summer,30.87,39.07,7.25,5.42,9.55,12.0,24.48,0.0,0,11.05,15.2,10.35,0.0572,0.1774,0,0.0,,1200.0,26.9063,75.1839
PAN-3,2024-04-29,summer,32.72,48.17,0.32,0.0,10.08,12.0,24.56,0.0,1,0.0,2.5,0.0,0.0526,0.0485,0,0.0,,1200.0,26.9063,75.1839
PAN-3,2024-04-30,summer,31.17,37.73,0.74,0.0,11.94,12.0,24.67,0.0,2,0.12,3.7,0.0,0.0859,0.1347,0,0.0,,1200.0,26.9063,75.1839
